customer_id,gender,age,tenure_months,contract_type,monthly_charges,payment_method,internet_service,support_tickets,complaints,avg_monthly_usage_gb,login_frequency,discount_percent,satisfaction_score,late_payments,total_charges,churn,tenure_group,monthly_spend_after_discount,support_burden,payment_risk,engagement_level,satisfaction_level
CUST00001,Male,68,26,Two Year,1315.66,Debit Card,Unknown,2,2,310.0,30,20,1,1,27365.73,0,25-48 months,1052.528,4,3,High,Low
CUST00002,Female,64,48,One Year,4660.91,Credit Card,Fiber,3,1,226.32,9,15,8,0,190165.13,0,25-48 months,3961.7735,4,1,Low,High
CUST00003,Male,64,19,Monthly,966.19,Debit Card,Fiber,1,2,67.11,13,15,6,0,15603.97,0,13-24 months,821.2615000000001,3,2,Medium,Medium
CUST00004,Male,21,9,Monthly,2943.45,UPI,Fiber,1,0,408.99,8,5,4,2,25166.5,0,0-12 months,2796.2774999999997,1,2,Low,Medium
CUST00005,Male,24,64,One Year,1913.04,Bank Transfer,Fiber,4,2,147.09,17,15,6,1,104069.38,0,49-72 months,1626.0839999999998,6,3,Medium,Medium
CUST00006,Female,62,54,Monthly,1721.37,Credit Card,Fiber,3,1,303.33,16,10,2,2,83658.58,0,49-72 months,1549.233,4,3,Medium,Low
CUST00007,Male,52,51,One Year,3406.26,Debit Card,DSL,2,2,126.61,25,0,4,3,173719.26,0,49-72 months,3406.26,4,5,High,Medium
CUST00008,Male,65,39,Monthly,1540.57,Credit Card,DSL,1,1,299.52,16,0,8,0,60082.23,0,25-48 months,1540.57,2,1,Medium,High
CUST00009,Male,26,4,Monthly,4623.64,UPI,Unknown,2,1,69.18,21,5,4,1,17569.83,1,0-12 months,4392.4580000000005,3,2,High,Medium
CUST00010,Female,25,3,Monthly,2327.2,UPI,Fiber,2,1,329.47,30,20,5,2,5585.28,0,0-12 months,1861.76,3,3,High,Medium
CUST00011,Male,69,64,Two Year,3548.19,Debit Card,Fiber,5,1,288.72,8,0,2,0,227084.16,0,49-72 months,3548.19,6,1,Low,Low
CUST00012,Male,62,29,One Year,3774.9,Cash,Unknown,0,1,262.05,26,20,3,1,87577.68,0,25-48 months,3019.92,1,2,High,Low
CUST00013,Male,34,11,Two Year,3573.24,Credit Card,Fiber,2,0,112.46,10,0,3,1,39305.64,0,0-12 months,3573.24,2,1,Low,Low
CUST00014,Male,34,58,Two Year,4565.3,Credit Card,Fiber,2,0,266.93,12,5,2,0,251548.03,0,49-72 months,4337.035,2,0,Medium,Low
CUST00015,Female,66,27,Monthly,2706.835,UPI,Fiber,2,3,449.07,18,0,8,1,41582.43,0,25-48 months,2706.835,5,4,Medium,High
CUST00016,Male,50,21,Monthly,887.25,Credit Card,DSL,4,1,67.01,23,5,3,1,17700.64,0,13-24 months,842.8874999999999,5,2,High,Low
CUST00017,Female,49,39,One Year,749.6,Unknown,DSL,3,4,353.34,9,20,1,1,23387.52,0,25-48 months,599.6800000000001,7,5,Low,Low
CUST00018,Female,25,46,Two Year,4450.3,Bank Transfer,Unknown,3,0,61.29,23,10,2,0,184242.42,0,25-48 months,4005.2700000000004,3,0,High,Low
CUST00019,Female,36,66,Monthly,4879.79,UPI,Fiber,1,1,172.39,25,0,8,1,322066.14,0,49-72 months,4879.79,2,2,High,High
CUST00020,Male,55,36,Two Year,1861.37,Bank Transfer,DSL,2,0,343.5,4,10,1,0,60308.39,0,25-48 months,1675.233,2,0,Low,Low
CUST00021,Female,20,65,Monthly,3620.81,Credit Card,DSL,1,1,282.31,5,5,1,2,223585.02,1,49-72 months,3439.7695,2,3,Low,Low
CUST00022,Male,22,63,Monthly,540.11,Cash,Fiber,2,1,340.74,23,15,1,1,28922.89,0,49-72 months,459.0935,3,2,High,Low
CUST00023,Female,30,35,One Year,1348.84,Debit Card,Unknown,0,1,481.86,16,5,10,0,44848.93,0,25-48 months,1281.398,1,1,Medium,High
CUST00024,Female,64,31,Monthly,3601.73,Credit Card,DSL,3,1,484.96,1,5,8,1,106070.95,0,25-48 months,3421.6434999999997,4,2,Low,High
CUST00025,Female,63,28,Monthly,796.49,Debit Card,Unknown,1,1,457.86,18,15,6,1,18956.46,0,25-48 months,677.0165,2,2,Medium,Medium
CUST00026,Female,48,1,Monthly,2608.3,Credit Card,Unknown,1,0,249.94,18,20,7,3,2086.64,1,0-12 months,2086.6400000000003,1,3,Medium,Medium
CUST00027,Female,33,25,Monthly,3481.62,Credit Card,Fiber,3,0,173.82,26,10,4,1,78336.45,0,25-48 months,3133.458,3,1,High,Medium
CUST00028,Female,67,43,One Year,3946.81,Credit Card,DSL,1,0,143.4,25,15,8,0,144255.91,0,25-48 months,3354.7884999999997,1,0,High,High
CUST00029,Female,49,67,Two Year,2542.17,UPI,Fiber,3,2,289.97,19,5,2,2,161809.12,1,49-72 months,2415.0615,5,4,Medium,Low
CUST00030,Female,39,63,Two Year,3336.28,Bank Transfer,DSL,2,1,229.52,9,10,9,2,189167.08,0,49-72 months,3002.652,3,3,Low,High
CUST00031,Male,46,51,One Year,2928.09,Cash,DSL,3,1,497.29,1,0,4,3,149332.59,0,49-72 months,2928.09,4,4,Low,Medium
CUST00032,Male,39,2,Monthly,735.38,Bank Transfer,DSL,4,0,270.11,27,5,1,1,1397.22,0,0-12 months,698.611,4,1,High,Low
CUST00033,Female,60,64,Monthly,3842.62,Unknown,Unknown,0,0,167.85,3,0,2,3,245927.68,0,49-72 months,3842.62,0,3,Low,Low
CUST00034,Female,20,69,Monthly,1275.63,Debit Card,DSL,0,1,319.8,26,0,8,0,88018.47,0,49-72 months,1275.63,1,1,High,High
CUST00035,Female,27,9,Monthly,643.12,Unknown,Fiber,1,1,26.64,2,10,9,1,5209.27,0,0-12 months,578.808,2,2,Low,High
CUST00036,Male,59,2,Monthly,2530.26,UPI,Fiber,5,1,59.84,2,0,5,0,5060.52,0,0-12 months,2530.26,6,1,Low,Medium
CUST00037,Female,38,34,Two Year,4395.37,Credit Card,DSL,3,0,333.51,17,0,4,2,149442.58,0,25-48 months,4395.37,3,2,Medium,Medium
CUST00038,Male,33,60,Two Year,1178.73,Bank Transfer,Fiber,1,2,66.05,6,0,10,1,70723.8,0,49-72 months,1178.73,3,3,Low,High
CUST00039,Male,29,61,Monthly,557.86,Cash,Fiber,2,1,378.93,5,10,7,0,30626.51,0,49-72 months,502.074,3,1,Low,Medium
CUST00040,Male,19,31,One Year,994.91,Debit Card,Fiber,4,0,35.64,30,5,2,2,29300.1,0,25-48 months,945.1645,4,2,High,Low
CUST00041,Male,58,10,Monthly,2136.47,UPI,Fiber,2,2,298.98,28,15,7,2,18159.99,1,0-12 months,1815.9994999999997,4,4,High,Medium
CUST00042,Male,41,36,One Year,3110.77,Credit Card,Fiber,1,1,340.85,21,5,9,0,106388.33,0,25-48 months,2955.2315,2,1,High,High
CUST00043,Female,52,49,One Year,1368.55,Cash,DSL,2,1,390.9,11,5,2,2,63706.0,0,49-72 months,1300.1225,3,3,Medium,Low
CUST00044,Female,47,70,Monthly,4108.84,Bank Transfer,DSL,3,0,443.42,9,5,8,2,273237.86,0,49-72 months,3903.398,3,2,Low,High
CUST00045,Female,47,49,Monthly,3889.84,Cash,Fiber,1,0,159.56,22,15,6,0,162011.84,0,49-72 months,3306.364,1,0,High,Medium
CUST00046,Female,64,3,Two Year,3631.39,UPI,Fiber,3,2,360.99,25,0,6,2,10894.17,1,0-12 months,3631.39,5,4,High,Medium
CUST00047,Female,52,5,One Year,2693.61,Debit Card,Fiber,0,2,44.96,4,0,4,4,13468.05,0,0-12 months,2693.61,2,6,Low,Medium
CUST00048,Male,36,61,Two Year,2143.48,Bank Transfer,DSL,3,0,415.75,7,10,9,3,117677.05,0,49-72 months,1929.132,3,3,Low,High
CUST00049,Female,67,26,Two Year,2190.14,Debit Card,Fiber,1,0,445.66,13,15,8,0,48402.09,0,25-48 months,1861.619,1,0,Medium,High
CUST00050,Female,25,72,Two Year,2763.82,Cash,Fiber,0,3,375.59,16,5,7,1,189045.29,0,49-72 months,2625.629,3,4,Medium,Medium
CUST00051,Male,43,5,Monthly,847.92,Cash,Unknown,2,1,144.26,27,0,5,1,4239.6,1,0-12 months,847.92,3,2,High,Medium
CUST00052,Female,66,15,Monthly,3570.37,Credit Card,Unknown,2,1,35.86,20,10,5,0,48200.0,1,13-24 months,3213.333,3,1,Medium,Medium
CUST00053,Male,57,16,Monthly,2081.78,Bank Transfer,DSL,4,1,213.69,17,20,2,0,26646.78,1,13-24 months,1665.4240000000002,5,1,Medium,Low
CUST00054,Female,24,1,Monthly,1511.41,Cash,Fiber,3,0,138.96,20,5,5,0,1435.84,0,0-12 months,1435.8395,3,0,Medium,Medium
CUST00055,Male,47,16,Monthly,1752.47,UPI,Fiber,2,0,267.44,2,0,3,2,28039.52,0,13-24 months,1752.47,2,2,Low,Low
CUST00056,Female,24,37,One Year,1311.32,UPI,Fiber,2,1,199.96,5,0,7,1,48518.84,0,25-48 months,1311.32,3,2,Low,Medium
CUST00057,Female,20,3,One Year,4557.06,Debit Card,Unknown,0,0,72.31,27,20,9,2,10936.94,0,0-12 months,3645.6480000000006,0,2,High,High
CUST00058,Male,18,52,Monthly,1260.67,UPI,DSL,1,0,419.16,18,15,10,1,55721.61,0,49-72 months,1071.5695,1,1,Medium,High
CUST00059,Male,53,47,Two Year,4473.17,Cash,Fiber,2,0,433.01,13,0,6,1,210238.99,0,25-48 months,4473.17,2,1,Medium,Medium
CUST00060,Male,42,13,Monthly,3075.1,UPI,Fiber,2,3,407.51,18,0,10,1,39976.3,1,13-24 months,3075.1,5,4,Medium,High
CUST00061,Male,54,55,Monthly,4403.53,Bank Transfer,Unknown,1,2,109.13,28,15,7,0,205865.03,1,49-72 months,3743.0004999999996,3,2,High,Medium
CUST00062,Male,18,21,One Year,2633.29,Debit Card,Fiber,4,1,217.1,11,20,7,0,44239.27,0,13-24 months,2106.632,5,1,Medium,Medium
CUST00063,Male,32,66,One Year,4674.35,Bank Transfer,Unknown,1,2,89.88,14,5,7,0,293081.74,0,49-72 months,4440.6325,3,2,Medium,Medium
CUST00064,Male,54,54,Monthly,1451.71,Cash,Fiber,4,1,334.28,12,0,4,1,78392.34,0,49-72 months,1451.71,5,2,Medium,Medium
CUST00065,Male,30,27,Monthly,2996.11,Cash,Fiber,1,1,403.47,4,0,6,0,80894.97,0,25-48 months,2996.11,2,1,Low,Medium
CUST00066,Female,57,38,One Year,1066.27,UPI,DSL,2,1,292.86,7,10,7,1,36466.43,0,25-48 months,959.643,3,2,Low,Medium
CUST00067,Female,25,58,Monthly,2512.49,Credit Card,DSL,1,2,275.32,13,10,10,0,131151.98,0,49-72 months,2261.241,3,2,Medium,High
CUST00068,Male,22,62,Monthly,3064.57,Credit Card,Unknown,1,2,358.91,19,10,4,1,72487.86,1,49-72 months,2758.1130000000003,3,3,Medium,Medium
CUST00069,Female,26,46,One Year,3225.54,Cash,DSL,1,1,61.21,11,0,9,0,148374.84,0,25-48 months,3225.54,2,1,Medium,High
CUST00070,Female,18,11,Monthly,2144.88,Cash,Fiber,4,2,127.59,28,0,9,1,23593.68,1,0-12 months,2144.88,6,3,High,High
CUST00071,Female,53,72,Monthly,843.51,Debit Card,DSL,2,4,160.27,7,0,4,2,72487.86,0,49-72 months,843.51,6,6,Low,Medium
CUST00072,Female,52,8,Monthly,3448.97,Cash,DSL,1,2,268.59,27,15,8,1,23453.0,0,0-12 months,2931.6245,3,3,High,High
CUST00073,Male,19,71,Two Year,2697.94,Cash,DSL,0,2,488.13,25,5,8,0,181976.05,0,49-72 months,2563.043,2,2,High,High
CUST00074,Female,57,64,Two Year,1115.95,Debit Card,Fiber,2,2,432.19,15,10,2,1,64278.72,0,49-72 months,1004.355,4,3,Medium,Low
CUST00075,Male,40,21,Monthly,4711.44,Bank Transfer,Fiber,4,0,127.29,19,15,6,0,84099.2,1,13-24 months,4004.7239999999997,4,0,Medium,Medium
CUST00076,Female,26,72,Monthly,4800.51,Bank Transfer,Fiber,0,2,120.33,20,5,9,1,328354.88,0,49-72 months,4560.4845,2,3,Medium,High
CUST00077,Female,51,63,Monthly,4354.73,Debit Card,DSL,1,1,220.65,17,5,8,1,260630.59,0,49-72 months,4136.9935,2,2,Medium,High
CUST00078,Female,63,64,Monthly,4297.41,Debit Card,Fiber,1,1,487.45,23,0,1,0,275034.24,1,49-72 months,4297.41,2,1,High,Low
CUST00079,Male,31,20,Monthly,944.02,Bank Transfer,Fiber,2,1,80.46,1,0,5,1,18880.4,0,13-24 months,944.02,3,2,Low,Medium
CUST00080,Female,21,8,One Year,4970.39,Bank Transfer,DSL,2,1,478.69,29,0,5,0,39763.12,0,0-12 months,4970.39,3,1,High,Medium
CUST00081,Male,47,58,Monthly,2301.71,Bank Transfer,Fiber,1,0,99.26,12,5,9,2,126824.22,0,49-72 months,2186.6245,1,2,Medium,High
CUST00082,Female,48,46,Monthly,1234.05,Bank Transfer,DSL,1,0,443.79,19,10,2,0,51089.67,0,25-48 months,1110.645,1,0,Medium,Low
CUST00083,Male,55,31,Monthly,4154.46,UPI,Unknown,6,0,415.99,30,10,5,2,115909.43,1,25-48 months,3739.014,6,2,High,Medium
CUST00084,Female,28,9,Monthly,1515.79,Debit Card,Fiber,1,0,441.75,25,15,1,4,11595.79,1,0-12 months,1288.4215,1,4,High,Low
CUST00085,Male,52,15,Monthly,2867.79,Credit Card,Fiber,1,1,446.42,28,0,8,0,43016.85,0,13-24 months,2867.79,2,1,High,High
CUST00086,Male,25,26,Monthly,1076.07,UPI,Fiber,3,1,112.98,5,10,8,0,25180.04,0,25-48 months,968.463,4,1,Low,High
CUST00087,Female,20,10,One Year,2635.91,Credit Card,DSL,0,1,390.46,10,0,2,0,26359.1,0,0-12 months,2635.91,1,1,Low,Low
CUST00088,Male,31,29,One Year,3011.64,Credit Card,DSL,1,2,342.63,26,20,10,4,69870.05,0,25-48 months,2409.312,3,6,High,High
CUST00089,Female,30,36,Monthly,2506.66,Cash,Fiber,1,2,440.07,11,5,1,2,85727.77,1,25-48 months,2381.3269999999998,3,4,Medium,Low
CUST00090,Female,62,37,One Year,812.69,Debit Card,Fiber,4,0,247.71,16,10,3,1,27062.58,1,25-48 months,731.421,4,1,Medium,Low
CUST00091,Female,49,71,Monthly,2682.23,UPI,DSL,1,3,209.66,18,5,9,1,180916.41,0,49-72 months,2548.1185,4,4,Medium,High
CUST00092,Female,51,23,Monthly,2610.24,Debit Card,Fiber,1,0,364.48,9,0,7,3,60035.52,0,13-24 months,2610.24,1,3,Low,Medium
CUST00093,Female,62,41,One Year,1677.29,Bank Transfer,DSL,3,2,138.57,22,10,7,1,61892.0,0,25-48 months,1509.561,5,3,High,Medium
CUST00094,Female,36,28,Monthly,4647.21,Debit Card,DSL,0,1,410.93,9,15,10,1,110603.6,0,25-48 months,3950.1285,1,2,Low,High
CUST00095,Female,55,48,One Year,2380.07,Credit Card,DSL,5,0,146.56,28,0,4,1,114243.36,0,25-48 months,2380.07,5,1,High,Medium
CUST00096,Female,33,38,One Year,4388.52,Bank Transfer,Unknown,1,2,26.39,27,15,5,0,141749.2,0,25-48 months,3730.242,3,2,High,Medium
CUST00097,Female,19,31,Two Year,993.49,Debit Card,Fiber,4,2,277.98,14,0,7,1,30798.19,0,25-48 months,993.49,6,3,Medium,Medium
CUST00098,Female,57,14,Two Year,1934.95,Debit Card,Fiber,2,1,418.81,20,0,2,2,27089.3,0,13-24 months,1934.95,3,3,Medium,Low
CUST00099,Female,34,29,Monthly,1293.49,Credit Card,DSL,3,0,346.78,6,10,3,0,33760.09,0,25-48 months,1164.141,3,0,Low,Low
CUST00100,Male,51,51,Two Year,2337.85,Bank Transfer,Fiber,3,1,494.7,12,0,3,1,119230.35,0,49-72 months,2337.85,4,2,Medium,Low
CUST00101,Male,59,49,One Year,1002.37,Credit Card,DSL,3,2,74.66,23,10,7,3,44204.52,0,49-72 months,902.133,5,5,High,Medium
CUST00102,Female,33,43,One Year,2484.66,Debit Card,Unknown,1,0,175.56,11,5,7,1,101498.36,0,25-48 months,2360.4269999999997,1,1,Medium,Medium
CUST00103,Female,55,72,Monthly,2092.42,UPI,Unknown,1,0,193.07,30,0,6,4,150654.24,0,49-72 months,2092.42,1,4,High,Medium
CUST00104,Female,19,5,Two Year,1504.92,UPI,DSL,1,4,33.78,22,0,1,1,7524.6,0,0-12 months,1504.92,5,5,High,Low
CUST00105,Female,19,42,Monthly,3389.81,Cash,Unknown,2,0,26.29,4,10,10,0,128134.82,0,25-48 months,3050.829,2,0,Low,High
CUST00106,Female,43,7,Two Year,4779.1,UPI,Fiber,3,0,19.58,24,15,8,1,28435.65,0,0-12 months,4062.235,3,1,High,High
CUST00107,Female,30,42,Monthly,1432.01,Bank Transfer,Fiber,1,2,207.4,6,10,10,0,54129.98,0,25-48 months,1288.809,3,2,Low,High
CUST00108,Female,64,36,One Year,3703.06,Cash,Fiber,1,1,423.16,18,10,10,0,119979.14,0,25-48 months,3332.754,2,1,Medium,High
CUST00109,Female,48,27,Monthly,3840.71,Bank Transfer,Fiber,3,0,356.27,29,15,4,1,88144.29,0,25-48 months,3264.6035,3,1,High,Medium
CUST00110,Male,51,58,Monthly,2741.54,UPI,Fiber,3,0,226.15,28,5,8,2,151058.85,0,49-72 months,2604.4629999999997,3,2,High,High
CUST00111,Female,56,46,Monthly,4539.51,UPI,Unknown,3,0,135.69,6,0,7,0,208817.46,0,25-48 months,4539.51,3,0,Low,Medium
CUST00112,Male,20,66,Monthly,4848.76,Debit Card,DSL,0,0,12.71,1,5,1,0,304017.25,1,49-72 months,4606.322,0,0,Low,Low
CUST00113,Female,25,25,Monthly,2130.11,Bank Transfer,DSL,4,1,91.81,25,20,7,0,42602.2,0,25-48 months,1704.0880000000002,5,1,High,Medium
CUST00114,Female,40,27,Monthly,3429.65,Credit Card,Fiber,1,1,196.66,10,5,4,0,87970.52,1,25-48 months,3258.1675,2,1,Low,Medium
CUST00115,Male,31,1,One Year,3479.96,Debit Card,Fiber,2,2,188.38,12,15,5,1,2957.97,0,0-12 months,2957.966,4,3,Medium,Medium
CUST00116,Female,44,42,Two Year,2316.36,Bank Transfer,Unknown,5,1,133.38,7,10,6,1,87558.41,1,25-48 months,2084.724,6,2,Low,Medium
CUST00117,Male,46,52,One Year,1925.56,Cash,DSL,0,0,498.58,24,10,5,1,90116.21,0,49-72 months,1733.004,0,1,High,Medium
CUST00118,Female,56,25,Monthly,4701.85,Bank Transfer,DSL,3,1,226.45,28,0,2,0,117546.25,0,25-48 months,4701.85,4,1,High,Low
CUST00119,Female,70,54,Monthly,4054.92,Cash,Unknown,2,0,137.58,11,5,8,1,208017.4,0,49-72 months,3852.174,2,1,Medium,High
CUST00120,Male,56,67,Monthly,1015.09,Cash,DSL,4,2,206.5,20,10,8,2,61209.93,0,49-72 months,913.581,6,4,Medium,High
CUST00121,Female,18,6,Two Year,1039.48,UPI,DSL,3,1,143.31,24,10,5,0,5613.19,1,0-12 months,935.532,4,1,High,Medium
CUST00122,Male,34,58,Two Year,4651.44,Credit Card,Fiber,2,0,179.29,28,15,5,1,229315.99,0,49-72 months,3953.7239999999997,2,1,High,Medium
CUST00123,Female,58,70,Monthly,866.34,Bank Transfer,Fiber,0,0,67.31,1,0,7,0,60643.8,0,49-72 months,866.34,0,0,Low,Medium
CUST00124,Male,47,53,Monthly,3597.9,Credit Card,DSL,3,1,5.42,27,10,2,1,171619.83,1,49-72 months,3238.11,4,2,High,Low
CUST00125,Male,70,66,Two Year,1520.41,Cash,Fiber,1,1,248.35,16,0,5,3,100347.06,0,49-72 months,1520.41,2,4,Medium,Medium
CUST00126,Female,30,58,Two Year,658.33,UPI,DSL,1,1,247.13,4,0,1,0,38183.14,0,49-72 months,658.33,2,1,Low,Low
CUST00127,Female,38,2,Two Year,768.37,Credit Card,Fiber,4,1,82.7,6,10,4,0,1383.07,0,0-12 months,691.533,5,1,Low,Medium
CUST00128,Male,36,22,Two Year,2180.85,Debit Card,Fiber,2,0,417.18,10,20,8,2,38382.96,0,13-24 months,1744.68,2,2,Low,High
CUST00129,Female,70,37,Monthly,849.15,Cash,Fiber,3,1,99.94,7,20,1,0,25134.84,0,25-48 months,679.32,4,1,Low,Low
CUST00130,Female,36,20,Monthly,3184.88,Debit Card,Fiber,0,2,386.24,12,5,10,0,60512.72,0,13-24 months,3025.636,2,2,Medium,High
CUST00131,Female,42,24,Monthly,3412.65,Credit Card,Unknown,3,1,99.18,19,10,1,0,73713.24,1,13-24 months,3071.385,4,1,Medium,Low
CUST00132,Male,39,65,Monthly,2180.61,Credit Card,Fiber,0,1,144.23,10,10,4,2,127565.68,0,49-72 months,1962.5490000000002,1,3,Low,Medium
CUST00133,Male,48,65,Monthly,3842.95,Credit Card,DSL,3,1,138.59,26,10,10,0,224812.58,0,49-72 months,3458.6549999999997,4,1,High,High
CUST00134,Male,34,1,Monthly,2705.19,Bank Transfer,Fiber,3,1,118.65,2,10,5,0,2434.67,1,0-12 months,2434.6710000000003,4,1,Low,Medium
CUST00135,Male,40,3,Monthly,2436.03,Cash,Fiber,3,1,476.52,9,5,9,0,6942.69,0,0-12 months,2314.2285,4,1,Low,High
CUST00136,Male,49,46,Monthly,2331.45,Cash,Fiber,6,0,135.41,1,15,5,2,91159.7,1,25-48 months,1981.7324999999998,6,2,Low,Medium
CUST00137,Male,27,55,Monthly,2439.98,Cash,Unknown,2,0,245.06,10,5,1,0,127488.95,0,49-72 months,2317.9809999999998,2,0,Low,Low
CUST00138,Male,27,64,Monthly,4855.49,Bank Transfer,Fiber,5,1,368.91,30,0,3,1,310751.36,0,49-72 months,4855.49,6,2,High,Low
CUST00139,Male,53,45,Monthly,3566.33,Credit Card,DSL,4,1,162.97,1,20,4,0,128387.88,0,25-48 months,2853.0640000000003,5,1,Low,Medium
CUST00140,Male,25,26,Two Year,1918.44,Credit Card,Fiber,2,1,10.79,26,0,7,1,49879.44,0,25-48 months,1918.44,3,2,High,Medium
CUST00141,Female,69,65,Two Year,3802.37,Debit Card,Fiber,3,1,382.04,2,20,2,1,197723.24,0,49-72 months,3041.896,4,2,Low,Low
CUST00142,Male,37,24,Monthly,1986.2,Bank Transfer,DSL,3,1,145.6,5,0,4,0,47668.8,0,13-24 months,1986.2,4,1,Low,Medium
CUST00143,Female,49,35,Monthly,1065.72,UPI,DSL,2,0,437.23,17,15,8,0,31705.17,0,25-48 months,905.862,2,0,Medium,High
CUST00144,Female,67,24,Monthly,2639.12,Bank Transfer,DSL,2,2,248.12,13,10,5,0,57004.99,0,13-24 months,2375.208,4,2,Medium,Medium
CUST00145,Female,31,28,One Year,3879.61,Debit Card,Fiber,1,1,314.08,6,5,6,0,103197.63,0,25-48 months,3685.6295,2,1,Low,Medium
CUST00146,Male,67,16,Monthly,2199.47,Debit Card,Fiber,1,2,475.73,30,15,3,1,29912.79,1,13-24 months,1869.5494999999999,3,3,High,Low
CUST00147,Male,45,59,Monthly,4411.28,Debit Card,Fiber,2,1,435.63,24,5,4,1,247252.24,1,49-72 months,4190.715999999999,3,2,High,Medium
CUST00148,Male,63,54,Two Year,2241.29,Credit Card,Unknown,1,0,397.36,10,15,9,1,102875.21,0,49-72 months,1905.0964999999999,1,1,Low,High
CUST00149,Male,69,16,Monthly,2074.28,UPI,Fiber,3,2,267.71,2,10,2,1,29869.63,0,13-24 months,1866.8520000000003,5,3,Low,Low
CUST00150,Female,70,15,Monthly,4992.1,Debit Card,Unknown,0,0,88.8,5,0,3,1,74881.5,0,13-24 months,4992.1,0,1,Low,Low
CUST00151,Male,41,11,Monthly,2671.12,Cash,Fiber,1,0,421.32,19,0,2,0,29382.32,1,0-12 months,2671.12,1,0,Medium,Low
CUST00152,Male,32,65,Monthly,4123.5,Credit Card,DSL,2,0,51.5,2,5,2,1,254626.12,1,49-72 months,3917.325,2,1,Low,Low
CUST00153,Male,39,68,Monthly,4122.45,UPI,Fiber,3,2,444.29,30,15,9,1,238277.61,0,49-72 months,3504.0824999999995,5,3,High,High
CUST00154,Male,47,43,Two Year,2706.835,Cash,Fiber,0,0,384.3,22,0,8,1,200752.38,0,25-48 months,2706.835,0,1,High,High
CUST00155,Male,21,69,Monthly,2706.835,UPI,Fiber,1,1,402.71,1,0,7,1,60860.07,0,49-72 months,2706.835,2,2,Low,Medium
CUST00156,Female,30,13,One Year,1720.49,UPI,Fiber,3,0,191.71,28,10,9,0,20129.73,0,13-24 months,1548.441,3,0,High,High
CUST00157,Male,40,10,Monthly,3954.87,Cash,Unknown,0,0,47.06,8,10,8,0,35593.83,0,0-12 months,3559.383,0,0,Low,High
CUST00158,Female,25,41,Monthly,3031.71,Bank Transfer,DSL,2,0,364.84,15,0,9,2,124300.11,0,25-48 months,3031.71,2,2,Medium,High
CUST00159,Male,35,50,Monthly,3018.27,UPI,DSL,2,0,489.14,6,15,2,0,128276.48,0,49-72 months,2565.5295,2,0,Low,Low
CUST00160,Female,29,71,Monthly,1247.97,Bank Transfer,Fiber,1,0,429.91,4,0,7,0,88605.87,0,49-72 months,1247.97,1,0,Low,Medium
CUST00161,Male,48,59,Monthly,1765.19,UPI,Unknown,2,2,421.49,12,0,9,2,104146.21,0,49-72 months,1765.19,4,4,Medium,High
CUST00162,Male,31,39,Monthly,2846.0,Cash,Fiber,2,2,317.99,16,10,9,0,72487.86,0,25-48 months,2561.4,4,2,Medium,High
CUST00163,Female,51,3,Two Year,1747.32,UPI,Unknown,3,3,62.55,21,5,8,0,4979.86,0,0-12 months,1659.954,6,3,High,High
CUST00164,Female,35,7,Monthly,1446.27,Debit Card,Fiber,4,1,432.32,2,0,1,1,10123.89,1,0-12 months,1446.27,5,2,Low,Low
CUST00165,Female,51,49,Monthly,894.9,Debit Card,Fiber,0,1,114.91,8,15,3,0,37272.58,0,49-72 months,760.665,1,1,Low,Low
CUST00166,Male,28,26,Monthly,1200.77,UPI,Unknown,0,0,135.93,22,0,8,2,31220.02,0,25-48 months,1200.77,0,2,High,High
CUST00167,Female,58,33,Monthly,3959.9,Cash,Fiber,2,1,379.15,6,0,3,0,130676.7,0,25-48 months,3959.9,3,1,Low,Low
CUST00168,Male,29,48,Monthly,3734.51,Cash,Unknown,1,0,359.87,3,15,4,3,152368.01,0,25-48 months,3174.3335,1,3,Low,Medium
CUST00169,Male,66,2,Monthly,706.25,Credit Card,Fiber,2,1,40.92,1,0,10,0,1412.5,0,0-12 months,706.25,3,1,Low,High
CUST00170,Female,32,71,Monthly,1414.78,Cash,DSL,1,0,129.72,8,15,2,0,85381.97,0,49-72 months,1202.5629999999999,1,0,Low,Low
CUST00171,Female,48,32,Monthly,3022.05,Bank Transfer,Unknown,1,1,409.75,12,0,3,0,96705.6,1,25-48 months,3022.05,2,1,Medium,Low
CUST00172,Male,66,4,One Year,1951.83,UPI,DSL,2,0,475.04,7,0,5,2,7807.32,0,0-12 months,1951.83,2,2,Low,Medium
CUST00173,Male,46,20,Monthly,4204.62,Debit Card,DSL,4,1,136.82,28,0,6,2,84092.4,0,13-24 months,4204.62,5,3,High,Medium
CUST00174,Female,43,36,Monthly,4032.45,Cash,Fiber,2,0,381.52,17,10,6,0,130651.38,0,25-48 months,3629.205,2,0,Medium,Medium
CUST00175,Female,35,32,One Year,4512.11,Debit Card,Fiber,1,0,255.29,28,10,7,0,129948.77,0,25-48 months,4060.899,1,0,High,Medium
CUST00176,Female,49,28,Two Year,3033.19,Credit Card,Fiber,0,0,193.13,13,0,10,0,84929.32,0,25-48 months,3033.19,0,0,Medium,High
CUST00177,Male,39,1,One Year,2084.34,UPI,Fiber,0,2,449.57,24,10,8,0,1875.91,0,0-12 months,1875.9060000000002,2,2,High,High
CUST00178,Male,55,60,Monthly,3227.29,Cash,DSL,1,0,276.36,26,10,6,0,174273.66,0,49-72 months,2904.561,1,0,High,Medium
CUST00179,Male,34,56,One Year,901.12,Debit Card,Fiber,3,0,347.42,18,5,10,0,47939.58,0,49-72 months,856.064,3,0,Medium,High
CUST00180,Male,40,35,One Year,543.14,Cash,DSL,2,1,298.26,27,15,6,0,16158.41,0,25-48 months,461.669,3,1,High,Medium
CUST00181,Male,41,30,Monthly,576.92,Credit Card,DSL,3,1,323.57,16,10,2,0,15576.84,1,25-48 months,519.228,4,1,Medium,Low
CUST00182,Male,67,54,Two Year,2333.94,Debit Card,Unknown,1,0,261.05,8,15,3,0,107127.85,1,49-72 months,1983.849,1,0,Low,Low
CUST00183,Female,25,36,Monthly,1526.35,Debit Card,Unknown,2,0,269.05,21,5,6,1,52201.17,0,25-48 months,1450.0324999999998,2,1,High,Medium
CUST00184,Male,58,55,Two Year,1208.02,UPI,Unknown,1,2,426.82,24,10,6,2,59796.99,0,49-72 months,1087.218,3,4,High,Medium
CUST00185,Male,23,58,One Year,3268.97,UPI,Fiber,2,3,154.82,27,0,6,1,189600.26,0,49-72 months,3268.97,5,4,High,Medium
CUST00186,Male,22,65,One Year,4977.93,Debit Card,Fiber,4,0,369.51,12,0,4,0,323565.45,0,49-72 months,4977.93,4,0,Medium,Medium
CUST00187,Female,61,69,One Year,1299.89,UPI,Fiber,4,0,137.94,6,5,2,1,85207.79,0,49-72 months,1234.8955,4,1,Low,Low
CUST00188,Male,46,51,Monthly,2958.9,Debit Card,DSL,3,2,40.01,2,15,8,0,128268.31,0,49-72 months,2515.065,5,2,Low,High
CUST00189,Male,45,22,Monthly,1038.77,Bank Transfer,Fiber,5,0,452.1,7,0,2,1,22852.94,0,13-24 months,1038.77,5,1,Low,Low
CUST00190,Female,28,53,Two Year,4704.06,Cash,DSL,0,2,208.28,27,5,3,2,236849.42,0,49-72 months,4468.857,2,4,High,Low
CUST00191,Male,18,36,One Year,1812.9,Bank Transfer,Fiber,2,2,343.18,27,20,1,4,52211.52,0,25-48 months,1450.3200000000002,4,6,High,Low
CUST00192,Male,60,68,Two Year,4452.53,Bank Transfer,DSL,1,0,380.15,29,0,9,0,302772.04,0,49-72 months,4452.53,1,0,High,High
CUST00193,Male,36,36,Two Year,1773.84,Cash,DSL,1,0,399.52,22,10,3,1,57472.42,0,25-48 months,1596.456,1,1,High,Low
CUST00194,Male,26,52,Two Year,4127.24,Debit Card,Unknown,1,0,117.03,4,0,2,1,214616.48,0,49-72 months,4127.24,1,1,Low,Low
CUST00195,Male,44,53,One Year,1442.22,Debit Card,Fiber,2,2,329.56,25,5,6,0,72615.78,1,49-72 months,1370.109,4,2,High,Medium
CUST00196,Female,51,50,Monthly,1817.55,UPI,Fiber,1,2,381.32,29,0,8,0,90877.5,0,49-72 months,1817.55,3,2,High,High
CUST00197,Female,61,41,Monthly,1366.14,Credit Card,Fiber,2,1,64.29,29,0,4,0,56011.74,1,25-48 months,1366.14,3,1,High,Medium
CUST00198,Female,21,18,One Year,1689.17,Debit Card,Fiber,4,0,74.95,20,5,1,0,28884.81,0,13-24 months,1604.7115,4,0,Medium,Low
CUST00199,Male,53,22,Monthly,4256.9,Cash,Fiber,5,2,185.13,16,0,7,2,93651.8,0,13-24 months,4256.9,7,4,Medium,Medium
CUST00200,Male,35,66,Monthly,3375.65,Credit Card,Unknown,2,1,154.33,17,0,3,1,222792.9,1,49-72 months,3375.65,3,2,Medium,Low
CUST00201,Male,32,21,Monthly,2326.46,Cash,DSL,0,2,399.63,29,15,5,0,41527.31,0,13-24 months,1977.491,2,2,High,Medium
CUST00202,Female,68,44,Two Year,4871.84,Cash,Fiber,4,0,323.14,3,0,2,2,214360.96,0,25-48 months,4871.84,4,2,Low,Low
CUST00203,Male,30,47,Two Year,2591.88,Cash,DSL,3,1,251.5,27,5,8,1,115727.44,0,25-48 months,2462.286,4,2,High,High
CUST00204,Male,36,39,One Year,4863.92,Credit Card,Fiber,1,0,57.67,24,15,3,1,161238.95,0,25-48 months,4134.332,1,1,High,Low
CUST00205,Female,66,29,Monthly,1384.64,Bank Transfer,Fiber,2,0,60.72,3,0,9,3,40154.56,0,25-48 months,1384.64,2,3,Low,High
CUST00206,Male,23,54,One Year,4570.87,Cash,DSL,2,2,260.92,14,15,1,0,209802.93,0,49-72 months,3885.2394999999997,4,2,Medium,Low
CUST00207,Female,65,17,One Year,562.2,UPI,Unknown,3,2,442.02,14,5,6,0,9079.53,0,13-24 months,534.09,5,2,Medium,Medium
CUST00208,Female,29,60,Monthly,2953.86,Debit Card,Fiber,3,1,388.66,7,10,3,1,159508.44,0,49-72 months,2658.474,4,2,Low,Low
CUST00209,Female,68,31,Monthly,2403.74,Debit Card,DSL,4,0,441.38,27,5,4,0,70790.14,1,25-48 months,2283.553,4,0,High,Medium
CUST00210,Male,54,49,Monthly,2862.9,Debit Card,Unknown,2,1,284.75,1,5,4,1,133268.0,0,49-72 months,2719.755,3,2,Low,Medium
CUST00211,Male,34,2,One Year,2990.5,Credit Card,Fiber,2,1,114.58,15,5,8,1,5681.95,0,0-12 months,2840.975,3,2,Medium,High
CUST00212,Male,40,48,One Year,2250.64,UPI,Fiber,7,2,20.74,14,15,9,1,91826.11,0,25-48 months,1913.0439999999999,9,3,Medium,High
CUST00213,Male,43,14,Monthly,4991.89,UPI,DSL,1,0,470.44,4,5,5,2,66392.14,1,13-24 months,4742.2955,1,2,Low,Medium
CUST00214,Male,46,59,Two Year,4894.28,UPI,DSL,5,0,240.24,4,0,10,0,288762.52,0,49-72 months,4894.28,5,0,Low,High
CUST00215,Male,50,58,Monthly,4827.85,UPI,Fiber,0,0,430.21,25,10,10,3,252013.77,0,49-72 months,4345.0650000000005,0,3,High,High
CUST00216,Male,44,58,Monthly,4905.88,UPI,Fiber,3,1,367.83,28,15,3,0,241859.88,0,49-72 months,4169.998,4,1,High,Low
CUST00217,Female,42,51,Monthly,4068.56,Bank Transfer,DSL,0,2,416.92,11,0,9,0,207496.56,0,49-72 months,4068.56,2,2,Medium,High
CUST00218,Male,27,2,Monthly,4948.66,UPI,DSL,1,1,109.27,1,0,1,0,9897.32,1,0-12 months,4948.66,2,1,Low,Low
CUST00219,Female,64,41,Monthly,4515.62,UPI,DSL,1,6,341.32,11,5,1,0,175883.4,0,25-48 months,4289.839,7,6,Medium,Low
CUST00220,Male,40,16,Monthly,2371.7,Credit Card,Fiber,5,0,362.73,12,20,3,0,30357.76,0,13-24 months,1897.36,5,0,Medium,Low
CUST00221,Male,38,4,Monthly,4031.5,Credit Card,DSL,2,3,278.55,15,5,2,1,15319.7,1,0-12 months,3829.9249999999997,5,4,Medium,Low
CUST00222,Male,38,12,Monthly,4604.31,UPI,DSL,1,2,418.44,29,5,8,1,52489.13,1,0-12 months,4374.0945,3,3,High,High
CUST00223,Female,60,29,One Year,3706.73,Bank Transfer,Unknown,0,0,494.16,25,0,5,0,107495.17,0,25-48 months,3706.73,0,0,High,Medium
CUST00224,Female,30,7,Monthly,2402.52,UPI,Unknown,2,1,10.22,26,10,10,0,15135.88,0,0-12 months,2162.268,3,1,High,High
CUST00225,Female,54,14,Monthly,796.06,UPI,DSL,1,0,230.22,24,0,1,1,11144.84,0,13-24 months,796.06,1,1,High,Low
CUST00226,Female,50,12,One Year,4143.64,UPI,Unknown,2,1,378.18,15,0,3,1,49723.68,0,0-12 months,4143.64,3,2,Medium,Low
CUST00227,Male,41,5,Monthly,4787.34,Cash,Unknown,0,1,364.2,26,10,3,0,21543.03,0,0-12 months,4308.606000000001,1,1,High,Low
CUST00228,Female,61,32,Two Year,2131.08,Bank Transfer,DSL,4,0,236.58,22,10,2,0,61375.1,1,25-48 months,1917.972,4,0,High,Low
CUST00229,Male,28,43,Two Year,1183.58,Debit Card,DSL,2,3,421.87,27,0,9,0,50893.94,0,25-48 months,1183.58,5,3,High,High
CUST00230,Male,34,69,Monthly,1969.27,UPI,DSL,3,2,339.15,4,15,1,0,115497.69,1,49-72 months,1673.8795,5,2,Low,Low
CUST00231,Female,21,45,Two Year,3121.8,Debit Card,DSL,1,2,276.44,27,10,10,0,126432.9,0,25-48 months,2809.6200000000003,3,2,High,High
CUST00232,Female,64,9,One Year,1926.18,Bank Transfer,Fiber,1,2,140.08,6,10,5,0,15602.06,1,0-12 months,1733.5620000000001,3,2,Low,Medium
CUST00233,Female,42,49,Two Year,3247.78,UPI,Fiber,3,0,186.84,22,0,9,0,159141.22,0,49-72 months,3247.78,3,0,High,High
CUST00234,Female,47,33,One Year,4850.84,Debit Card,Fiber,2,2,494.58,2,15,3,0,136066.06,0,25-48 months,4123.214,4,2,Low,Low
CUST00235,Female,26,18,Monthly,3518.31,Debit Card,Fiber,1,2,453.53,23,5,10,1,60163.1,0,13-24 months,3342.3945,3,3,High,High
CUST00236,Female,38,9,Two Year,2131.97,Bank Transfer,Fiber,2,1,349.35,9,5,3,0,18228.34,0,0-12 months,2025.3714999999997,3,1,Low,Low
CUST00237,Female,37,62,Monthly,4710.89,UPI,Unknown,3,0,430.16,8,15,7,0,248263.9,0,49-72 months,4004.2565,3,0,Low,Medium
CUST00238,Female,36,57,Monthly,3045.36,Cash,Fiber,1,1,72.31,19,20,1,3,138868.42,1,49-72 months,2436.288,2,4,Medium,Low
CUST00239,Male,36,29,Monthly,1077.68,Bank Transfer,Fiber,1,1,137.45,8,10,9,0,28127.45,0,25-48 months,969.912,2,1,Low,High
CUST00240,Female,29,25,Monthly,2745.41,Cash,DSL,3,0,443.15,20,10,7,1,61771.72,1,25-48 months,2470.869,3,1,Medium,Medium
CUST00241,Female,54,15,Monthly,3441.36,UPI,Fiber,2,0,238.08,10,0,8,1,51620.4,0,13-24 months,3441.36,2,1,Low,High
CUST00242,Male,59,6,One Year,4272.14,Debit Card,DSL,5,2,297.52,17,0,2,0,25632.84,0,0-12 months,4272.14,7,2,Medium,Low
CUST00243,Female,34,42,Two Year,4714.15,Bank Transfer,Fiber,2,1,442.41,19,5,3,1,188094.58,1,25-48 months,4478.442499999999,3,2,Medium,Low
CUST00244,Male,54,29,Monthly,1928.37,Bank Transfer,Fiber,3,0,204.98,1,20,9,1,44738.18,0,25-48 months,1542.696,3,1,Low,High
CUST00245,Male,65,4,Two Year,1199.81,Bank Transfer,Unknown,0,0,243.5,21,10,4,0,4319.32,0,0-12 months,1079.829,0,0,High,Medium
CUST00246,Female,56,57,Two Year,2706.835,Credit Card,DSL,2,0,60.53,26,10,5,2,42693.4,0,49-72 months,2436.1515,2,2,High,Medium
CUST00247,Male,45,49,Monthly,3822.6,UPI,Unknown,1,0,495.75,15,0,9,0,187307.4,1,49-72 months,3822.6,1,0,Medium,High
CUST00248,Male,58,44,Monthly,4078.21,Credit Card,Fiber,3,1,486.82,11,5,10,1,170469.18,0,25-48 months,3874.2995,4,2,Medium,High
CUST00249,Male,52,14,Two Year,2342.18,Bank Transfer,Fiber,4,2,151.79,25,0,8,0,32790.52,0,13-24 months,2342.18,6,2,High,High
CUST00250,Male,64,3,One Year,2281.66,Bank Transfer,DSL,3,1,426.98,7,0,5,2,6844.98,1,0-12 months,2281.66,4,3,Low,Medium
CUST00251,Female,65,62,One Year,4794.07,Cash,Fiber,3,5,369.85,16,10,2,2,267509.11,0,49-72 months,4314.663,8,7,Medium,Low
CUST00252,Male,35,64,One Year,4625.07,Credit Card,Fiber,0,1,77.56,3,0,3,1,296004.48,0,49-72 months,4625.07,1,2,Low,Low
CUST00253,Female,31,45,Monthly,1549.7,Debit Card,Fiber,1,0,16.83,23,0,3,0,69736.5,0,25-48 months,1549.7,1,0,High,Low
CUST00254,Male,52,58,Monthly,4013.63,UPI,DSL,1,0,11.97,12,5,7,0,221151.01,0,49-72 months,3812.9485,1,0,Medium,Medium
CUST00255,Male,61,20,One Year,3302.15,Debit Card,DSL,1,1,37.53,24,0,6,0,66043.0,0,13-24 months,3302.15,2,1,High,Medium
CUST00256,Male,58,58,Monthly,1194.0,Debit Card,Fiber,4,0,315.56,16,15,7,3,58864.2,0,49-72 months,1014.9,4,3,Medium,Medium
CUST00257,Male,24,57,One Year,2105.47,UPI,Fiber,2,0,248.62,20,0,8,0,120011.79,0,49-72 months,2105.47,2,0,Medium,High
CUST00258,Female,58,68,Two Year,1298.63,Bank Transfer,Unknown,0,1,498.39,19,0,5,0,88306.84,0,49-72 months,1298.63,1,1,Medium,Medium
CUST00259,Female,30,52,One Year,1828.2,Cash,Fiber,4,2,146.84,2,0,6,3,95066.4,0,49-72 months,1828.2,6,5,Low,Medium
CUST00260,Male,35,37,Two Year,3268.86,Bank Transfer,DSL,2,0,364.22,30,15,1,2,102805.65,0,25-48 months,2778.531,2,2,High,Low
CUST00261,Male,54,8,Monthly,2188.69,Bank Transfer,DSL,2,0,196.62,8,0,4,1,17509.52,0,0-12 months,2188.69,2,1,Low,Medium
CUST00262,Female,30,44,One Year,2273.27,Credit Card,DSL,4,1,53.67,19,5,6,2,95022.69,0,25-48 months,2159.6065,5,3,Medium,Medium
CUST00263,Male,53,5,One Year,2928.41,Debit Card,Fiber,3,0,439.19,23,10,4,0,13177.84,0,0-12 months,2635.569,3,0,High,Medium
CUST00264,Male,48,69,Two Year,892.51,Debit Card,Unknown,2,1,203.0,11,0,1,0,61583.19,0,49-72 months,892.51,3,1,Medium,Low
CUST00265,Male,19,31,One Year,3824.59,Debit Card,Fiber,2,1,458.88,27,15,3,1,100777.95,1,25-48 months,3250.9015,3,2,High,Low
CUST00266,Female,33,45,Monthly,2307.69,Cash,Fiber,1,2,468.78,11,10,3,0,93461.44,1,25-48 months,2076.9210000000003,3,2,Medium,Low
CUST00267,Female,26,9,Two Year,2661.79,Cash,Fiber,2,0,410.97,2,0,3,1,23956.11,1,0-12 months,2661.79,2,1,Low,Low
CUST00268,Female,26,32,One Year,4884.35,Cash,Fiber,3,0,18.7,5,5,4,0,148484.24,0,25-48 months,4640.1325,3,0,Low,Medium
CUST00269,Male,55,33,Monthly,2049.65,UPI,Fiber,5,2,483.18,5,10,9,0,72487.86,0,25-48 months,1844.6850000000002,7,2,Low,High
CUST00270,Male,28,67,One Year,3416.99,Cash,Unknown,5,0,66.46,25,15,9,1,194597.58,0,49-72 months,2904.4415,5,1,High,High
CUST00271,Female,39,30,Two Year,2266.27,Credit Card,Fiber,1,0,466.0,24,10,8,1,61189.29,1,25-48 months,2039.643,1,1,High,High
CUST00272,Female,50,29,One Year,4524.27,Unknown,Unknown,1,0,305.24,24,0,3,0,131203.83,0,25-48 months,4524.27,1,0,High,Low
CUST00273,Female,53,3,Monthly,4310.4,Bank Transfer,Fiber,0,0,191.84,10,5,2,0,12284.64,0,0-12 months,4094.8799999999997,0,0,Low,Low
CUST00274,Female,62,57,Two Year,1587.31,Bank Transfer,Fiber,2,0,362.05,2,5,3,0,85952.84,0,49-72 months,1507.9444999999998,2,0,Low,Low
CUST00275,Male,40,30,One Year,3612.86,Bank Transfer,Fiber,1,0,255.9,15,5,5,0,102966.51,1,25-48 months,3432.217,1,0,Medium,Medium
CUST00276,Female,62,9,Monthly,793.27,Bank Transfer,DSL,2,1,398.27,18,5,7,4,6782.46,0,0-12 months,753.6065,3,5,Medium,Medium
CUST00277,Male,62,26,Monthly,4834.33,Credit Card,DSL,1,0,259.32,12,5,2,1,119407.95,0,25-48 months,4592.6134999999995,1,1,Medium,Low
CUST00278,Female,51,2,Monthly,2070.46,Bank Transfer,Unknown,0,0,187.61,10,15,6,0,3519.78,0,0-12 months,1759.891,0,0,Low,Medium
CUST00279,Male,26,62,One Year,4243.29,Credit Card,DSL,4,1,183.62,7,0,2,0,263083.98,0,49-72 months,4243.29,5,1,Low,Low
CUST00280,Female,41,3,Two Year,1932.94,Cash,Fiber,2,0,180.28,15,5,1,0,5508.88,1,0-12 months,1836.293,2,0,Medium,Low
CUST00281,Female,25,46,Monthly,3347.47,Cash,Fiber,1,0,239.08,15,0,3,3,153983.62,1,25-48 months,3347.47,1,3,Medium,Low
CUST00282,Female,24,68,Monthly,4926.16,UPI,Unknown,2,1,59.51,12,5,4,1,318229.94,0,49-72 months,4679.852,3,2,Medium,Medium
CUST00283,Female,53,25,Monthly,4445.37,Bank Transfer,Unknown,1,1,332.54,29,10,2,1,100020.82,0,25-48 months,4000.833,2,2,High,Low
CUST00284,Male,35,51,One Year,1221.65,Cash,Unknown,1,0,173.98,29,10,3,0,56073.74,0,49-72 months,1099.4850000000001,1,0,High,Low
CUST00285,Female,20,13,Monthly,2963.7,Cash,Fiber,2,1,282.96,20,15,6,3,32748.88,0,13-24 months,2519.145,3,4,Medium,Medium
CUST00286,Male,45,44,Monthly,2068.39,Debit Card,DSL,3,1,265.63,15,10,9,0,81908.24,0,25-48 months,1861.551,4,1,Medium,High
CUST00287,Male,23,35,Monthly,2454.52,Debit Card,DSL,1,0,429.28,3,5,2,1,81612.79,1,25-48 months,2331.794,1,1,Low,Low
CUST00288,Male,61,55,One Year,2008.32,Credit Card,DSL,2,2,431.54,16,0,7,0,110457.6,0,49-72 months,2008.32,4,2,Medium,Medium
CUST00289,Male,61,9,Monthly,2011.82,UPI,Fiber,3,1,494.64,29,5,1,1,17201.06,1,0-12 months,1911.2289999999998,4,2,High,Low
CUST00290,Female,38,2,Monthly,2941.49,Debit Card,Unknown,1,2,124.58,19,0,4,1,5882.98,0,0-12 months,2941.49,3,3,Medium,Medium
CUST00291,Male,45,61,Two Year,1363.84,UPI,Fiber,1,2,22.06,7,20,2,2,66555.39,0,49-72 months,1091.072,3,4,Low,Low
CUST00292,Male,57,41,Monthly,2918.28,Cash,Fiber,0,0,215.33,17,5,4,0,113667.01,0,25-48 months,2772.366,0,0,Medium,Medium
CUST00293,Male,18,44,Monthly,1755.34,Credit Card,Fiber,2,1,448.83,4,5,2,2,73373.21,0,25-48 months,1667.5729999999999,3,3,Low,Low
CUST00294,Female,53,64,Two Year,1800.42,UPI,Fiber,0,1,302.12,22,0,3,0,115226.88,0,49-72 months,1800.42,1,1,High,Low
CUST00295,Female,38,31,Monthly,3824.37,Debit Card,Unknown,2,0,189.89,15,20,8,1,94844.38,1,25-48 months,3059.496,2,1,Medium,High
CUST00296,Female,60,47,One Year,633.17,Cash,DSL,0,4,387.2,9,5,4,0,28271.04,1,25-48 months,601.5115,4,4,Low,Medium
CUST00297,Female,52,2,Monthly,2214.26,Bank Transfer,DSL,2,1,357.61,28,0,6,0,4428.52,0,0-12 months,2214.26,3,1,High,Medium
CUST00298,Male,30,69,One Year,2333.9,Cash,Fiber,2,2,358.21,17,0,9,1,161039.1,0,49-72 months,2333.9,4,3,Medium,High
CUST00299,Male,66,58,Monthly,2683.0,Debit Card,DSL,7,0,259.72,1,10,8,0,140052.6,1,49-72 months,2414.7000000000003,7,0,Low,High
CUST00300,Female,27,44,Two Year,3510.55,Debit Card,DSL,2,1,267.59,2,5,2,1,146740.99,0,25-48 months,3335.0225,3,2,Low,Low
CUST00301,Male,70,56,Monthly,2163.59,Bank Transfer,Fiber,3,0,280.13,7,0,2,2,121161.04,0,49-72 months,2163.59,3,2,Low,Low
CUST00302,Male,61,43,Monthly,1459.12,Cash,Unknown,3,2,278.55,23,0,3,1,62742.16,1,25-48 months,1459.12,5,3,High,Low
CUST00303,Male,64,34,One Year,4481.93,UPI,Fiber,1,1,107.13,14,0,2,2,152385.62,0,25-48 months,4481.93,2,3,Medium,Low
CUST00304,Female,70,30,Two Year,4914.67,UPI,Fiber,2,1,126.66,5,10,3,0,132696.09,0,25-48 months,4423.203,3,1,Low,Low
CUST00305,Female,27,71,Monthly,590.07,Cash,Fiber,1,1,190.14,4,5,2,0,39800.22,0,49-72 months,560.5665,2,1,Low,Low
CUST00306,Male,63,70,Two Year,2959.1,UPI,Fiber,1,2,428.46,13,15,6,0,176066.45,0,49-72 months,2515.2349999999997,3,2,Medium,Medium
CUST00307,Female,30,55,Monthly,2037.66,Unknown,Fiber,1,2,233.88,10,10,9,1,100864.17,0,49-72 months,1833.894,3,3,Low,High
CUST00308,Female,54,67,One Year,2706.835,Cash,DSL,1,1,463.53,13,5,8,1,111161.54,0,49-72 months,2571.49325,2,2,Medium,High
CUST00309,Female,55,13,Monthly,2010.68,Debit Card,Fiber,5,2,397.73,22,5,6,1,24831.9,1,13-24 months,1910.146,7,3,High,Medium
CUST00310,Female,41,3,One Year,3374.95,Credit Card,Fiber,3,0,431.44,24,10,4,0,9112.36,0,0-12 months,3037.455,3,0,High,Medium
CUST00311,Female,19,26,Monthly,1358.22,Debit Card,DSL,0,4,71.4,12,10,10,0,31782.35,1,25-48 months,1222.3980000000001,4,4,Medium,High
CUST00312,Male,39,57,Monthly,4607.87,UPI,Fiber,1,1,78.65,23,0,5,1,262648.59,0,49-72 months,4607.87,2,2,High,Medium
CUST00313,Female,34,24,Monthly,2597.52,Credit Card,DSL,0,2,122.13,18,0,4,0,62340.48,0,13-24 months,2597.52,2,2,Medium,Medium
CUST00314,Male,53,53,Monthly,1965.1,Cash,Unknown,2,1,333.0,11,10,5,1,93735.27,0,49-72 months,1768.59,3,2,Medium,Medium
CUST00315,Male,31,70,Two Year,3944.89,UPI,Fiber,2,1,240.76,18,0,2,0,276142.3,1,49-72 months,3944.89,3,1,Medium,Low
CUST00316,Female,27,43,Two Year,573.56,Bank Transfer,DSL,1,1,89.06,22,10,8,0,22196.77,0,25-48 months,516.204,2,1,High,High
CUST00317,Male,52,60,One Year,2443.34,UPI,Fiber,3,2,374.16,12,10,1,0,72487.86,0,49-72 months,2199.0060000000003,5,2,Medium,Low
CUST00318,Male,42,58,Monthly,2706.835,Credit Card,DSL,2,2,261.15,1,5,9,1,115647.74,0,49-72 months,2571.49325,4,3,Low,High
CUST00319,Male,20,49,Monthly,2021.94,Credit Card,Fiber,2,0,366.84,21,15,1,1,84213.8,0,49-72 months,1718.6490000000001,2,1,High,Low
CUST00320,Female,64,42,One Year,2016.82,Cash,Fiber,1,1,455.19,16,10,5,2,76235.8,0,25-48 months,1815.138,2,3,Medium,Medium
CUST00321,Female,55,66,Two Year,640.72,Bank Transfer,Fiber,1,1,457.8,14,5,9,0,40173.14,0,49-72 months,608.684,2,1,Medium,High
CUST00322,Male,34,11,Monthly,1184.52,Cash,DSL,0,0,154.05,1,0,1,1,13029.72,0,0-12 months,1184.52,0,1,Low,Low
CUST00323,Female,29,18,Two Year,1138.48,Bank Transfer,Fiber,4,0,83.47,7,20,1,0,16394.11,0,13-24 months,910.7840000000001,4,0,Low,Low
CUST00324,Female,69,52,Two Year,4948.75,Bank Transfer,Fiber,2,5,219.74,19,15,3,1,218734.75,0,49-72 months,4206.4375,7,6,Medium,Low
CUST00325,Female,41,46,Two Year,599.75,Unknown,Unknown,2,2,46.52,25,0,8,1,27588.5,0,25-48 months,599.75,4,3,High,High
CUST00326,Female,46,44,Monthly,1251.83,UPI,Fiber,1,3,26.76,5,15,3,0,46818.44,0,25-48 months,1064.0555,4,3,Low,Low
CUST00327,Male,60,22,Monthly,4883.79,Debit Card,DSL,4,0,489.17,17,0,2,2,107443.38,1,13-24 months,4883.79,4,2,Medium,Low
CUST00328,Male,42,53,Monthly,3327.15,Bank Transfer,Fiber,2,1,486.05,10,0,6,0,176338.95,0,49-72 months,3327.15,3,1,Low,Medium
CUST00329,Female,53,59,Monthly,2528.0,Credit Card,Unknown,4,4,179.13,4,20,10,2,119321.6,0,49-72 months,2022.4,8,6,Low,High
CUST00330,Female,43,30,Monthly,854.42,Cash,Fiber,0,2,411.16,24,15,5,0,21787.71,0,25-48 months,726.257,2,2,High,Medium
CUST00331,Male,55,8,Monthly,3513.48,UPI,Fiber,3,0,115.6,14,10,9,2,25297.06,0,0-12 months,3162.132,3,2,Medium,High
CUST00332,Male,18,57,One Year,1120.11,Bank Transfer,DSL,4,0,211.56,23,10,3,1,57461.64,1,49-72 months,1008.0989999999999,4,1,High,Low
CUST00333,Female,37,20,Monthly,3520.34,UPI,Unknown,3,1,364.59,6,0,4,1,70406.8,1,13-24 months,3520.34,4,2,Low,Medium
CUST00334,Male,45,25,Monthly,4906.29,Cash,DSL,6,0,277.52,25,0,10,1,122657.25,0,25-48 months,4906.29,6,1,High,High
CUST00335,Female,33,19,One Year,2893.88,Credit Card,Fiber,1,1,411.45,28,0,8,0,54983.72,0,13-24 months,2893.88,2,1,High,High
CUST00336,Female,64,5,One Year,1463.38,Bank Transfer,DSL,3,3,490.12,12,0,2,1,7316.9,0,0-12 months,1463.38,6,4,Medium,Low
CUST00337,Male,34,72,One Year,3313.78,Bank Transfer,DSL,1,1,9.46,30,10,5,0,214732.94,0,49-72 months,2982.402,2,1,High,Medium
CUST00338,Male,57,27,Monthly,2808.18,UPI,Unknown,2,0,462.64,20,0,9,1,75820.86,0,25-48 months,2808.18,2,1,Medium,High
CUST00339,Female,45,40,One Year,2899.13,Cash,Unknown,2,0,209.66,26,10,9,1,104368.68,0,25-48 months,2609.217,2,1,High,High
CUST00340,Female,29,26,One Year,2651.48,Debit Card,DSL,0,0,206.93,12,0,10,2,68938.48,0,25-48 months,2651.48,0,2,Medium,High
CUST00341,Male,44,27,Monthly,3531.83,Bank Transfer,DSL,4,0,5.33,30,0,9,1,95359.41,0,25-48 months,3531.83,4,1,High,High
CUST00342,Female,70,62,One Year,3073.75,Credit Card,DSL,1,1,418.0,1,0,1,1,190572.5,0,49-72 months,3073.75,2,2,Low,Low
CUST00343,Male,59,50,Monthly,4941.48,Bank Transfer,DSL,3,2,380.7,30,10,1,1,222366.6,0,49-72 months,4447.331999999999,5,3,High,Low
CUST00344,Female,64,42,Monthly,4216.39,Bank Transfer,Fiber,0,2,447.54,12,10,1,0,159379.54,0,25-48 months,3794.751,2,2,Medium,Low
CUST00345,Male,47,29,Monthly,1691.14,Debit Card,Fiber,3,1,87.84,26,0,8,3,49043.06,1,25-48 months,1691.14,4,4,High,High
CUST00346,Male,58,39,Monthly,3765.9,Debit Card,Fiber,3,1,111.48,6,5,4,2,139526.6,0,25-48 months,3577.605,4,3,Low,Medium
CUST00347,Male,51,60,Monthly,1464.35,Cash,Unknown,2,0,155.25,4,10,9,0,79074.9,0,49-72 months,1317.915,2,0,Low,High
CUST00348,Female,54,41,Two Year,4020.56,Bank Transfer,Fiber,1,1,267.45,17,15,6,1,140116.52,0,25-48 months,3417.4759999999997,2,2,Medium,Medium
CUST00349,Female,23,33,Monthly,1164.01,Bank Transfer,Fiber,0,3,175.83,10,10,3,1,34571.1,0,25-48 months,1047.609,3,4,Low,Low
CUST00350,Male,24,16,Two Year,2630.99,UPI,Fiber,2,0,153.36,19,0,8,2,42095.84,0,13-24 months,2630.99,2,2,Medium,High
CUST00351,Female,49,23,One Year,4057.73,UPI,DSL,2,1,95.43,11,0,1,2,72487.86,0,13-24 months,4057.73,3,3,Medium,Low
CUST00352,Male,49,7,Monthly,1760.51,Credit Card,Unknown,5,2,83.8,1,5,2,3,72487.86,0,0-12 months,1672.4845,7,5,Low,Low
CUST00353,Male,70,26,Monthly,4267.04,Credit Card,DSL,4,1,239.11,5,0,8,0,110943.04,0,25-48 months,4267.04,5,1,Low,High
CUST00354,Female,42,12,One Year,3398.68,UPI,Fiber,3,1,225.72,24,5,1,0,38744.95,0,0-12 months,3228.7459999999996,4,1,High,Low
CUST00355,Female,50,72,One Year,2288.85,Credit Card,Unknown,0,0,393.64,28,15,5,3,140077.62,1,49-72 months,1945.5224999999998,0,3,High,Medium
CUST00356,Male,24,5,Monthly,2405.38,Bank Transfer,Fiber,4,1,412.79,14,0,3,0,12026.9,0,0-12 months,2405.38,5,1,Medium,Low
CUST00357,Female,69,69,Monthly,4666.96,Debit Card,Unknown,0,5,351.8,13,20,2,0,257616.19,0,49-72 months,3733.568,5,5,Medium,Low
CUST00358,Female,29,49,One Year,1480.06,Bank Transfer,Fiber,1,0,416.45,2,0,4,2,72522.94,0,49-72 months,1480.06,1,2,Low,Medium
CUST00359,Male,33,26,Monthly,3620.13,UPI,DSL,2,1,58.88,28,5,2,2,89417.21,1,25-48 months,3439.1235,3,3,High,Low
CUST00360,Male,33,5,Two Year,3682.82,Cash,Fiber,2,1,231.59,14,0,5,1,18414.1,0,0-12 months,3682.82,3,2,Medium,Medium
CUST00361,Female,60,22,One Year,2706.835,Cash,Unknown,1,1,146.79,6,0,8,0,102322.44,0,13-24 months,2706.835,2,1,Low,High
CUST00362,Male,70,13,Monthly,3709.24,UPI,Fiber,3,0,129.64,6,5,4,1,45809.11,1,13-24 months,3523.778,3,1,Low,Medium
CUST00363,Male,53,28,Monthly,3130.1,Bank Transfer,Fiber,2,0,357.78,21,0,7,1,87642.8,0,25-48 months,3130.1,2,1,High,Medium
CUST00364,Female,30,33,Monthly,4561.35,Credit Card,Unknown,1,0,416.46,23,5,5,1,142998.32,0,25-48 months,4333.2825,1,1,High,Medium
CUST00365,Male,24,23,Two Year,4231.09,Credit Card,Fiber,4,0,61.79,1,10,9,0,87583.56,0,13-24 months,3807.981,4,0,Low,High
CUST00366,Male,53,18,Monthly,3725.49,Cash,DSL,6,1,66.43,26,15,2,3,57000.0,1,13-24 months,3166.6665,7,4,High,Low
CUST00367,Female,64,30,Monthly,646.6,UPI,DSL,6,0,321.5,20,0,2,0,19398.0,1,25-48 months,646.6,6,0,Medium,Low
CUST00368,Female,68,26,One Year,2180.84,UPI,DSL,1,1,76.43,11,5,1,1,53866.75,0,25-48 months,2071.7980000000002,2,2,Medium,Low
CUST00369,Male,26,16,Monthly,3343.5,Debit Card,Fiber,3,4,385.35,22,15,4,0,45471.6,1,13-24 months,2841.975,7,4,High,Medium
CUST00370,Male,49,39,Monthly,2850.13,Cash,Unknown,3,1,415.2,30,10,8,1,100039.56,0,25-48 months,2565.117,4,2,High,High
CUST00371,Female,28,33,Two Year,1936.93,UPI,Unknown,4,1,263.81,4,5,5,1,60722.76,0,25-48 months,1840.0835,5,2,Low,Medium
CUST00372,Female,25,26,Monthly,1149.91,Debit Card,Fiber,1,0,454.66,6,0,5,0,29897.66,1,25-48 months,1149.91,1,0,Low,Medium
CUST00373,Female,50,48,Two Year,2988.48,Credit Card,Fiber,3,1,15.07,2,5,4,1,136274.69,1,25-48 months,2839.056,4,2,Low,Medium
CUST00374,Female,40,65,Two Year,1786.63,Cash,Fiber,2,0,117.07,27,20,7,1,92904.76,0,49-72 months,1429.304,2,1,High,Medium
CUST00375,Male,42,38,Monthly,1548.5,Cash,Fiber,3,1,387.6,25,10,10,0,52958.7,0,25-48 months,1393.65,4,1,High,High
CUST00376,Female,25,2,Monthly,2295.31,UPI,DSL,6,3,478.86,20,15,8,0,3902.03,1,0-12 months,1951.0134999999998,9,3,Medium,High
CUST00377,Female,62,6,Monthly,4034.71,UPI,Unknown,1,1,480.49,29,0,9,0,24208.26,1,0-12 months,4034.71,2,1,High,High
CUST00378,Male,39,46,One Year,2695.34,Bank Transfer,DSL,1,2,5.2,5,15,6,2,105387.79,0,25-48 months,2291.039,3,4,Low,Medium
CUST00379,Female,21,50,Monthly,1474.21,Credit Card,DSL,1,3,317.77,15,0,9,0,72487.86,0,49-72 months,1474.21,4,3,Medium,High
CUST00380,Male,57,38,Two Year,1026.06,Credit Card,Fiber,2,0,18.53,23,15,1,0,33141.74,0,25-48 months,872.151,2,0,High,Low
CUST00381,Female,20,18,One Year,2745.44,Debit Card,Fiber,7,0,351.66,8,0,3,2,49417.92,1,13-24 months,2745.44,7,2,Low,Low
CUST00382,Female,46,27,Monthly,4074.65,Debit Card,DSL,2,0,385.18,17,10,1,3,99014.0,1,25-48 months,3667.185,2,3,Medium,Low
CUST00383,Female,58,41,One Year,3437.68,Bank Transfer,DSL,2,1,429.54,23,0,5,1,140944.88,0,25-48 months,3437.68,3,2,High,Medium
CUST00384,Male,46,72,Monthly,1544.67,Credit Card,DSL,3,1,267.07,10,0,8,1,111216.24,0,49-72 months,1544.67,4,2,Low,High
CUST00385,Male,51,17,Two Year,2465.18,Debit Card,Fiber,1,0,425.81,9,0,6,3,41908.06,0,13-24 months,2465.18,1,3,Low,Medium
CUST00386,Female,51,62,One Year,4348.54,Credit Card,DSL,2,2,462.3,2,5,10,1,256129.01,0,49-72 months,4131.112999999999,4,3,Low,High
CUST00387,Male,45,29,Monthly,1299.45,Credit Card,Fiber,1,1,268.95,11,15,5,1,32031.44,0,25-48 months,1104.5325,2,2,Medium,Medium
CUST00388,Male,30,58,Monthly,2894.36,Debit Card,Fiber,2,1,264.44,2,5,1,1,159479.24,1,49-72 months,2749.642,3,2,Low,Low
CUST00389,Male,32,70,Two Year,2103.04,UPI,DSL,2,3,255.4,27,0,1,0,147212.8,0,49-72 months,2103.04,5,3,High,Low
CUST00390,Male,40,22,One Year,1058.81,UPI,Fiber,2,1,254.79,16,0,5,2,23293.82,0,13-24 months,1058.81,3,3,Medium,Medium
CUST00391,Male,61,6,Two Year,724.57,Debit Card,Unknown,2,2,388.39,4,0,5,2,4347.42,0,0-12 months,724.57,4,4,Low,Medium
CUST00392,Male,43,26,Monthly,3001.42,Bank Transfer,Fiber,1,2,38.33,28,0,8,1,78036.92,0,25-48 months,3001.42,3,3,High,High
CUST00393,Female,21,39,Monthly,593.37,Cash,DSL,1,0,228.98,17,5,2,1,21984.36,1,25-48 months,563.7015,1,1,Medium,Low
CUST00394,Female,43,12,Monthly,965.51,Credit Card,DSL,3,2,264.37,9,5,7,1,11006.81,1,0-12 months,917.2344999999999,5,3,Low,Medium
CUST00395,Male,57,14,One Year,2064.04,Cash,Fiber,2,0,111.16,12,20,5,1,23117.25,1,13-24 months,1651.232,2,1,Medium,Medium
CUST00396,Female,26,22,Monthly,695.84,Debit Card,DSL,5,0,272.93,5,0,2,1,15308.48,1,13-24 months,695.84,5,1,Low,Low
CUST00397,Female,22,51,Monthly,2302.0,Credit Card,DSL,2,0,230.55,3,5,5,1,111531.9,0,49-72 months,2186.9,2,1,Low,Medium
CUST00398,Female,49,23,One Year,1086.64,Cash,Unknown,2,0,370.1,6,15,9,2,21243.81,0,13-24 months,923.644,2,2,Low,High
CUST00399,Female,37,48,Monthly,2074.43,UPI,Fiber,2,1,179.88,7,5,5,1,94594.01,1,25-48 months,1970.7084999999997,3,2,Low,Medium
CUST00400,Male,67,71,Monthly,4060.22,Bank Transfer,Fiber,1,0,475.14,4,10,5,1,259448.06,0,49-72 months,3654.198,1,1,Low,Medium
CUST00401,Female,28,50,Monthly,3318.64,Cash,Fiber,2,1,209.8,30,20,2,1,132745.6,0,49-72 months,2654.9120000000003,3,2,High,Low
CUST00402,Female,32,13,One Year,2504.3,Bank Transfer,DSL,1,1,317.29,14,0,9,0,32555.9,0,13-24 months,2504.3,2,1,Medium,High
CUST00403,Male,49,10,Monthly,913.25,UPI,Fiber,3,1,114.73,29,0,2,0,9132.5,1,0-12 months,913.25,4,1,High,Low
CUST00404,Male,45,55,Monthly,3286.17,Cash,Fiber,2,0,345.89,14,5,5,1,171702.38,1,49-72 months,3121.8615,2,1,Medium,Medium
CUST00405,Female,39,9,Monthly,1236.69,Debit Card,Fiber,1,2,259.36,2,5,2,0,10573.7,0,0-12 months,1174.8555,3,2,Low,Low
CUST00406,Female,58,52,One Year,844.64,Credit Card,Fiber,0,3,174.41,28,5,2,0,41725.22,0,49-72 months,802.4079999999999,3,3,High,Low
CUST00407,Female,34,2,Two Year,3487.98,UPI,DSL,2,1,177.22,21,10,6,3,6278.36,1,0-12 months,3139.1820000000002,3,4,High,Medium
CUST00408,Female,43,25,Monthly,4604.27,Bank Transfer,Fiber,3,0,190.85,15,15,10,1,97840.74,0,25-48 months,3913.6295000000005,3,1,Medium,High
CUST00409,Female,61,13,Monthly,2706.835,Bank Transfer,Fiber,0,1,221.54,12,5,3,0,31772.47,1,13-24 months,2571.49325,1,1,Medium,Low
CUST00410,Female,24,51,Two Year,684.48,UPI,Fiber,1,4,127.59,14,0,10,0,34908.48,0,49-72 months,684.48,5,4,Medium,High
CUST00411,Male,59,58,Two Year,4461.34,Debit Card,DSL,0,0,142.31,23,5,9,1,245819.83,0,49-72 months,4238.273,0,1,High,High
CUST00412,Female,43,34,One Year,801.38,Debit Card,Unknown,1,1,479.39,10,0,6,0,27246.92,0,25-48 months,801.38,2,1,Low,Medium
CUST00413,Female,42,35,Two Year,4403.81,Bank Transfer,DSL,2,0,154.12,26,0,10,0,154133.35,0,25-48 months,4403.81,2,0,High,High
CUST00414,Male,27,3,One Year,2263.19,UPI,Fiber,5,2,315.32,3,0,10,3,72487.86,0,0-12 months,2263.19,7,5,Low,High
CUST00415,Male,62,59,One Year,2144.28,UPI,Fiber,1,2,175.94,2,15,2,0,107535.64,0,49-72 months,1822.6380000000001,3,2,Low,Low
CUST00416,Male,36,70,Monthly,2942.59,Credit Card,Fiber,3,1,406.37,2,10,1,1,185383.17,0,49-72 months,2648.331,4,2,Low,Low
CUST00417,Male,28,48,Monthly,4806.88,Bank Transfer,DSL,0,1,349.49,11,0,2,2,230730.24,1,25-48 months,4806.88,1,3,Medium,Low
CUST00418,Female,30,64,Monthly,4544.33,Debit Card,Fiber,3,3,167.47,12,15,10,1,247211.55,0,49-72 months,3862.6805,6,4,Medium,High
CUST00419,Female,70,19,Two Year,2616.49,Cash,Unknown,1,5,359.73,15,15,6,1,42256.31,0,13-24 months,2224.0164999999997,6,6,Medium,Medium
CUST00420,Female,25,67,Two Year,3631.2,Debit Card,Unknown,2,1,379.59,12,15,2,1,206796.84,0,49-72 months,3086.52,3,2,Medium,Low
CUST00421,Female,57,5,One Year,3111.93,Debit Card,Fiber,1,2,73.45,11,0,7,1,15559.65,0,0-12 months,3111.93,3,3,Medium,Medium
CUST00422,Female,21,67,Monthly,3620.58,Cash,Fiber,3,0,291.18,20,0,7,2,242578.86,0,49-72 months,3620.58,3,2,Medium,Medium
CUST00423,Female,64,11,Monthly,4231.97,Bank Transfer,Fiber,2,6,404.84,20,0,1,0,46551.67,1,0-12 months,4231.97,8,6,Medium,Low
CUST00424,Male,48,68,Monthly,655.22,Credit Card,Fiber,2,0,29.92,14,20,6,1,35643.97,1,49-72 months,524.176,2,1,Medium,Medium
CUST00425,Female,45,69,Monthly,1965.92,Debit Card,DSL,1,0,256.39,5,10,5,2,122083.63,1,49-72 months,1769.3280000000002,1,2,Low,Medium
CUST00426,Male,28,1,One Year,4816.98,Debit Card,DSL,2,0,420.72,19,0,8,0,4816.98,0,0-12 months,4816.98,2,0,Medium,High
CUST00427,Male,60,63,Two Year,4772.01,Bank Transfer,Fiber,2,2,476.62,27,15,8,1,255541.14,0,49-72 months,4056.2085,4,3,High,High
CUST00428,Female,18,29,Monthly,550.49,Bank Transfer,DSL,2,1,329.71,30,5,9,1,15166.0,0,25-48 months,522.9655,3,2,High,High
CUST00429,Male,66,12,Monthly,1406.48,UPI,DSL,1,1,167.26,17,10,2,5,15189.98,1,0-12 months,1265.832,2,6,Medium,Low
CUST00430,Female,64,41,One Year,4971.97,Bank Transfer,Unknown,1,1,304.4,29,10,1,1,183465.69,0,25-48 months,4474.773,2,2,High,Low
CUST00431,Male,69,2,Monthly,2706.835,Bank Transfer,DSL,1,2,18.54,15,10,10,1,4891.88,0,0-12 months,2436.1515,3,3,Medium,High
CUST00432,Female,55,37,Two Year,3077.9,Debit Card,DSL,1,1,230.65,20,5,6,1,108188.18,0,25-48 months,2924.005,2,2,Medium,Medium
CUST00433,Male,41,45,Monthly,1248.89,Credit Card,Fiber,3,3,365.03,17,5,2,1,53390.05,0,25-48 months,1186.4455,6,4,Medium,Low
CUST00434,Female,64,48,Monthly,4524.51,Debit Card,DSL,1,2,22.92,29,0,5,2,217176.48,1,25-48 months,4524.51,3,4,High,Medium
CUST00435,Female,48,24,Monthly,1540.69,Bank Transfer,Fiber,2,0,303.6,12,0,1,1,36976.56,1,13-24 months,1540.69,2,1,Medium,Low
CUST00436,Female,58,22,Monthly,1353.41,UPI,DSL,0,0,296.22,8,15,1,2,25308.77,1,13-24 months,1150.3985,0,2,Low,Low
CUST00437,Female,63,11,One Year,1526.55,Credit Card,Fiber,2,1,98.89,15,15,5,1,14273.24,1,0-12 months,1297.5674999999999,3,2,Medium,Medium
CUST00438,Female,67,58,Monthly,4638.3,UPI,Fiber,1,1,286.77,21,10,6,1,242119.26,0,49-72 months,4174.47,2,2,High,Medium
CUST00439,Male,43,46,Monthly,3662.81,Cash,Fiber,3,3,207.68,2,5,7,0,160064.8,1,25-48 months,3479.6695,6,3,Low,Medium
CUST00440,Male,66,29,Monthly,3958.68,UPI,Fiber,1,1,242.02,28,0,4,1,114801.72,1,25-48 months,3958.68,2,2,High,Medium
CUST00441,Male,67,35,Monthly,2196.66,UPI,Fiber,4,2,166.08,21,5,4,0,73038.94,0,25-48 months,2086.8269999999998,6,2,High,Medium
CUST00442,Female,22,15,Monthly,4591.3,Bank Transfer,Unknown,2,1,406.12,21,10,5,0,61982.55,0,13-24 months,4132.17,3,1,High,Medium
CUST00443,Male,37,60,Monthly,4052.34,Bank Transfer,Fiber,6,2,186.0,17,0,6,1,243140.4,1,49-72 months,4052.34,8,3,Medium,Medium
CUST00444,Female,69,42,One Year,3877.69,Bank Transfer,DSL,6,2,396.45,21,0,8,1,162862.98,1,25-48 months,3877.69,8,3,High,High
CUST00445,Female,58,43,Two Year,4869.23,Bank Transfer,Fiber,3,0,42.9,24,5,9,2,198908.05,0,25-48 months,4625.768499999999,3,2,High,High
CUST00446,Male,28,49,Monthly,2147.89,Bank Transfer,Fiber,1,0,142.9,10,5,7,1,99984.28,0,49-72 months,2040.4954999999998,1,1,Low,Medium
CUST00447,Male,50,64,Monthly,3249.38,UPI,Fiber,0,1,204.32,18,10,10,1,187164.29,0,49-72 months,2924.442,1,2,Medium,High
CUST00448,Female,67,32,Monthly,4594.68,Cash,Fiber,2,1,205.27,24,5,3,1,139678.27,0,25-48 months,4364.946,3,2,High,Low
CUST00449,Male,55,64,Monthly,4059.0,Bank Transfer,Fiber,2,0,223.44,29,15,6,1,220809.6,0,49-72 months,3450.15,2,1,High,Medium
CUST00450,Female,44,2,One Year,3035.21,Cash,Fiber,2,1,327.93,24,5,9,1,5766.9,0,0-12 months,2883.4494999999997,3,2,High,High
CUST00451,Female,51,24,Two Year,842.96,Cash,Fiber,2,0,289.16,12,0,6,0,20231.04,0,13-24 months,842.96,2,0,Medium,Medium
CUST00452,Female,32,66,One Year,3437.26,Debit Card,Unknown,2,1,262.92,1,0,10,1,226859.16,0,49-72 months,3437.26,3,2,Low,High
CUST00453,Female,49,38,Monthly,2869.5,Debit Card,Fiber,2,1,419.65,4,10,8,1,98136.9,1,25-48 months,2582.55,3,2,Low,High
CUST00454,Female,38,31,Monthly,1328.81,Credit Card,DSL,0,2,102.1,5,5,8,1,39133.45,1,25-48 months,1262.3694999999998,2,3,Low,High
CUST00455,Male,63,26,Two Year,4470.14,Debit Card,Unknown,0,1,430.82,26,5,4,1,110412.46,0,25-48 months,4246.633,1,2,High,Medium
CUST00456,Male,22,29,Monthly,2044.62,Bank Transfer,DSL,3,1,406.66,24,20,7,0,47435.18,0,25-48 months,1635.696,4,1,High,Medium
CUST00457,Female,23,67,Monthly,2243.66,Cash,Unknown,4,0,101.87,3,5,7,0,142808.96,0,49-72 months,2131.477,4,0,Low,Medium
CUST00458,Female,55,25,Two Year,3525.81,Credit Card,Fiber,3,1,313.91,1,0,7,1,88145.25,0,25-48 months,3525.81,4,2,Low,Medium
CUST00459,Male,39,48,One Year,2699.59,Debit Card,DSL,1,1,115.52,7,5,8,4,123101.3,0,25-48 months,2564.6105000000002,2,5,Low,High
CUST00460,Male,35,65,One Year,901.76,UPI,Fiber,1,3,471.7,20,5,2,1,55683.68,0,49-72 months,856.6719999999999,4,4,Medium,Low
CUST00461,Female,31,53,Monthly,2243.49,Credit Card,Fiber,2,0,249.01,26,0,2,1,118904.97,0,49-72 months,2243.49,2,1,High,Low
CUST00462,Male,27,67,Monthly,925.1,Bank Transfer,DSL,0,2,105.84,12,5,6,2,58882.62,1,49-72 months,878.845,2,4,Medium,Medium
CUST00463,Female,63,18,Monthly,1358.38,Cash,Unknown,1,1,319.87,21,20,6,0,19560.67,0,13-24 months,1086.7040000000002,2,1,High,Medium
CUST00464,Male,30,9,One Year,532.28,Bank Transfer,Unknown,10,1,355.07,6,10,5,2,4311.47,0,0-12 months,479.05199999999996,11,3,Low,Medium
CUST00465,Female,48,38,Monthly,1315.91,Bank Transfer,Fiber,3,0,304.46,20,5,2,0,47504.35,0,25-48 months,1250.1145,3,0,Medium,Low
CUST00466,Male,47,21,Two Year,1987.01,UPI,Fiber,2,2,124.64,17,0,8,0,41727.21,1,13-24 months,1987.01,4,2,Medium,High
CUST00467,Female,20,65,Two Year,2921.98,UPI,DSL,1,1,368.93,11,0,3,2,189928.7,0,49-72 months,2921.98,2,3,Medium,Low
CUST00468,Male,47,21,Monthly,4636.75,Cash,DSL,2,1,465.13,8,15,1,1,82765.99,1,13-24 months,3941.2374999999997,3,2,Low,Low
CUST00469,Male,23,27,Monthly,2931.47,Debit Card,Fiber,0,0,476.31,11,5,1,1,75192.21,0,25-48 months,2784.8965,0,1,Medium,Low
CUST00470,Female,46,70,Monthly,3675.22,Bank Transfer,Fiber,2,1,341.34,13,15,7,0,218675.59,1,49-72 months,3123.937,3,1,Medium,Medium
CUST00471,Male,25,44,One Year,2109.55,Debit Card,DSL,2,1,420.92,9,15,7,1,78897.17,0,25-48 months,1793.1175,3,2,Low,Medium
CUST00472,Female,61,28,One Year,3882.34,Cash,DSL,5,0,489.42,19,5,6,0,103270.24,0,25-48 months,3688.223,5,0,Medium,Medium
CUST00473,Male,62,45,One Year,3292.11,Bank Transfer,Fiber,0,0,26.47,26,15,6,1,125923.21,0,25-48 months,2798.2935,0,1,High,Medium
CUST00474,Female,60,17,Monthly,2569.07,Debit Card,DSL,5,0,241.11,20,0,5,0,43674.19,1,13-24 months,2569.07,5,0,Medium,Medium
CUST00475,Male,61,40,Monthly,1371.96,Bank Transfer,DSL,6,0,149.25,5,0,6,1,54878.4,1,25-48 months,1371.96,6,1,Low,Medium
CUST00476,Female,50,3,One Year,1865.93,UPI,Unknown,2,4,240.02,10,0,2,0,5597.79,0,0-12 months,1865.93,6,4,Low,Low
CUST00477,Male,34,66,Monthly,3294.26,UPI,DSL,3,0,458.87,13,0,5,1,217421.16,0,49-72 months,3294.26,3,1,Medium,Medium
CUST00478,Female,65,46,One Year,2417.25,Credit Card,Fiber,1,0,491.78,25,10,2,1,100074.15,0,25-48 months,2175.525,1,1,High,Low
CUST00479,Male,28,30,One Year,4502.24,Cash,Unknown,4,1,452.94,5,5,3,1,128313.84,0,25-48 months,4277.128,5,2,Low,Low
CUST00480,Female,30,69,Monthly,1556.78,Debit Card,Fiber,3,2,102.57,23,0,5,1,107417.82,0,49-72 months,1556.78,5,3,High,Medium
CUST00481,Female,67,9,Monthly,828.83,Bank Transfer,Unknown,0,2,402.42,3,0,1,1,7459.47,1,0-12 months,828.83,2,3,Low,Low
CUST00482,Female,28,11,Monthly,3152.07,Credit Card,DSL,4,1,409.74,17,5,3,1,32939.13,1,0-12 months,2994.4665,5,2,Medium,Low
CUST00483,Male,48,69,Monthly,4487.23,Cash,Unknown,2,2,291.79,22,5,10,1,294137.93,0,49-72 months,4262.8685,4,3,High,High
CUST00484,Female,45,66,One Year,2141.33,Cash,Fiber,3,0,358.87,29,10,6,3,127195.0,0,49-72 months,1927.197,3,3,High,Medium
CUST00485,Male,61,31,One Year,3414.7,Cash,DSL,1,0,453.15,10,10,2,2,95270.13,0,25-48 months,3073.23,1,2,Low,Low
CUST00486,Female,23,33,Two Year,1541.36,Debit Card,DSL,3,0,497.11,17,0,3,4,50864.88,0,25-48 months,1541.36,3,4,Medium,Low
CUST00487,Male,58,39,One Year,3013.12,UPI,DSL,0,1,24.83,6,0,9,2,117511.68,0,25-48 months,3013.12,1,3,Low,High
CUST00488,Female,33,46,Monthly,4040.56,Credit Card,Fiber,2,0,132.3,24,10,8,2,167279.18,0,25-48 months,3636.504,2,2,High,High
CUST00489,Male,21,37,Monthly,4401.64,Debit Card,Fiber,1,2,467.62,14,0,3,1,162860.68,1,25-48 months,4401.64,3,3,Medium,Low
CUST00490,Male,52,60,Two Year,973.04,Bank Transfer,DSL,3,0,167.93,9,15,7,0,49625.04,0,49-72 months,827.084,3,0,Low,Medium
CUST00491,Female,65,31,Monthly,2103.69,Debit Card,Fiber,2,0,57.71,24,10,4,1,58692.95,0,25-48 months,1893.3210000000001,2,1,High,Medium
CUST00492,Male,43,11,One Year,3378.4,Bank Transfer,DSL,3,2,160.07,29,5,7,0,35304.28,0,0-12 months,3209.48,5,2,High,Medium
CUST00493,Male,29,2,One Year,656.25,Bank Transfer,Fiber,3,0,261.66,5,10,5,1,1181.25,0,0-12 months,590.625,3,1,Low,Medium
CUST00494,Female,28,27,Monthly,3607.77,Cash,Unknown,1,0,196.12,23,0,2,0,97409.79,0,25-48 months,3607.77,1,0,High,Low
CUST00495,Male,54,2,Monthly,2876.15,Debit Card,Fiber,5,0,395.21,22,5,6,1,5464.68,0,0-12 months,2732.3424999999997,5,1,High,Medium
CUST00496,Male,42,21,One Year,1798.55,UPI,Fiber,1,1,307.46,25,5,1,2,35881.07,0,13-24 months,1708.6225,2,3,High,Low
CUST00497,Male,35,58,Two Year,4165.95,Bank Transfer,Fiber,1,0,220.28,20,5,6,1,229543.84,0,49-72 months,3957.6524999999997,1,1,Medium,Medium
CUST00498,Female,36,5,Monthly,1805.23,Cash,DSL,1,2,498.64,8,0,1,0,9026.15,1,0-12 months,1805.23,3,2,Low,Low
CUST00499,Male,40,52,Two Year,4961.37,UPI,DSL,2,1,443.54,28,5,3,2,245091.68,0,49-72 months,4713.3015,3,3,High,Low
CUST00500,Female,55,45,One Year,4173.67,Debit Card,DSL,0,0,431.82,27,15,10,0,159642.88,0,25-48 months,3547.6195,0,0,High,High
CUST00501,Male,35,20,Two Year,3685.91,UPI,DSL,1,0,285.79,25,0,7,3,73718.2,0,13-24 months,3685.91,1,3,High,Medium
CUST00502,Male,43,61,Monthly,776.06,Debit Card,Fiber,3,0,391.06,16,0,2,2,47339.66,0,49-72 months,776.06,3,2,Medium,Low
CUST00503,Male,23,38,Monthly,4569.4,Bank Transfer,Unknown,2,1,171.26,7,0,9,2,173637.2,0,25-48 months,4569.4,3,3,Low,High
CUST00504,Female,21,20,Two Year,4055.25,Credit Card,Unknown,2,2,168.28,28,5,3,1,77049.75,0,13-24 months,3852.4874999999997,4,3,High,Low
CUST00505,Male,61,25,Two Year,1530.61,Credit Card,Fiber,2,2,446.57,23,5,3,0,36351.99,0,25-48 months,1454.0794999999998,4,2,High,Low
CUST00506,Male,68,2,Monthly,2265.12,Bank Transfer,Unknown,3,1,300.43,2,5,7,1,4303.73,0,0-12 months,2151.8639999999996,4,2,Low,Medium
CUST00507,Female,46,32,One Year,1708.84,UPI,DSL,2,1,175.08,9,15,1,0,46480.45,0,25-48 months,1452.514,3,1,Low,Low
CUST00508,Male,51,26,Two Year,4929.87,Debit Card,DSL,0,1,423.43,28,15,5,0,108950.13,0,25-48 months,4190.3895,1,1,High,Medium
CUST00509,Female,34,70,Monthly,4343.88,Credit Card,DSL,2,2,224.06,21,5,10,0,288868.02,0,49-72 months,4126.686,4,2,High,High
CUST00510,Female,60,41,One Year,4686.01,Debit Card,DSL,5,0,202.99,10,0,3,1,192126.41,0,25-48 months,4686.01,5,1,Low,Low
CUST00511,Male,60,67,Two Year,4049.48,Bank Transfer,Unknown,4,1,17.95,19,5,1,0,257749.4,1,49-72 months,3847.006,5,1,Medium,Low
CUST00512,Female,70,1,Monthly,2553.57,UPI,DSL,3,2,341.11,4,0,7,0,2553.57,1,0-12 months,2553.57,5,2,Low,Medium
CUST00513,Male,33,51,Monthly,1424.45,Debit Card,Fiber,2,0,268.66,13,0,10,2,72646.95,0,49-72 months,1424.45,2,2,Medium,High
CUST00514,Female,19,5,One Year,1436.36,UPI,DSL,1,0,159.36,26,15,7,0,6104.53,0,0-12 months,1220.906,1,0,High,Medium
CUST00515,Female,51,13,Monthly,1182.57,Credit Card,Fiber,1,2,73.95,2,5,9,1,14604.74,0,13-24 months,1123.4415,3,3,Low,High
CUST00516,Male,25,19,Monthly,2959.92,Debit Card,DSL,0,1,95.3,19,15,7,1,47802.71,0,13-24 months,2515.932,1,2,Medium,Medium
CUST00517,Female,30,12,Two Year,4639.85,Cash,DSL,2,0,116.31,6,20,4,0,72487.86,1,0-12 months,3711.8800000000006,2,0,Low,Medium
CUST00518,Female,59,48,One Year,4963.09,Credit Card,Fiber,2,3,433.28,16,5,3,1,226316.9,0,25-48 months,4714.9355,5,4,Medium,Low
CUST00519,Female,25,25,Two Year,1792.85,UPI,Fiber,2,1,242.91,15,15,6,1,38098.06,0,25-48 months,1523.9225,3,2,Medium,Medium
CUST00520,Female,47,57,Two Year,3637.92,Bank Transfer,DSL,1,2,349.27,14,10,6,0,186625.3,0,49-72 months,3274.128,3,2,Medium,Medium
CUST00521,Female,49,35,Monthly,3186.94,Cash,Fiber,2,0,233.35,13,0,2,1,111542.9,1,25-48 months,3186.94,2,1,Medium,Low
CUST00522,Male,53,5,Monthly,2700.21,Debit Card,Fiber,2,2,239.5,28,5,7,1,12826.0,0,0-12 months,2565.1994999999997,4,3,High,Medium
CUST00523,Female,64,22,Monthly,3495.96,Credit Card,DSL,1,0,411.96,17,10,1,0,69220.01,1,13-24 months,3146.364,1,0,Medium,Low
CUST00524,Male,47,57,Monthly,2171.13,Debit Card,Unknown,4,0,386.72,18,10,9,0,111378.97,0,49-72 months,1954.017,4,0,Medium,High
CUST00525,Female,18,47,One Year,4750.18,Debit Card,Unknown,4,0,119.91,20,15,2,0,189769.69,1,25-48 months,4037.6530000000002,4,0,Medium,Low
CUST00526,Male,60,54,One Year,3674.52,Cash,Fiber,1,0,314.73,1,10,3,0,178581.67,0,49-72 months,3307.068,1,0,Low,Low
CUST00527,Male,56,3,Monthly,3893.9,Cash,DSL,4,2,341.69,22,0,6,0,72487.86,0,0-12 months,3893.9,6,2,High,Medium
CUST00528,Female,34,53,Monthly,1590.9,Cash,Fiber,3,0,205.38,28,0,7,1,84317.7,1,49-72 months,1590.9,3,1,High,Medium
CUST00529,Female,37,31,Monthly,1258.62,Cash,DSL,0,0,38.82,4,0,1,1,39017.22,0,25-48 months,1258.62,0,1,Low,Low
CUST00530,Female,41,69,Monthly,2274.53,Bank Transfer,DSL,0,1,188.85,16,0,3,2,156942.57,1,49-72 months,2274.53,1,3,Medium,Low
CUST00531,Male,67,33,Monthly,3950.03,UPI,Unknown,6,2,182.36,18,0,6,0,130350.99,0,25-48 months,3950.03,8,2,Medium,Medium
CUST00532,Female,39,72,Monthly,4724.58,Cash,Unknown,3,2,346.86,10,10,4,0,306152.78,0,49-72 months,4252.122,5,2,Low,Medium
CUST00533,Male,46,50,One Year,2422.98,Credit Card,Fiber,1,4,405.71,20,5,5,0,115091.55,0,49-72 months,2301.831,5,4,Medium,Medium
CUST00534,Male,39,16,Monthly,2706.835,Debit Card,Unknown,2,1,201.03,28,10,3,1,57365.42,1,13-24 months,2436.1515,3,2,High,Low
CUST00535,Male,61,39,Monthly,2616.83,Cash,Unknown,4,1,324.63,8,5,8,1,96953.55,1,25-48 months,2485.9885,5,2,Low,High
CUST00536,Female,26,46,One Year,1828.53,Credit Card,DSL,2,3,323.2,6,0,1,0,84112.38,0,25-48 months,1828.53,5,3,Low,Low
CUST00537,Female,54,47,Monthly,3826.69,Bank Transfer,Fiber,5,2,325.84,27,5,10,1,72487.86,0,25-48 months,3635.3554999999997,7,3,High,High
CUST00538,Male,27,44,One Year,4091.91,Credit Card,DSL,1,0,279.38,17,0,7,0,180044.04,0,25-48 months,4091.91,1,0,Medium,Medium
CUST00539,Male,53,9,Monthly,1412.78,Credit Card,Fiber,4,0,316.46,29,20,2,2,10172.02,1,0-12 months,1130.224,4,2,High,Low
CUST00540,Female,54,50,Monthly,1873.26,Bank Transfer,DSL,0,1,434.51,5,10,8,0,84296.7,0,49-72 months,1685.934,1,1,Low,High
CUST00541,Male,45,60,Monthly,2726.5,Bank Transfer,Fiber,2,1,461.31,27,0,3,2,163590.0,0,49-72 months,2726.5,3,3,High,Low
CUST00542,Female,45,15,Two Year,1339.35,Debit Card,DSL,2,2,50.44,22,10,4,0,18081.23,0,13-24 months,1205.415,4,2,High,Medium
CUST00543,Male,59,36,Monthly,4679.75,Cash,Unknown,1,0,10.82,4,0,2,0,168471.0,0,25-48 months,4679.75,1,0,Low,Low
CUST00544,Female,60,63,Two Year,3161.0,Credit Card,Fiber,1,1,261.86,4,5,5,1,189185.85,0,49-72 months,3002.95,2,2,Low,Medium
CUST00545,Male,38,69,Monthly,1045.41,UPI,DSL,2,0,209.34,19,0,9,1,72133.29,0,49-72 months,1045.41,2,1,Medium,High
CUST00546,Female,41,41,Monthly,1328.13,UPI,Fiber,2,2,228.33,29,10,4,0,49008.0,0,25-48 months,1195.3170000000002,4,2,High,Medium
CUST00547,Male,59,24,Monthly,4794.6,Debit Card,DSL,3,0,231.96,26,5,7,0,109316.88,1,13-24 months,4554.87,3,0,High,Medium
CUST00548,Female,57,49,Monthly,3821.76,UPI,DSL,0,2,448.12,26,10,8,0,168539.62,0,49-72 months,3439.5840000000003,2,2,High,High
CUST00549,Female,19,18,Monthly,3804.82,Debit Card,Fiber,2,1,320.13,22,0,10,2,68486.76,0,13-24 months,3804.82,3,3,High,High
CUST00550,Male,25,7,Monthly,826.24,Cash,DSL,1,2,223.96,28,10,1,0,5205.31,1,0-12 months,743.616,3,2,High,Low
CUST00551,Male,65,4,Monthly,4528.84,Debit Card,Unknown,1,3,230.12,9,10,6,2,16303.82,0,0-12 months,4075.956,4,5,Low,Medium
CUST00552,Female,44,69,Monthly,2496.81,Bank Transfer,Fiber,4,1,423.03,13,5,5,2,163665.9,1,49-72 months,2371.9694999999997,5,3,Medium,Medium
CUST00553,Male,39,60,Monthly,3468.73,Bank Transfer,DSL,0,2,112.44,7,15,10,2,176905.23,0,49-72 months,2948.4204999999997,2,4,Low,High
CUST00554,Female,54,55,Monthly,4818.6,Bank Transfer,DSL,5,0,12.3,25,0,10,3,265023.0,0,49-72 months,4818.6,5,3,High,High
CUST00555,Male,44,16,Monthly,950.06,Bank Transfer,Fiber,0,0,241.69,28,10,1,1,13680.86,1,13-24 months,855.054,0,1,High,Low
CUST00556,Female,46,29,One Year,2670.24,Bank Transfer,Unknown,1,1,480.43,30,0,9,0,77436.96,0,25-48 months,2670.24,2,1,High,High
CUST00557,Female,20,23,Two Year,723.26,Bank Transfer,DSL,5,0,408.11,22,0,10,0,16634.98,0,13-24 months,723.26,5,0,High,High
CUST00558,Female,61,14,Monthly,2747.95,Bank Transfer,Fiber,6,1,207.16,29,0,7,5,38471.3,0,13-24 months,2747.95,7,6,High,Medium
CUST00559,Female,30,49,Monthly,1635.17,Bank Transfer,Fiber,2,1,91.67,18,10,1,0,72111.0,0,49-72 months,1471.653,3,1,Medium,Low
CUST00560,Female,62,33,Monthly,4599.79,Bank Transfer,Fiber,2,0,287.22,22,10,2,1,136613.76,0,25-48 months,4139.811,2,1,High,Low
CUST00561,Female,27,25,Two Year,2293.22,Unknown,DSL,4,1,440.45,23,5,4,3,54463.97,0,25-48 months,2178.5589999999997,5,4,High,Medium
CUST00562,Male,53,21,Monthly,3352.43,Bank Transfer,DSL,3,3,360.05,18,0,10,0,70401.03,1,13-24 months,3352.43,6,3,Medium,High
CUST00563,Male,26,17,One Year,4371.29,Debit Card,DSL,2,0,272.4,30,10,9,1,66880.74,0,13-24 months,3934.161,2,1,High,High
CUST00564,Male,44,23,Monthly,4926.61,Cash,DSL,5,2,368.76,17,0,2,3,113312.03,1,13-24 months,4926.61,7,5,Medium,Low
CUST00565,Female,51,57,Monthly,2767.19,UPI,Fiber,0,2,482.5,29,10,1,1,141956.85,1,49-72 months,2490.471,2,3,High,Low
CUST00566,Female,68,58,Monthly,2550.91,Credit Card,DSL,3,2,278.58,22,0,1,0,147952.78,1,49-72 months,2550.91,5,2,High,Low
CUST00567,Female,18,14,Monthly,840.83,Cash,Unknown,2,1,279.9,28,0,9,1,11771.62,0,13-24 months,840.83,3,2,High,High
CUST00568,Female,49,20,Two Year,557.33,Bank Transfer,Unknown,1,3,241.91,8,10,1,1,10031.94,0,13-24 months,501.59700000000004,4,4,Low,Low
CUST00569,Male,42,30,Monthly,3239.61,Cash,Fiber,3,2,285.47,11,15,4,1,72487.86,0,25-48 months,2753.6685,5,3,Medium,Medium
CUST00570,Male,46,19,One Year,794.59,Credit Card,DSL,3,1,319.41,6,0,5,4,15097.21,0,13-24 months,794.59,4,5,Low,Medium
CUST00571,Female,24,53,One Year,2211.71,Credit Card,Fiber,2,2,106.12,8,10,6,4,105498.57,0,49-72 months,1990.539,4,6,Low,Medium
CUST00572,Male,66,56,One Year,516.23,Bank Transfer,Fiber,0,2,286.17,22,0,6,3,28908.88,0,49-72 months,516.23,2,5,High,Medium
CUST00573,Male,20,23,Monthly,3268.52,Unknown,DSL,3,2,11.66,22,15,3,2,63899.57,0,13-24 months,2778.2419999999997,5,4,High,Low
CUST00574,Female,37,62,Monthly,2414.37,Debit Card,Fiber,1,0,469.28,30,5,7,1,142206.39,0,49-72 months,2293.6515,1,1,High,Medium
CUST00575,Male,37,33,Monthly,1071.59,Credit Card,Fiber,2,1,23.73,8,10,8,1,31826.22,0,25-48 months,964.4309999999999,3,2,Low,High
CUST00576,Female,70,18,Monthly,1833.65,Bank Transfer,DSL,3,1,479.29,19,0,1,1,33005.7,0,13-24 months,1833.65,4,2,Medium,Low
CUST00577,Male,47,33,One Year,3063.47,Credit Card,Unknown,0,2,484.65,15,15,9,0,85930.33,0,25-48 months,2603.9494999999997,2,2,Medium,High
CUST00578,Female,52,32,Monthly,3455.21,Debit Card,Unknown,1,2,265.76,19,5,6,1,105038.38,1,25-48 months,3282.4494999999997,3,3,Medium,Medium
CUST00579,Female,52,61,One Year,2580.51,UPI,DSL,2,4,169.55,6,0,1,3,157411.11,0,49-72 months,2580.51,6,7,Low,Low
CUST00580,Female,66,54,Monthly,4117.82,Credit Card,Fiber,1,3,96.55,4,5,9,1,211244.17,0,49-72 months,3911.9289999999996,4,4,Low,High
CUST00581,Female,56,17,Two Year,1005.98,Debit Card,Fiber,1,2,85.28,23,0,4,0,17101.66,1,13-24 months,1005.98,3,2,High,Medium
CUST00582,Male,44,19,Monthly,880.46,Debit Card,DSL,3,0,122.78,27,0,9,2,16728.74,0,13-24 months,880.46,3,2,High,High
CUST00583,Female,43,70,Monthly,699.1,Debit Card,Unknown,4,2,240.72,7,0,10,0,48937.0,0,49-72 months,699.1,6,2,Low,High
CUST00584,Female,31,34,Two Year,2911.23,Cash,Unknown,3,2,372.73,25,0,5,0,98981.82,0,25-48 months,2911.23,5,2,High,Medium
CUST00585,Female,34,25,Monthly,3678.04,Bank Transfer,DSL,2,2,202.37,2,10,6,3,82755.9,1,25-48 months,3310.236,4,5,Low,Medium
CUST00586,Male,35,68,Two Year,1087.35,Credit Card,Fiber,2,0,391.6,27,5,9,1,70242.81,0,49-72 months,1032.9824999999998,2,1,High,High
CUST00587,Female,62,11,Monthly,3375.26,Cash,Fiber,6,0,284.47,2,5,6,1,35271.47,1,0-12 months,3206.497,6,1,Low,Medium
CUST00588,Male,69,16,Monthly,2646.26,Credit Card,Fiber,3,2,14.54,22,15,1,1,72487.86,1,13-24 months,2249.321,5,3,High,Low
CUST00589,Female,46,61,One Year,4943.05,Cash,Unknown,0,2,70.24,14,10,1,0,271373.44,0,49-72 months,4448.745,2,2,Medium,Low
CUST00590,Male,37,7,Two Year,3728.63,Bank Transfer,Fiber,3,1,288.26,9,0,2,1,26100.41,0,0-12 months,3728.63,4,2,Low,Low
CUST00591,Male,70,16,Monthly,3458.63,Debit Card,DSL,2,2,84.78,29,0,2,1,55338.08,1,13-24 months,3458.63,4,3,High,Low
CUST00592,Female,44,16,Two Year,3067.02,Credit Card,Fiber,1,1,306.11,7,0,6,1,49072.32,0,13-24 months,3067.02,2,2,Low,Medium
CUST00593,Male,35,40,One Year,2706.835,Debit Card,DSL,3,1,225.41,22,10,10,3,179573.4,0,25-48 months,2436.1515,4,4,High,High
CUST00594,Female,21,12,Two Year,4912.07,Bank Transfer,DSL,1,1,346.59,5,5,10,1,55997.6,0,0-12 months,4666.4664999999995,2,2,Low,High
CUST00595,Female,18,35,Monthly,2921.52,Credit Card,DSL,4,2,149.26,24,20,5,1,81802.56,1,25-48 months,2337.216,6,3,High,Medium
CUST00596,Female,67,21,Monthly,2548.33,UPI,DSL,2,0,411.7,12,0,7,1,53514.93,0,13-24 months,2548.33,2,1,Medium,Medium
CUST00597,Male,18,50,Two Year,2579.52,UPI,DSL,1,0,197.5,18,15,8,0,109629.6,0,49-72 months,2192.592,1,0,Medium,High
CUST00598,Male,43,43,Two Year,2427.54,UPI,Fiber,3,0,399.34,28,0,10,0,104384.22,0,25-48 months,2427.54,3,0,High,High
CUST00599,Female,62,17,Monthly,2891.29,Bank Transfer,Fiber,1,0,14.59,19,5,10,1,46694.33,0,13-24 months,2746.7255,1,1,Medium,High
CUST00600,Female,37,32,Monthly,1731.13,UPI,Unknown,1,0,199.58,16,15,10,0,47086.74,0,25-48 months,1471.4605000000001,1,0,Medium,High
CUST00601,Male,69,41,Monthly,4670.55,Credit Card,Fiber,1,1,113.99,12,10,10,0,172343.3,0,25-48 months,4203.495,2,1,Medium,High
CUST00602,Female,40,6,One Year,2706.04,UPI,Fiber,3,1,224.62,6,5,3,1,15424.43,0,0-12 months,2570.738,4,2,Low,Low
CUST00603,Female,27,27,Monthly,4289.04,Credit Card,Fiber,1,1,473.67,1,0,9,1,115804.08,1,25-48 months,4289.04,2,2,Low,High
CUST00604,Female,28,20,Monthly,2638.87,Bank Transfer,Fiber,1,0,83.68,12,20,1,1,42221.92,1,13-24 months,2111.096,1,1,Medium,Low
CUST00605,Male,58,25,Monthly,3732.31,Debit Card,Fiber,0,0,48.56,24,0,3,1,93307.75,0,25-48 months,3732.31,0,1,High,Low
CUST00606,Male,58,66,One Year,2015.97,Cash,DSL,2,0,33.96,30,0,2,1,133054.02,0,49-72 months,2015.97,2,1,High,Low
CUST00607,Male,22,9,Monthly,3311.63,UPI,Unknown,1,3,66.06,11,5,6,0,28314.44,0,0-12 months,3146.0485,4,3,Medium,Medium
CUST00608,Female,18,53,Monthly,2742.67,Cash,DSL,3,2,35.67,11,0,1,1,145361.51,0,49-72 months,2742.67,5,3,Medium,Low
CUST00609,Female,34,61,One Year,2152.01,Debit Card,Fiber,2,0,343.95,9,5,8,1,124708.98,0,49-72 months,2044.4095000000002,2,1,Low,High
CUST00610,Female,39,38,One Year,4467.0,Bank Transfer,DSL,1,0,63.11,2,0,10,1,169746.0,0,25-48 months,4467.0,1,1,Low,High
CUST00611,Male,51,3,Monthly,1007.2,Bank Transfer,DSL,3,2,102.73,29,15,10,1,2568.36,0,0-12 months,856.12,5,3,High,High
CUST00612,Female,62,70,Monthly,2691.15,Debit Card,Unknown,1,1,324.54,25,0,3,1,188380.5,0,49-72 months,2691.15,2,2,High,Low
CUST00613,Female,58,55,One Year,1374.66,Cash,Fiber,1,0,225.85,21,10,6,0,68045.67,0,49-72 months,1237.1940000000002,1,0,High,Medium
CUST00614,Female,46,1,Two Year,4374.75,UPI,Fiber,2,1,32.06,8,15,2,0,3718.54,0,0-12 months,3718.5375,3,1,Low,Low
CUST00615,Female,21,70,One Year,1640.61,Credit Card,DSL,2,0,485.48,1,15,5,0,97616.3,0,49-72 months,1394.5185,2,0,Low,Medium
CUST00616,Male,22,45,Two Year,3350.44,Bank Transfer,DSL,1,1,301.97,1,15,2,0,128154.33,0,25-48 months,2847.874,2,1,Low,Low
CUST00617,Male,28,47,One Year,1245.04,Debit Card,DSL,2,0,308.83,28,10,7,1,52665.19,0,25-48 months,1120.536,2,1,High,Medium
CUST00618,Female,68,26,One Year,2322.11,Cash,Fiber,1,2,427.03,12,0,5,2,60374.86,0,25-48 months,2322.11,3,4,Medium,Medium
CUST00619,Male,38,14,Monthly,4547.11,UPI,DSL,1,1,455.0,4,5,8,1,60476.56,0,13-24 months,4319.754499999999,2,2,Low,High
CUST00620,Male,52,54,Monthly,1247.29,Cash,Fiber,1,0,33.26,1,5,6,1,63985.98,0,49-72 months,1184.9254999999998,1,1,Low,Medium
CUST00621,Female,29,71,Monthly,3484.38,UPI,Fiber,2,1,38.83,12,0,8,3,247390.98,0,49-72 months,3484.38,3,4,Medium,High
CUST00622,Female,43,46,Monthly,1420.3,Credit Card,Fiber,1,1,389.39,14,20,9,0,52267.04,0,25-48 months,1136.24,2,1,Medium,High
CUST00623,Male,68,31,Monthly,2370.87,Credit Card,Fiber,0,2,349.44,1,15,7,3,62472.42,1,25-48 months,2015.2395,2,5,Low,Medium
CUST00624,Female,36,59,Monthly,2932.78,Debit Card,Fiber,2,1,112.32,12,10,1,1,155730.62,1,49-72 months,2639.5020000000004,3,2,Medium,Low
CUST00625,Male,62,29,One Year,3097.88,Debit Card,Fiber,3,1,164.01,5,5,9,0,85346.59,0,25-48 months,2942.986,4,1,Low,High
CUST00626,Female,24,17,Monthly,3211.3,UPI,Fiber,2,1,307.47,2,10,9,2,49132.89,0,13-24 months,2890.17,3,3,Low,High
CUST00627,Male,64,14,Monthly,3380.59,UPI,Fiber,4,0,395.55,4,10,10,1,42595.43,0,13-24 months,3042.5310000000004,4,1,Low,High
CUST00628,Female,24,36,Two Year,1722.96,UPI,Fiber,0,0,303.56,24,5,2,1,58925.23,0,25-48 months,1636.812,0,1,High,Low
CUST00629,Male,43,58,Monthly,2306.15,UPI,Fiber,1,0,397.02,11,0,2,0,133756.7,1,49-72 months,2306.15,1,0,Medium,Low
CUST00630,Male,57,24,Monthly,667.93,Credit Card,Fiber,0,2,118.17,22,10,7,0,14427.29,0,13-24 months,601.137,2,2,High,Medium
CUST00631,Male,22,63,Monthly,3959.41,Debit Card,Fiber,1,1,168.9,18,5,5,1,236970.69,0,49-72 months,3761.4394999999995,2,2,Medium,Medium
CUST00632,Female,38,25,Two Year,4266.95,Debit Card,Fiber,3,0,55.3,19,0,5,0,106673.75,0,25-48 months,4266.95,3,0,Medium,Medium
CUST00633,Male,31,59,Monthly,1396.57,Bank Transfer,Fiber,3,2,492.48,18,0,1,0,82397.63,0,49-72 months,1396.57,5,2,Medium,Low
CUST00634,Male,21,32,One Year,1406.5,Debit Card,Fiber,2,0,405.45,20,15,6,2,38256.8,0,25-48 months,1195.5249999999999,2,2,Medium,Medium
CUST00635,Female,40,18,Monthly,689.16,Debit Card,DSL,1,1,359.32,15,0,8,2,12404.88,0,13-24 months,689.16,2,3,Medium,High
CUST00636,Female,59,37,Monthly,4866.73,Cash,DSL,1,1,101.43,21,5,4,0,171065.56,1,25-48 months,4623.393499999999,2,1,High,Medium
CUST00637,Male,37,26,Monthly,4132.34,Cash,Unknown,1,0,350.85,28,10,3,2,96696.76,0,25-48 months,3719.106,1,2,High,Low
CUST00638,Male,32,9,One Year,2123.16,Bank Transfer,DSL,4,0,431.89,30,15,10,0,16242.17,0,0-12 months,1804.686,4,0,High,High
CUST00639,Female,67,64,Two Year,2668.59,UPI,Unknown,2,1,406.12,15,5,10,0,162250.27,0,49-72 months,2535.1605,3,1,Medium,High
CUST00640,Female,69,72,One Year,1813.85,Bank Transfer,Fiber,3,0,378.57,9,0,1,0,130597.2,0,49-72 months,1813.85,3,0,Low,Low
CUST00641,Female,62,20,One Year,3187.6,Bank Transfer,DSL,0,3,196.64,23,0,4,1,63752.0,1,13-24 months,3187.6,3,4,High,Medium
CUST00642,Female,46,54,Monthly,3727.89,Credit Card,DSL,1,1,384.65,8,0,2,0,201306.06,0,49-72 months,3727.89,2,1,Low,Low
CUST00643,Female,25,30,One Year,2513.16,Debit Card,Unknown,0,2,244.86,23,0,5,1,75394.8,0,25-48 months,2513.16,2,3,High,Medium
CUST00644,Male,58,53,Monthly,4431.17,Credit Card,Fiber,1,0,205.24,27,15,10,2,199624.21,0,49-72 months,3766.4945,1,2,High,High
CUST00645,Female,65,63,One Year,2826.62,Debit Card,Unknown,3,2,482.57,10,10,1,1,160269.35,1,49-72 months,2543.958,5,3,Low,Low
CUST00646,Male,36,11,Monthly,1149.14,Bank Transfer,DSL,2,2,77.6,8,0,9,0,12640.54,0,0-12 months,1149.14,4,2,Low,High
CUST00647,Male,65,31,Monthly,3300.31,Debit Card,DSL,3,0,433.04,29,5,9,0,97194.13,0,25-48 months,3135.2945,3,0,High,High
CUST00648,Male,56,49,Monthly,2580.04,UPI,Unknown,5,1,164.44,11,0,5,2,126421.96,0,49-72 months,2580.04,6,3,Medium,Medium
CUST00649,Female,63,19,Monthly,4710.52,UPI,Unknown,3,0,260.62,21,10,1,0,80549.89,1,13-24 months,4239.468000000001,3,0,High,Low
CUST00650,Male,45,12,Monthly,2263.52,Bank Transfer,DSL,0,2,184.65,19,20,3,0,21729.79,0,0-12 months,1810.816,2,2,Medium,Low
CUST00651,Male,63,15,One Year,2312.9,Cash,Fiber,2,0,254.08,12,10,7,1,31224.15,0,13-24 months,2081.61,2,1,Medium,Medium
CUST00652,Female,44,31,Monthly,3428.48,UPI,Fiber,4,1,410.11,7,10,5,1,95654.59,0,25-48 months,3085.632,5,2,Low,Medium
CUST00653,Male,21,43,Monthly,2871.44,Bank Transfer,Fiber,1,0,95.59,30,5,9,0,117298.32,0,25-48 months,2727.868,1,0,High,High
CUST00654,Male,32,37,One Year,2185.02,Credit Card,Fiber,1,1,378.62,1,0,4,1,80845.74,0,25-48 months,2185.02,2,2,Low,Medium
CUST00655,Female,52,29,Monthly,4953.98,Cash,Fiber,1,2,225.72,3,5,5,0,136482.15,0,25-48 months,4706.280999999999,3,2,Low,Medium
CUST00656,Male,54,26,One Year,2706.835,UPI,DSL,3,0,467.8,23,5,3,1,45937.8,0,25-48 months,2571.49325,3,1,High,Low
CUST00657,Male,18,2,One Year,1748.88,Bank Transfer,DSL,0,0,275.76,13,5,8,0,3322.87,0,0-12 months,1661.436,0,0,Medium,High
CUST00658,Male,20,15,Two Year,4389.92,Bank Transfer,Fiber,5,3,25.48,4,0,3,2,65848.8,1,13-24 months,4389.92,8,5,Low,Low
CUST00659,Female,64,4,One Year,515.18,Credit Card,DSL,1,0,455.55,23,5,6,0,1957.68,0,0-12 months,489.42099999999994,1,0,High,Medium
CUST00660,Female,41,50,Monthly,1405.64,Credit Card,Fiber,2,0,462.62,26,10,7,0,63253.8,0,49-72 months,1265.076,2,0,High,Medium
CUST00661,Female,44,38,Monthly,3157.01,Cash,Unknown,1,2,94.06,10,0,2,0,119966.38,1,25-48 months,3157.01,3,2,Low,Low
CUST00662,Male,57,23,Monthly,1231.03,UPI,Unknown,1,2,486.47,6,10,7,0,25482.32,0,13-24 months,1107.927,3,2,Low,Medium
CUST00663,Male,53,59,Two Year,4936.12,Bank Transfer,DSL,2,0,225.67,4,0,3,0,291231.08,0,49-72 months,4936.12,2,0,Low,Low
CUST00664,Female,51,28,Monthly,2588.88,Cash,Unknown,2,0,457.64,23,0,3,1,72488.64,0,25-48 months,2588.88,2,1,High,Low
CUST00665,Male,46,66,Monthly,3188.14,Cash,Fiber,1,1,185.22,8,15,5,1,178854.65,0,49-72 months,2709.919,2,2,Low,Medium
CUST00666,Male,41,8,Monthly,1221.68,Credit Card,DSL,2,0,16.23,14,10,4,1,8796.1,0,0-12 months,1099.5120000000002,2,1,Medium,Medium
CUST00667,Female,41,29,Two Year,1802.2,Bank Transfer,Unknown,1,0,398.54,24,0,10,1,52263.8,0,25-48 months,1802.2,1,1,High,High
CUST00668,Female,59,11,Monthly,3265.81,Debit Card,Fiber,1,0,443.48,23,0,7,3,35923.91,0,0-12 months,3265.81,1,3,High,Medium
CUST00669,Male,21,18,Two Year,2972.99,Credit Card,Unknown,2,0,85.59,18,20,3,1,42811.06,1,13-24 months,2378.392,2,1,Medium,Low
CUST00670,Male,20,55,Monthly,4029.64,Bank Transfer,DSL,1,2,279.22,8,0,9,1,221630.2,0,49-72 months,4029.64,3,3,Low,High
CUST00671,Male,51,50,Monthly,1711.55,Cash,Fiber,4,0,416.62,5,5,1,2,81298.62,1,49-72 months,1625.9724999999999,4,2,Low,Low
CUST00672,Female,66,14,Monthly,3440.94,Cash,Fiber,1,2,233.47,14,5,2,0,45764.5,1,13-24 months,3268.893,3,2,Medium,Low
CUST00673,Female,40,9,Two Year,1809.39,UPI,DSL,1,0,395.24,25,5,9,0,15470.28,0,0-12 months,1718.9205,1,0,High,High
CUST00674,Female,70,11,Two Year,3140.39,Debit Card,Unknown,2,3,320.86,22,0,8,1,34544.29,0,0-12 months,3140.39,5,4,High,High
CUST00675,Female,69,63,Monthly,3222.64,Credit Card,Fiber,1,1,361.76,15,0,7,0,203026.32,0,49-72 months,3222.64,2,1,Medium,Medium
CUST00676,Male,40,67,Monthly,1048.28,UPI,DSL,1,0,459.81,20,20,9,0,56187.81,0,49-72 months,838.624,1,0,Medium,High
CUST00677,Female,62,53,One Year,2968.85,UPI,Fiber,3,0,211.33,25,0,5,0,157349.05,0,49-72 months,2968.85,3,0,High,Medium
CUST00678,Female,22,39,Monthly,553.72,Debit Card,DSL,1,0,386.63,17,10,3,1,19435.57,1,25-48 months,498.348,1,1,Medium,Low
CUST00679,Female,48,56,Monthly,2755.45,Credit Card,DSL,2,0,357.78,4,15,2,1,131159.42,1,49-72 months,2342.1324999999997,2,1,Low,Low
CUST00680,Female,70,28,Monthly,3638.85,Credit Card,DSL,3,3,222.3,27,10,6,0,91699.02,1,25-48 months,3274.965,6,3,High,Medium
CUST00681,Female,58,39,Monthly,827.75,Cash,DSL,2,0,193.68,21,0,2,2,32282.25,0,25-48 months,827.75,2,2,High,Low
CUST00682,Male,23,25,Monthly,4724.2,Credit Card,Unknown,0,1,441.27,20,5,8,2,112199.75,0,25-48 months,4487.99,1,3,Medium,High
CUST00683,Male,54,21,Monthly,2564.4,UPI,Fiber,1,0,106.35,13,15,5,1,45774.54,1,13-24 months,2179.7400000000002,1,1,Medium,Medium
CUST00684,Female,27,10,Monthly,4722.87,Unknown,DSL,3,0,162.66,15,20,2,2,37782.96,1,0-12 months,3778.2960000000003,3,2,Medium,Low
CUST00685,Male,57,43,Two Year,983.29,Credit Card,Fiber,2,0,487.37,9,0,6,1,42281.47,0,25-48 months,983.29,2,1,Low,Medium
CUST00686,Female,24,15,Monthly,4774.56,Debit Card,DSL,2,1,142.3,17,0,6,1,71618.4,0,13-24 months,4774.56,3,2,Medium,Medium
CUST00687,Female,56,48,One Year,991.39,UPI,DSL,2,0,436.88,3,20,8,3,38069.38,0,25-48 months,793.1120000000001,2,3,Low,High
CUST00688,Male,55,21,Monthly,2576.73,Bank Transfer,Fiber,3,1,188.86,9,15,6,1,45994.63,0,13-24 months,2190.2205,4,2,Low,Medium
CUST00689,Male,38,60,One Year,4720.96,Debit Card,DSL,0,0,277.85,28,0,3,0,283257.6,0,49-72 months,4720.96,0,0,High,Low
CUST00690,Female,37,50,Monthly,1547.19,Debit Card,DSL,3,1,202.18,23,20,8,5,61887.6,0,49-72 months,1237.7520000000002,4,6,High,High
CUST00691,Female,20,23,One Year,2706.835,Credit Card,Unknown,4,3,114.54,21,0,2,1,72487.86,1,13-24 months,2706.835,7,4,High,Low
CUST00692,Female,68,13,Monthly,4069.0,Cash,Fiber,2,2,347.1,11,0,9,1,52897.0,0,13-24 months,4069.0,4,3,Medium,High
CUST00693,Male,39,69,Two Year,3181.48,Cash,Fiber,4,1,483.47,22,10,6,2,197569.91,0,49-72 months,2863.332,5,3,High,Medium
CUST00694,Female,64,4,Monthly,2812.65,UPI,DSL,1,0,446.94,20,5,1,1,10688.07,0,0-12 months,2672.0175,1,1,Medium,Low
CUST00695,Female,21,72,Monthly,654.55,Credit Card,DSL,2,1,492.71,21,0,4,1,47127.6,0,49-72 months,654.55,3,2,High,Medium
CUST00696,Female,45,9,Two Year,3439.54,Cash,Fiber,2,0,347.11,24,15,1,0,26312.48,0,0-12 months,2923.609,2,0,High,Low
CUST00697,Male,29,35,One Year,1272.31,Bank Transfer,Unknown,2,1,22.07,5,5,3,1,42304.31,0,25-48 months,1208.6944999999998,3,2,Low,Low
CUST00698,Female,55,21,Monthly,4690.39,Credit Card,DSL,2,2,279.26,26,5,10,0,93573.28,0,13-24 months,4455.8705,4,2,High,High
CUST00699,Female,68,58,Two Year,3585.77,Credit Card,Unknown,3,2,313.15,18,10,6,0,187177.19,0,49-72 months,3227.193,5,2,Medium,Medium
CUST00700,Male,53,18,Monthly,3681.65,Cash,DSL,1,0,64.47,24,0,3,2,66269.7,0,13-24 months,3681.65,1,2,High,Low
CUST00701,Female,64,72,Monthly,1546.61,Debit Card,Fiber,1,2,415.07,12,5,5,0,105788.12,0,49-72 months,1469.2794999999999,3,2,Medium,Medium
CUST00702,Female,58,43,Two Year,4463.39,Credit Card,Fiber,4,1,366.39,19,5,8,1,182329.48,0,25-48 months,4240.2205,5,2,Medium,High
CUST00703,Male,22,6,Monthly,2919.8,Debit Card,Unknown,0,4,226.97,5,10,8,0,15766.92,0,0-12 months,2627.82,4,4,Low,High
CUST00704,Female,30,67,Two Year,4356.88,UPI,Fiber,3,0,149.54,29,0,9,0,291910.96,0,49-72 months,4356.88,3,0,High,High
CUST00705,Male,40,12,Monthly,1719.26,UPI,Unknown,4,1,114.79,12,0,4,0,20631.12,0,0-12 months,1719.26,5,1,Medium,Medium
CUST00706,Male,67,12,One Year,3899.58,Cash,DSL,4,0,482.4,27,0,5,1,46794.96,0,0-12 months,3899.58,4,1,High,Medium
CUST00707,Female,47,66,Monthly,3085.55,UPI,Fiber,1,2,402.03,6,15,4,1,173099.36,0,49-72 months,2622.7175,3,3,Low,Medium
CUST00708,Female,54,2,Two Year,717.89,Cash,DSL,3,3,348.23,17,15,7,0,1220.41,0,0-12 months,610.2065,6,3,Medium,Medium
CUST00709,Female,42,15,One Year,2324.04,Cash,DSL,2,2,474.45,14,15,9,2,29631.51,0,13-24 months,1975.434,4,4,Medium,High
CUST00710,Female,65,23,Monthly,1327.6,Debit Card,DSL,2,1,105.73,3,10,6,0,27481.32,0,13-24 months,1194.84,3,1,Low,Medium
CUST00711,Male,44,29,One Year,2116.28,Debit Card,Fiber,3,0,429.52,1,10,2,1,55234.91,0,25-48 months,1904.6520000000003,3,1,Low,Low
CUST00712,Female,68,7,Monthly,2225.08,UPI,Unknown,1,0,293.81,23,0,7,2,15575.56,0,0-12 months,2225.08,1,2,High,Medium
CUST00713,Male,31,28,One Year,2637.18,Debit Card,DSL,5,1,466.86,13,0,3,0,73841.04,0,25-48 months,2637.18,6,1,Medium,Low
CUST00714,Female,65,14,Two Year,3201.31,Credit Card,Unknown,1,0,332.0,18,5,8,2,42577.42,0,13-24 months,3041.2445,1,2,Medium,High
CUST00715,Female,64,44,Monthly,3069.4,Bank Transfer,DSL,6,0,372.06,10,0,3,1,135053.6,1,25-48 months,3069.4,6,1,Low,Low
CUST00716,Female,53,30,One Year,675.46,Credit Card,Fiber,2,0,115.02,23,0,9,0,20263.8,0,25-48 months,675.46,2,0,High,High
CUST00717,Male,56,32,Monthly,3878.1,Credit Card,DSL,0,0,175.77,28,0,1,0,124099.2,0,25-48 months,3878.1,0,0,High,Low
CUST00718,Female,33,70,Monthly,4771.33,Cash,DSL,3,0,154.64,30,0,6,3,333993.1,0,49-72 months,4771.33,3,3,High,Medium
CUST00719,Female,39,6,Monthly,2069.07,Bank Transfer,Fiber,4,1,348.6,19,0,10,1,12414.42,0,0-12 months,2069.07,5,2,Medium,High
CUST00720,Female,38,27,One Year,1308.86,Cash,Unknown,3,0,208.53,19,0,7,0,35339.22,0,25-48 months,1308.86,3,0,Medium,Medium
CUST00721,Female,38,24,Monthly,2930.01,Debit Card,Fiber,3,2,430.69,17,5,3,1,66804.23,0,13-24 months,2783.5095,5,3,Medium,Low
CUST00722,Male,25,34,One Year,2706.835,Debit Card,Unknown,3,0,110.23,7,0,6,0,124851.74,0,25-48 months,2706.835,3,0,Low,Medium
CUST00723,Female,66,40,Monthly,3555.07,Bank Transfer,Unknown,3,3,398.86,28,15,10,1,120872.38,0,25-48 months,3021.8095,6,4,High,High
CUST00724,Male,33,47,One Year,3254.49,UPI,Unknown,0,0,407.56,8,15,3,1,130016.88,0,25-48 months,2766.3165,0,1,Low,Low
CUST00725,Male,48,24,Monthly,1158.05,Debit Card,Fiber,1,0,315.8,16,15,9,1,23624.22,0,13-24 months,984.3425,1,1,Medium,High
CUST00726,Male,59,65,Two Year,4265.71,Credit Card,DSL,3,1,78.41,16,5,6,2,263407.59,1,49-72 months,4052.4244999999996,4,3,Medium,Medium
CUST00727,Male,27,18,Monthly,2415.3,Bank Transfer,DSL,3,3,166.73,27,10,8,0,39127.86,0,13-24 months,2173.7700000000004,6,3,High,High
CUST00728,Male,49,44,Monthly,1496.61,Bank Transfer,DSL,0,0,201.88,16,5,4,4,62558.3,0,25-48 months,1421.7794999999999,0,4,Medium,Medium
CUST00729,Male,51,57,Monthly,888.2,Debit Card,DSL,2,2,235.4,20,0,8,1,50627.4,0,49-72 months,888.2,4,3,Medium,High
CUST00730,Female,26,28,One Year,2375.24,Debit Card,DSL,2,0,369.7,9,10,5,0,72487.86,0,25-48 months,2137.716,2,0,Low,Medium
CUST00731,Male,34,71,Monthly,3280.88,Cash,DSL,0,1,172.49,30,15,8,0,198001.11,0,49-72 months,2788.748,1,1,High,High
CUST00732,Male,28,23,One Year,3494.2,Cash,DSL,4,1,14.02,13,0,2,0,80366.6,0,13-24 months,3494.2,5,1,Medium,Low
CUST00733,Male,49,34,Monthly,4832.32,Credit Card,Fiber,3,0,433.71,4,10,3,0,147868.99,1,25-48 months,4349.088,3,0,Low,Low
CUST00734,Female,27,11,One Year,1189.17,Bank Transfer,Fiber,3,2,219.0,10,10,10,2,11772.78,0,0-12 months,1070.2530000000002,5,4,Low,High
CUST00735,Female,39,35,Monthly,4935.98,UPI,Unknown,1,1,145.03,21,10,4,1,155483.37,0,25-48 months,4442.382,2,2,High,Medium
CUST00736,Male,34,42,Monthly,3446.04,UPI,DSL,2,1,410.5,27,15,1,0,123023.63,0,25-48 months,2929.134,3,1,High,Low
CUST00737,Female,21,28,Monthly,2544.03,Unknown,Fiber,1,0,440.03,22,0,5,1,71232.84,0,25-48 months,2544.03,1,1,High,Medium
CUST00738,Male,65,24,Monthly,4496.87,Credit Card,Unknown,1,2,366.86,9,15,3,2,91736.15,1,13-24 months,3822.3394999999996,3,4,Low,Low
CUST00739,Male,69,8,Monthly,3625.16,Cash,Fiber,4,0,180.39,25,10,7,1,26101.15,0,0-12 months,3262.644,4,1,High,Medium
CUST00740,Female,64,53,Two Year,2069.23,Cash,Fiber,0,0,119.39,24,15,2,0,93218.81,0,49-72 months,1758.8455,0,0,High,Low
CUST00741,Male,42,72,Two Year,4478.39,Cash,Fiber,3,1,357.84,26,5,1,0,306321.88,0,49-72 months,4254.4705,4,1,High,Low
CUST00742,Female,38,4,One Year,3499.77,UPI,Unknown,2,0,33.44,28,0,2,1,13999.08,1,0-12 months,3499.77,2,1,High,Low
CUST00743,Female,54,5,Monthly,3644.77,UPI,Unknown,3,0,198.57,18,15,3,0,15490.27,1,0-12 months,3098.0544999999997,3,0,Medium,Low
CUST00744,Male,55,49,Monthly,4533.75,Credit Card,DSL,3,0,380.61,12,15,10,2,188830.69,0,49-72 months,3853.6875,3,2,Medium,High
CUST00745,Male,66,30,One Year,2517.87,UPI,Fiber,2,2,294.61,26,0,5,1,75536.1,0,25-48 months,2517.87,4,3,High,Medium
CUST00746,Female,18,72,Monthly,3456.07,Debit Card,DSL,3,1,368.26,10,10,6,3,223953.34,0,49-72 months,3110.463,4,4,Low,Medium
CUST00747,Male,42,63,Two Year,3851.1,Unknown,DSL,0,0,288.59,17,0,8,0,242619.3,0,49-72 months,3851.1,0,0,Medium,High
CUST00748,Male,68,47,Monthly,2542.73,Cash,Fiber,2,2,123.65,12,0,4,0,119508.31,0,25-48 months,2542.73,4,2,Medium,Medium
CUST00749,Male,53,26,Two Year,875.53,Credit Card,Fiber,1,0,244.19,2,5,4,0,21625.59,0,25-48 months,831.7534999999999,1,0,Low,Medium
CUST00750,Female,34,57,Monthly,3971.48,Bank Transfer,DSL,2,1,387.67,14,0,2,0,226374.36,0,49-72 months,3971.48,3,1,Medium,Low
CUST00751,Female,58,37,One Year,715.17,Bank Transfer,Fiber,1,3,119.04,6,5,3,1,25138.23,0,25-48 months,679.4114999999999,4,4,Low,Low
CUST00752,Male,41,7,Monthly,3730.61,Credit Card,Fiber,1,1,481.7,11,10,3,1,23502.84,1,0-12 months,3357.549,2,2,Medium,Low
CUST00753,Female,19,40,Two Year,4598.94,Debit Card,DSL,1,0,105.42,14,15,2,2,156363.96,0,25-48 months,3909.0989999999997,1,2,Medium,Low
CUST00754,Female,57,39,Monthly,2061.36,Bank Transfer,DSL,4,1,12.03,23,0,1,2,80393.04,1,25-48 months,2061.36,5,3,High,Low
CUST00755,Female,32,62,One Year,959.28,Cash,Unknown,1,1,390.15,14,0,2,0,59475.36,0,49-72 months,959.28,2,1,Medium,Low
CUST00756,Female,49,53,Two Year,1547.89,Bank Transfer,Fiber,2,2,464.56,6,10,5,0,73834.35,0,49-72 months,1393.101,4,2,Low,Medium
CUST00757,Female,56,4,Monthly,3030.27,Bank Transfer,DSL,3,1,127.09,1,0,8,1,12121.08,0,0-12 months,3030.27,4,2,Low,High
CUST00758,Male,23,25,Monthly,4741.97,Cash,Fiber,0,2,81.75,17,0,5,1,118549.25,0,25-48 months,4741.97,2,3,Medium,Medium
CUST00759,Male,18,7,Monthly,2805.27,UPI,Fiber,1,0,115.84,17,0,3,0,19636.89,0,0-12 months,2805.27,1,0,Medium,Low
CUST00760,Male,64,28,Monthly,1007.32,Debit Card,DSL,1,0,315.79,17,15,7,0,23974.22,0,25-48 months,856.222,1,0,Medium,Medium
CUST00761,Female,40,69,Monthly,3325.02,Cash,Fiber,0,0,291.62,10,15,4,0,195012.42,0,49-72 months,2826.267,0,0,Low,Medium
CUST00762,Female,56,67,Monthly,3797.8,Cash,Fiber,1,0,312.57,30,15,7,2,216284.71,0,49-72 months,3228.13,1,2,High,Medium
CUST00763,Male,34,20,Monthly,2269.78,Credit Card,DSL,4,0,8.83,10,0,8,1,45395.6,1,13-24 months,2269.78,4,1,Low,High
CUST00764,Female,51,11,One Year,3746.81,Debit Card,Fiber,2,1,82.71,14,10,3,2,37093.42,0,0-12 months,3372.129,3,3,Medium,Low
CUST00765,Male,58,67,One Year,1961.7,UPI,Unknown,2,2,125.4,1,20,10,2,105147.12,0,49-72 months,1569.3600000000001,4,4,Low,High
CUST00766,Male,46,7,Monthly,4050.91,Cash,Fiber,2,2,350.06,2,5,1,3,26938.55,1,0-12 months,3848.3644999999997,4,5,Low,Low
CUST00767,Male,26,23,Two Year,2034.82,UPI,Fiber,2,3,306.33,18,0,8,1,46800.86,0,13-24 months,2034.82,5,4,Medium,High
CUST00768,Female,30,61,Two Year,1652.48,Cash,Fiber,1,1,313.83,20,10,6,0,90721.15,0,49-72 months,1487.232,2,1,Medium,Medium
CUST00769,Female,23,71,Monthly,4456.32,Cash,Fiber,2,0,287.5,3,5,3,1,300578.78,0,49-72 months,4233.504,2,1,Low,Low
CUST00770,Male,23,34,Monthly,2968.13,Credit Card,Unknown,0,1,373.53,4,5,9,0,95870.6,0,25-48 months,2819.7235,1,1,Low,High
CUST00771,Male,37,19,Monthly,1783.2,Bank Transfer,DSL,2,1,471.14,5,5,1,0,32186.76,0,13-24 months,1694.04,3,1,Low,Low
CUST00772,Male,69,58,One Year,4707.89,Debit Card,Fiber,2,0,338.42,20,0,8,0,273057.62,0,49-72 months,4707.89,2,0,Medium,High
CUST00773,Male,70,9,One Year,3608.83,Credit Card,DSL,4,0,373.76,3,0,9,0,32479.47,0,0-12 months,3608.83,4,0,Low,High
CUST00774,Female,20,48,Monthly,1493.15,UPI,Unknown,2,0,306.05,3,20,10,2,57336.96,0,25-48 months,1194.5200000000002,2,2,Low,High
CUST00775,Female,34,41,One Year,3265.89,Cash,Fiber,2,1,399.83,4,5,1,2,127206.42,0,25-48 months,3102.5955,3,3,Low,Low
CUST00776,Male,66,48,Monthly,4416.61,Cash,Fiber,3,1,471.78,6,0,9,1,211997.28,0,25-48 months,4416.61,4,2,Low,High
CUST00777,Male,29,45,Monthly,3632.69,Debit Card,Fiber,6,2,304.53,7,10,5,1,147123.94,1,25-48 months,3269.4210000000003,8,3,Low,Medium
CUST00778,Female,65,25,One Year,1601.42,Credit Card,Unknown,2,0,94.6,4,5,5,1,38033.72,0,25-48 months,1521.349,2,1,Low,Medium
CUST00779,Female,64,25,One Year,3419.82,Credit Card,Fiber,1,2,386.28,24,15,5,0,72671.18,0,25-48 months,2906.847,3,2,High,Medium
CUST00780,Male,62,19,Monthly,3286.22,UPI,Fiber,3,1,327.16,15,10,1,0,56194.36,0,13-24 months,2957.598,4,1,Medium,Low
CUST00781,Male,18,39,Monthly,4193.8,Credit Card,DSL,3,0,467.13,6,0,5,2,163558.2,0,25-48 months,4193.8,3,2,Low,Medium
CUST00782,Male,34,27,Two Year,1301.6,Credit Card,DSL,2,1,139.71,5,5,10,1,33386.04,0,25-48 months,1236.5199999999998,3,2,Low,High
CUST00783,Female,20,63,One Year,3648.36,Bank Transfer,DSL,1,1,485.17,8,5,10,2,218354.35,0,49-72 months,3465.942,2,3,Low,High
CUST00784,Female,43,68,One Year,623.17,Debit Card,Fiber,4,1,278.15,6,20,6,0,33900.45,0,49-72 months,498.536,5,1,Low,Medium
CUST00785,Female,32,19,Monthly,2706.835,Credit Card,DSL,1,1,482.18,17,0,5,0,69023.01,0,13-24 months,2706.835,2,1,Medium,Medium
CUST00786,Male,53,28,Monthly,4821.97,UPI,Unknown,2,1,393.1,16,0,6,1,135015.16,0,25-48 months,4821.97,3,2,Medium,Medium
CUST00787,Male,49,33,Monthly,1284.75,Cash,Fiber,4,0,433.65,11,15,9,2,36037.24,0,25-48 months,1092.0375,4,2,Medium,High
CUST00788,Female,49,10,Monthly,1900.85,Credit Card,Fiber,3,0,165.3,1,5,7,1,18058.08,0,0-12 months,1805.8075,3,1,Low,Medium
CUST00789,Female,21,30,One Year,3122.92,Credit Card,DSL,0,2,113.62,14,5,5,1,89003.22,0,25-48 months,2966.774,2,3,Medium,Medium
CUST00790,Male,35,22,Monthly,3795.78,Cash,DSL,4,1,313.92,13,15,10,2,70981.09,0,13-24 months,3226.413,5,3,Medium,High
CUST00791,Female,66,3,Monthly,2049.67,Bank Transfer,Fiber,1,1,190.29,10,0,9,1,6149.01,0,0-12 months,2049.67,2,2,Low,High
CUST00792,Female,36,48,Monthly,3489.17,Debit Card,Fiber,5,0,493.02,10,10,5,0,150732.14,0,25-48 months,3140.253,5,0,Low,Medium
CUST00793,Male,60,2,Monthly,4546.75,Bank Transfer,DSL,2,1,250.27,22,10,5,0,8184.15,0,0-12 months,4092.0750000000003,3,1,High,Medium
CUST00794,Female,69,54,Two Year,3769.51,UPI,DSL,3,0,59.68,8,5,6,0,193375.86,0,49-72 months,3581.0345,3,0,Low,Medium
CUST00795,Male,52,6,One Year,3699.6,Credit Card,Unknown,3,1,251.91,9,0,8,2,22197.6,0,0-12 months,3699.6,4,3,Low,High
CUST00796,Male,57,40,Monthly,2218.87,Bank Transfer,DSL,3,0,269.87,4,10,1,0,79879.32,0,25-48 months,1996.983,3,0,Low,Low
CUST00797,Male,31,2,One Year,4601.43,Debit Card,Fiber,0,1,7.34,11,0,9,0,9202.86,0,0-12 months,4601.43,1,1,Medium,High
CUST00798,Male,50,2,One Year,1747.95,UPI,DSL,3,2,126.52,23,15,8,1,2971.52,1,0-12 months,1485.7575,5,3,High,High
CUST00799,Male,31,55,One Year,1423.76,Bank Transfer,Fiber,0,1,5.66,9,5,7,1,74391.46,0,49-72 months,1352.572,1,2,Low,Medium
CUST00800,Male,51,72,Monthly,2139.01,Credit Card,Unknown,2,1,282.7,12,0,5,2,154008.72,0,49-72 months,2139.01,3,3,Medium,Medium
CUST00801,Male,21,60,Monthly,3425.7,Debit Card,DSL,1,1,149.61,13,5,1,1,195264.9,0,49-72 months,3254.4149999999995,2,2,Medium,Low
CUST00802,Female,41,6,Monthly,4377.55,Credit Card,DSL,0,1,90.74,8,0,7,0,26265.3,0,0-12 months,4377.55,1,1,Low,Medium
CUST00803,Male,46,19,Two Year,1094.35,Credit Card,DSL,0,1,420.1,28,5,9,0,19753.02,0,13-24 months,1039.6325,1,1,High,High
CUST00804,Male,36,27,One Year,2706.835,UPI,Fiber,3,2,19.86,13,15,3,0,95520.42,1,25-48 months,2300.80975,5,2,Medium,Low
CUST00805,Female,23,1,Monthly,4157.71,Debit Card,Fiber,2,4,347.4,24,0,8,1,4157.71,0,0-12 months,4157.71,6,5,High,High
CUST00806,Female,50,33,Monthly,3141.14,Cash,Fiber,2,0,288.63,1,0,3,1,103657.62,0,25-48 months,3141.14,2,1,Low,Low
CUST00807,Female,66,40,Monthly,3922.92,Credit Card,DSL,4,2,386.92,26,5,3,2,149070.96,1,25-48 months,3726.774,6,4,High,Low
CUST00808,Male,57,32,Monthly,1318.46,Debit Card,Fiber,4,2,70.47,22,5,7,2,40081.18,0,25-48 months,1252.537,6,4,High,Medium
CUST00809,Female,36,69,Two Year,1263.14,Credit Card,Fiber,5,1,436.43,11,5,6,0,82798.83,1,49-72 months,1199.983,6,1,Medium,Medium
CUST00810,Male,70,17,Monthly,4382.6,Bank Transfer,DSL,2,0,164.21,25,10,5,0,67053.78,0,13-24 months,3944.3400000000006,2,0,High,Medium
CUST00811,Male,18,8,Monthly,2741.67,Bank Transfer,Fiber,2,1,9.23,24,0,7,5,21933.36,1,0-12 months,2741.67,3,6,High,Medium
CUST00812,Male,22,57,Two Year,1606.72,Debit Card,DSL,2,1,330.06,2,0,9,1,91583.04,0,49-72 months,1606.72,3,2,Low,High
CUST00813,Male,44,42,Monthly,3599.29,UPI,Fiber,1,0,430.38,5,0,1,1,151170.18,1,25-48 months,3599.29,1,1,Low,Low
CUST00814,Female,33,9,One Year,4513.44,Cash,Fiber,0,0,180.08,11,5,10,0,38589.91,0,0-12 months,4287.767999999999,0,0,Medium,High
CUST00815,Female,23,35,Monthly,3345.45,Bank Transfer,Fiber,1,1,266.15,4,0,1,0,117090.75,1,25-48 months,3345.45,2,1,Low,Low
CUST00816,Male,57,71,One Year,2063.05,UPI,Unknown,3,1,209.1,8,5,5,1,139152.72,0,49-72 months,1959.8975,4,2,Low,Medium
CUST00817,Male,30,53,Monthly,2674.57,Cash,Fiber,2,1,26.02,25,0,8,1,141752.21,0,49-72 months,2674.57,3,2,High,High
CUST00818,Male,65,54,One Year,3885.21,Bank Transfer,Fiber,0,0,377.8,12,15,7,1,178331.14,0,49-72 months,3302.4285,0,1,Medium,Medium
CUST00819,Female,52,25,Monthly,803.76,Cash,DSL,2,0,471.03,3,15,7,4,17079.9,0,25-48 months,683.196,2,4,Low,Medium
CUST00820,Male,36,67,Monthly,1477.24,Credit Card,Unknown,0,1,212.94,25,10,3,3,89077.57,0,49-72 months,1329.516,1,4,High,Low
CUST00821,Male,29,62,One Year,2581.62,Debit Card,Fiber,0,0,76.5,17,15,9,1,136051.37,0,49-72 months,2194.377,0,1,Medium,High
CUST00822,Female,33,55,Monthly,3219.08,Bank Transfer,DSL,3,0,255.01,23,20,5,2,141639.52,0,49-72 months,2575.264,3,2,High,Medium
CUST00823,Female,60,46,One Year,2026.25,Bank Transfer,Unknown,2,0,452.85,8,0,10,2,93207.5,0,25-48 months,2026.25,2,2,Low,High
CUST00824,Male,27,24,Monthly,1842.76,Credit Card,DSL,1,1,304.88,6,20,3,1,35380.99,0,13-24 months,1474.208,2,2,Low,Low
CUST00825,Female,42,46,Monthly,686.23,Bank Transfer,Fiber,6,1,110.12,4,15,6,1,26831.59,0,25-48 months,583.2955,7,2,Low,Medium
CUST00826,Female,37,22,One Year,646.71,Bank Transfer,Fiber,4,1,278.84,4,5,8,1,13516.24,0,13-24 months,614.3745,5,2,Low,High
CUST00827,Male,48,11,One Year,1754.13,Bank Transfer,Unknown,2,2,166.8,7,15,8,0,16401.12,0,0-12 months,1491.0105,4,2,Low,High
CUST00828,Female,21,48,Two Year,2887.28,Bank Transfer,DSL,2,1,16.66,10,15,4,1,117801.02,0,25-48 months,2454.188,3,2,Low,Medium
CUST00829,Male,61,8,One Year,3003.67,Bank Transfer,Fiber,2,0,457.25,6,0,4,1,24029.36,0,0-12 months,3003.67,2,1,Low,Medium
CUST00830,Female,40,39,Monthly,2723.12,UPI,DSL,3,2,398.26,4,15,9,1,90271.43,0,25-48 months,2314.652,5,3,Low,High
CUST00831,Male,19,35,Two Year,2344.46,Bank Transfer,Fiber,2,0,462.42,21,5,10,0,77953.3,0,25-48 months,2227.237,2,0,High,High
CUST00832,Male,39,49,Monthly,1635.31,Credit Card,Fiber,0,0,342.98,10,15,2,2,68110.66,0,49-72 months,1390.0135,0,2,Low,Low
CUST00833,Male,68,46,Monthly,2303.12,Unknown,DSL,6,3,227.62,20,0,9,2,105943.52,0,25-48 months,2303.12,9,5,Medium,High
CUST00834,Female,54,38,Monthly,1124.42,Cash,Unknown,1,1,249.13,17,0,8,1,42727.96,1,25-48 months,1124.42,2,2,Medium,High
CUST00835,Male,25,8,Monthly,1018.67,Cash,DSL,4,1,106.29,20,20,3,1,6519.49,0,0-12 months,814.936,5,2,Medium,Low
CUST00836,Female,24,54,One Year,1849.74,Credit Card,Fiber,5,1,196.22,6,5,2,1,94891.66,0,49-72 months,1757.253,6,2,Low,Low
CUST00837,Male,31,37,Monthly,4979.07,UPI,Fiber,0,1,86.11,11,10,2,0,165803.03,1,25-48 months,4481.163,1,1,Medium,Low
CUST00838,Male,20,40,One Year,1969.24,Credit Card,DSL,0,2,239.36,18,10,1,1,70892.64,0,25-48 months,1772.316,2,3,Medium,Low
CUST00839,Female,67,34,Monthly,4714.05,UPI,DSL,0,4,324.73,23,10,10,1,144249.93,0,25-48 months,4242.645,4,5,High,High
CUST00840,Male,33,17,Monthly,2265.18,Debit Card,DSL,1,1,132.02,9,10,9,0,34657.25,0,13-24 months,2038.6619999999998,2,1,Low,High
CUST00841,Male,36,33,Monthly,2475.54,Cash,Fiber,1,1,472.16,12,15,1,2,69438.9,0,25-48 months,2104.209,2,3,Medium,Low
CUST00842,Female,68,47,One Year,4086.78,Cash,DSL,2,0,325.19,11,5,2,1,182474.73,0,25-48 months,3882.441,2,1,Medium,Low
CUST00843,Male,35,52,Monthly,921.37,Cash,Unknown,3,3,113.86,26,5,7,1,45515.68,1,49-72 months,875.3014999999999,6,4,High,Medium
CUST00844,Male,69,9,Two Year,1320.41,UPI,Fiber,2,0,87.67,18,15,5,1,10101.14,0,0-12 months,1122.3485,2,1,Medium,Medium
CUST00845,Male,33,33,Monthly,4882.28,Credit Card,DSL,1,2,89.14,23,5,1,0,153059.48,1,25-48 months,4638.165999999999,3,2,High,Low
CUST00846,Male,25,60,Monthly,2776.63,UPI,Fiber,0,2,487.06,2,10,4,5,149938.02,0,49-72 months,2498.967,2,7,Low,Medium
CUST00847,Female,50,21,One Year,699.39,Cash,Fiber,4,0,122.13,16,15,6,3,12484.11,0,13-24 months,594.4815,4,3,Medium,Medium
CUST00848,Female,66,58,Two Year,713.21,Cash,Fiber,2,1,88.35,9,15,8,0,72487.86,0,49-72 months,606.2285,3,1,Low,High
CUST00849,Male,29,69,Monthly,4582.58,Cash,DSL,1,0,86.17,16,15,2,2,268768.32,0,49-72 months,3895.1929999999998,1,2,Medium,Low
CUST00850,Female,70,10,One Year,4430.14,Cash,Fiber,0,2,175.43,12,10,10,2,39871.26,0,0-12 months,3987.126,2,4,Medium,High
CUST00851,Male,28,6,Two Year,2562.8,Debit Card,DSL,1,0,309.58,17,10,3,1,13839.12,0,0-12 months,2306.5200000000004,1,1,Medium,Low
CUST00852,Female,22,13,Two Year,1234.5,Cash,Fiber,1,2,44.14,13,5,7,1,15246.08,0,13-24 months,1172.7749999999999,3,3,Medium,Medium
CUST00853,Male,44,65,One Year,4236.28,UPI,Fiber,0,2,83.92,4,0,1,3,275358.2,0,49-72 months,4236.28,2,5,Low,Low
CUST00854,Male,29,20,One Year,1960.7,Cash,Fiber,4,0,488.34,13,0,7,0,39214.0,0,13-24 months,1960.7,4,0,Medium,Medium
CUST00855,Male,34,57,Monthly,2385.76,Bank Transfer,DSL,3,2,310.81,12,0,1,0,135988.32,1,49-72 months,2385.76,5,2,Medium,Low
CUST00856,Male,23,46,Two Year,3571.14,Debit Card,Fiber,2,1,74.14,2,20,8,3,131417.95,0,25-48 months,2856.9120000000003,3,4,Low,High
CUST00857,Male,50,8,Monthly,2090.29,Cash,Fiber,4,1,277.3,17,15,6,1,14213.97,0,0-12 months,1776.7465,5,2,Medium,Medium
CUST00858,Male,22,10,Two Year,3329.01,Bank Transfer,Fiber,3,2,124.26,15,5,10,1,31625.6,0,0-12 months,3162.5595,5,3,Medium,High
CUST00859,Female,45,67,Monthly,4483.77,UPI,Fiber,3,1,486.94,13,0,7,1,300412.59,0,49-72 months,4483.77,4,2,Medium,Medium
CUST00860,Male,31,11,Monthly,4088.18,Unknown,Fiber,0,1,197.46,2,0,2,0,44969.98,1,0-12 months,4088.18,1,1,Low,Low
CUST00861,Female,22,12,One Year,2217.25,Cash,Unknown,1,1,75.48,26,0,6,0,26607.0,0,0-12 months,2217.25,2,1,High,Medium
CUST00862,Male,50,10,Monthly,1795.71,UPI,Fiber,4,0,308.42,6,10,5,2,16161.39,1,0-12 months,1616.1390000000001,4,2,Low,Medium
CUST00863,Female,67,25,Monthly,1784.8,Bank Transfer,DSL,1,1,72.97,21,20,3,1,35696.0,0,25-48 months,1427.8400000000001,2,2,High,Low
CUST00864,Female,65,49,One Year,2068.66,Debit Card,Fiber,0,4,261.44,12,0,9,0,101364.34,0,49-72 months,2068.66,4,4,Medium,High
CUST00865,Female,58,49,One Year,2720.83,Cash,Unknown,0,2,426.86,29,0,5,1,133320.67,0,49-72 months,2720.83,2,3,High,Medium
CUST00866,Male,36,11,One Year,2374.69,UPI,Fiber,2,3,176.14,1,15,8,0,22203.35,0,0-12 months,2018.4865,5,3,Low,High
CUST00867,Male,39,62,Monthly,1098.52,Debit Card,Fiber,1,1,241.35,15,10,4,0,61297.42,0,49-72 months,988.668,2,1,Medium,Medium
CUST00868,Female,22,36,One Year,1235.55,Bank Transfer,DSL,0,1,58.62,3,0,6,1,44479.8,0,25-48 months,1235.55,1,2,Low,Medium
CUST00869,Male,19,39,Monthly,2043.18,Cash,DSL,1,2,324.94,28,0,4,1,79684.02,1,25-48 months,2043.18,3,3,High,Medium
CUST00870,Female,47,53,Monthly,3029.29,Debit Card,Unknown,2,2,60.5,10,5,4,1,152524.75,0,49-72 months,2877.8255,4,3,Low,Medium
CUST00871,Male,64,56,One Year,3166.99,Bank Transfer,Fiber,1,0,166.85,6,5,9,0,168483.87,0,49-72 months,3008.6404999999995,1,0,Low,High
CUST00872,Female,56,1,Two Year,2687.93,Bank Transfer,DSL,3,2,421.39,5,5,5,1,2553.53,0,0-12 months,2553.5334999999995,5,3,Low,Medium
CUST00873,Female,21,56,Monthly,3824.49,UPI,DSL,2,1,79.21,22,20,1,1,171337.15,0,49-72 months,3059.592,3,2,High,Low
CUST00874,Male,50,4,Monthly,3817.62,Bank Transfer,Unknown,2,2,420.88,8,0,7,1,15270.48,0,0-12 months,3817.62,4,3,Low,Medium
CUST00875,Female,30,30,Monthly,2424.32,Bank Transfer,Unknown,3,0,317.13,6,5,3,2,69093.12,0,25-48 months,2303.1040000000003,3,2,Low,Low
CUST00876,Male,37,12,Monthly,1059.98,Credit Card,Fiber,2,0,74.82,11,0,3,0,12719.76,0,0-12 months,1059.98,2,0,Medium,Low
CUST00877,Female,24,35,Monthly,2885.79,Bank Transfer,Fiber,2,1,88.4,14,0,6,3,101002.65,0,25-48 months,2885.79,3,4,Medium,Medium
CUST00878,Female,32,52,Two Year,2216.61,Cash,DSL,1,1,333.29,21,10,3,0,103737.35,0,49-72 months,1994.949,2,1,High,Low
CUST00879,Male,40,31,Two Year,1120.65,Debit Card,Fiber,3,1,365.94,27,0,1,3,34740.15,1,25-48 months,1120.65,4,4,High,Low
CUST00880,Male,31,68,One Year,4918.18,Cash,Unknown,2,2,329.59,20,10,6,1,300992.62,0,49-72 months,4426.362,4,3,Medium,Medium
CUST00881,Male,40,52,Monthly,2163.9,Cash,Fiber,1,0,358.46,5,0,7,2,112522.8,0,49-72 months,2163.9,1,2,Low,Medium
CUST00882,Female,36,7,One Year,3316.09,UPI,DSL,3,2,183.98,13,0,5,0,23212.63,1,0-12 months,3316.09,5,2,Medium,Medium
CUST00883,Male,46,22,Monthly,2705.58,Credit Card,Fiber,0,2,5.71,27,0,1,1,59522.76,1,13-24 months,2705.58,2,3,High,Low
CUST00884,Female,37,56,Monthly,1142.73,Unknown,Fiber,0,0,266.81,9,10,2,1,57593.59,0,49-72 months,1028.457,0,1,Low,Low
CUST00885,Female,46,58,Monthly,749.95,Cash,Unknown,0,0,299.29,30,20,2,3,34797.68,0,49-72 months,599.96,0,3,High,Low
CUST00886,Male,41,64,One Year,3315.96,Debit Card,Fiber,3,2,345.39,10,10,10,1,190999.3,0,49-72 months,2984.364,5,3,Low,High
CUST00887,Male,35,12,Two Year,1611.6,Credit Card,Fiber,1,1,119.5,11,15,8,0,16438.32,0,0-12 months,1369.86,2,1,Medium,High
CUST00888,Female,27,7,Monthly,1596.44,Credit Card,Fiber,1,0,89.26,6,5,8,1,10616.33,0,0-12 months,1516.618,1,1,Low,High
CUST00889,Female,58,55,Monthly,4806.39,Cash,Unknown,1,2,416.0,21,10,8,1,237916.31,0,49-72 months,4325.751,3,3,High,High
CUST00890,Male,25,62,Monthly,2577.98,Credit Card,DSL,1,2,421.44,27,15,2,2,135859.55,0,49-72 months,2191.283,3,4,High,Low
CUST00891,Male,43,55,Two Year,632.42,UPI,DSL,5,0,493.87,27,0,5,2,34783.1,0,49-72 months,632.42,5,2,High,Medium
CUST00892,Male,46,36,Monthly,2029.29,Cash,DSL,1,3,173.18,24,5,5,2,69401.72,1,25-48 months,1927.8255,4,5,High,Medium
CUST00893,Male,27,24,Monthly,3130.21,Credit Card,Fiber,2,0,34.21,5,5,4,0,71368.79,1,13-24 months,2973.6994999999997,2,0,Low,Medium
CUST00894,Male,34,44,One Year,1978.55,Credit Card,Fiber,0,1,240.56,5,0,8,3,87056.2,0,25-48 months,1978.55,1,4,Low,High
CUST00895,Female,19,17,Monthly,620.83,Credit Card,Fiber,2,0,242.47,16,0,8,0,10554.11,1,13-24 months,620.83,2,0,Medium,High
CUST00896,Female,23,2,Monthly,2499.4,Cash,DSL,2,1,23.08,24,5,9,0,4748.86,0,0-12 months,2374.43,3,1,High,High
CUST00897,Female,22,13,Monthly,976.58,Debit Card,DSL,3,1,289.66,25,5,4,1,12060.76,0,13-24 months,927.751,4,2,High,Medium
CUST00898,Female,45,31,One Year,3286.22,Bank Transfer,Fiber,3,0,134.11,8,0,1,2,101872.82,0,25-48 months,3286.22,3,2,Low,Low
CUST00899,Male,58,28,Monthly,3288.14,Credit Card,Fiber,1,1,63.97,15,10,9,0,82861.13,1,25-48 months,2959.326,2,1,Medium,High
CUST00900,Male,22,60,Two Year,669.92,Bank Transfer,Fiber,0,0,304.42,15,5,1,2,38185.44,0,49-72 months,636.424,0,2,Medium,Low
CUST00901,Male,35,27,One Year,1808.0,Bank Transfer,Unknown,2,2,144.76,9,10,4,2,43934.4,1,25-48 months,1627.2,4,4,Low,Medium
CUST00902,Female,43,15,Monthly,2361.59,Credit Card,Fiber,2,1,282.98,15,15,10,0,30110.27,0,13-24 months,2007.3515,3,1,Medium,High
CUST00903,Female,37,33,Monthly,2976.19,Credit Card,Fiber,6,0,12.53,25,10,1,2,88392.84,0,25-48 months,2678.571,6,2,High,Low
CUST00904,Male,58,20,Monthly,1832.29,Bank Transfer,Fiber,3,2,186.28,8,0,3,0,36645.8,0,13-24 months,1832.29,5,2,Low,Low
CUST00905,Male,66,42,Monthly,1794.86,Debit Card,Unknown,2,1,433.38,14,15,3,0,64076.5,0,25-48 months,1525.6309999999999,3,1,Medium,Low
CUST00906,Female,44,12,Two Year,4923.57,Bank Transfer,Fiber,4,0,326.81,7,0,7,2,59082.84,1,0-12 months,4923.57,4,2,Low,Medium
CUST00907,Female,66,23,Two Year,688.38,Debit Card,DSL,4,1,434.42,29,0,3,0,15832.74,0,13-24 months,688.38,5,1,High,Low
CUST00908,Male,29,72,Monthly,4950.7,UPI,Fiber,1,2,371.53,23,10,6,2,320805.36,0,49-72 months,4455.63,3,4,High,Medium
CUST00909,Male,24,14,Monthly,714.88,Debit Card,DSL,3,1,361.26,12,10,10,1,9007.49,0,13-24 months,643.392,4,2,Medium,High
CUST00910,Female,20,25,Monthly,1797.54,Cash,Fiber,2,0,435.66,1,5,4,0,42691.58,0,25-48 months,1707.6629999999998,2,0,Low,Medium
CUST00911,Male,27,31,Monthly,2721.61,Credit Card,DSL,3,2,14.67,15,5,6,0,80151.41,1,25-48 months,2585.5295,5,2,Medium,Medium
CUST00912,Male,51,54,One Year,1144.84,UPI,Fiber,0,4,212.9,7,0,9,0,61821.36,0,49-72 months,1144.84,4,4,Low,High
CUST00913,Male,42,5,Monthly,1106.81,Bank Transfer,Fiber,1,2,480.4,15,10,7,1,4980.64,0,0-12 months,996.129,3,3,Medium,Medium
CUST00914,Female,52,13,Two Year,1653.41,Debit Card,Unknown,4,0,92.7,10,20,1,0,17195.46,0,13-24 months,1322.728,4,0,Low,Low
CUST00915,Female,33,28,Monthly,4880.78,UPI,DSL,3,2,328.6,6,10,8,0,122995.66,0,25-48 months,4392.702,5,2,Low,High
CUST00916,Female,19,43,One Year,2706.835,Cash,Fiber,3,0,396.15,16,0,4,1,95052.79,0,25-48 months,2706.835,3,1,Medium,Medium
CUST00917,Female,41,47,Two Year,3046.98,Debit Card,Fiber,1,1,467.13,14,0,8,1,143208.06,0,25-48 months,3046.98,2,2,Medium,High
CUST00918,Female,27,71,Monthly,3669.31,Bank Transfer,Fiber,1,1,436.54,12,0,3,4,72487.86,1,49-72 months,3669.31,2,5,Medium,Low
CUST00919,Female,55,38,Monthly,3840.0,Bank Transfer,DSL,2,1,339.91,17,10,10,0,131328.0,0,25-48 months,3456.0,3,1,Medium,High
CUST00920,Female,39,67,Monthly,3596.18,Debit Card,Unknown,2,2,357.02,10,10,5,2,216849.65,0,49-72 months,3236.562,4,4,Low,Medium
CUST00921,Male,43,62,Monthly,2016.18,Cash,Fiber,7,0,174.8,29,20,3,0,100002.53,0,49-72 months,1612.9440000000002,7,0,High,Low
CUST00922,Male,60,39,Two Year,1002.78,Credit Card,Fiber,1,1,115.85,10,5,3,2,37153.0,0,25-48 months,952.641,2,3,Low,Low
CUST00923,Male,56,37,Two Year,1767.72,Credit Card,Fiber,2,2,479.52,8,15,3,3,55594.79,0,25-48 months,1502.562,4,5,Low,Low
CUST00924,Male,44,8,Two Year,1446.33,Bank Transfer,Fiber,3,2,487.91,25,10,4,1,10413.58,0,0-12 months,1301.697,5,3,High,Medium
CUST00925,Male,46,52,Two Year,1113.25,Cash,DSL,4,0,215.18,11,0,3,1,57889.0,0,49-72 months,1113.25,4,1,Medium,Low
CUST00926,Male,64,33,Monthly,610.24,Bank Transfer,DSL,2,2,208.36,27,0,2,1,20137.92,0,25-48 months,610.24,4,3,High,Low
CUST00927,Male,55,42,Two Year,4710.77,Unknown,DSL,1,1,228.6,18,10,6,0,178067.11,0,25-48 months,4239.693,2,1,Medium,Medium
CUST00928,Female,37,27,Two Year,4644.65,Bank Transfer,Fiber,2,0,233.4,13,5,1,1,119135.27,0,25-48 months,4412.4175,2,1,Medium,Low
CUST00929,Female,44,8,Monthly,726.88,Debit Card,Unknown,0,0,421.87,20,20,5,2,4652.03,1,0-12 months,581.504,0,2,Medium,Medium
CUST00930,Male,58,23,Monthly,1278.88,Debit Card,Fiber,2,1,218.19,16,0,6,2,29414.24,0,13-24 months,1278.88,3,3,Medium,Medium
CUST00931,Male,37,64,Monthly,1127.75,Cash,DSL,1,1,441.76,27,5,1,1,68567.2,0,49-72 months,1071.3625,2,2,High,Low
CUST00932,Female,61,20,Monthly,1765.5,Credit Card,Unknown,4,0,349.12,23,10,1,0,31779.0,1,13-24 months,1588.95,4,0,High,Low
CUST00933,Male,36,16,Monthly,1418.31,Cash,DSL,1,0,482.87,14,10,7,1,20423.66,0,13-24 months,1276.479,1,1,Medium,Medium
CUST00934,Male,37,17,Two Year,4756.34,Cash,Fiber,2,1,338.91,12,10,6,0,72772.0,0,13-24 months,4280.706,3,1,Medium,Medium
CUST00935,Female,52,19,Two Year,878.77,Credit Card,Fiber,2,0,209.03,13,5,9,2,15861.8,0,13-24 months,834.8314999999999,2,2,Medium,High
CUST00936,Male,64,8,Monthly,1452.52,UPI,DSL,3,0,459.4,27,0,4,1,11620.16,1,0-12 months,1452.52,3,1,High,Medium
CUST00937,Female,19,38,Monthly,863.25,UPI,Unknown,2,0,118.75,13,0,3,0,32803.5,1,25-48 months,863.25,2,0,Medium,Low
CUST00938,Male,47,38,Two Year,4911.73,Bank Transfer,DSL,3,2,482.65,16,10,6,0,167981.17,0,25-48 months,4420.557,5,2,Medium,Medium
CUST00939,Female,70,53,One Year,4632.86,UPI,Fiber,1,0,26.5,1,10,8,2,220987.42,0,49-72 months,4169.574,1,2,Low,High
CUST00940,Female,51,31,Monthly,3724.84,Debit Card,Fiber,0,1,322.27,24,15,5,3,98149.53,0,25-48 months,3166.114,1,4,High,Medium
CUST00941,Female,39,44,One Year,2416.88,Cash,Fiber,1,1,14.03,12,10,3,0,95708.45,1,25-48 months,2175.192,2,1,Medium,Low
CUST00942,Male,20,60,Two Year,1355.8,Bank Transfer,Fiber,2,1,105.97,9,0,3,1,81348.0,0,49-72 months,1355.8,3,2,Low,Low
CUST00943,Female,23,17,Two Year,1496.7,Cash,Unknown,2,1,234.67,13,10,1,1,22899.51,1,13-24 months,1347.03,3,2,Medium,Low
CUST00944,Male,32,39,Monthly,2493.68,Credit Card,Unknown,1,0,83.35,13,20,6,1,77802.82,0,25-48 months,1994.944,1,1,Medium,Medium
CUST00945,Male,44,42,Monthly,3957.0,UPI,DSL,0,1,494.47,8,0,10,3,166194.0,0,25-48 months,3957.0,1,4,Low,High
CUST00946,Male,27,48,Two Year,1691.28,Credit Card,Fiber,1,0,387.64,18,10,7,0,73063.3,0,25-48 months,1522.152,1,0,Medium,Medium
CUST00947,Male,26,12,Monthly,1898.56,Bank Transfer,Fiber,1,0,426.17,24,5,9,2,21643.58,0,0-12 months,1803.6319999999998,1,2,High,High
CUST00948,Female,50,18,One Year,3199.75,Debit Card,DSL,0,1,489.64,24,0,6,1,57595.5,0,13-24 months,3199.75,1,2,High,Medium
CUST00949,Female,49,6,Monthly,1569.78,UPI,Fiber,3,0,339.01,18,0,8,0,9418.68,0,0-12 months,1569.78,3,0,Medium,High
CUST00950,Male,65,43,Monthly,3128.98,Credit Card,DSL,0,3,136.97,27,0,6,1,134546.14,0,25-48 months,3128.98,3,4,High,Medium
CUST00951,Male,23,35,Monthly,2242.09,UPI,Fiber,0,1,379.69,9,15,2,0,66702.18,1,25-48 months,1905.7765000000002,1,1,Low,Low
CUST00952,Female,58,54,Monthly,654.66,Cash,DSL,1,1,294.23,1,5,3,0,33584.06,0,49-72 months,621.9269999999999,2,1,Low,Low
CUST00953,Male,53,62,Two Year,2706.835,Debit Card,DSL,0,0,137.41,7,15,1,2,121850.83,1,49-72 months,2300.80975,0,2,Low,Low
CUST00954,Female,19,69,Monthly,4637.86,UPI,Fiber,2,0,186.81,13,20,5,0,256009.87,1,49-72 months,3710.288,2,0,Medium,Medium
CUST00955,Male,46,16,Two Year,1819.0,Debit Card,DSL,2,3,305.89,15,20,6,0,23283.2,0,13-24 months,1455.2,5,3,Medium,Medium
CUST00956,Male,21,8,Two Year,1952.75,Cash,DSL,0,1,200.75,2,0,6,2,15622.0,0,0-12 months,1952.75,1,3,Low,Medium
CUST00957,Female,18,31,Monthly,796.73,Cash,DSL,2,1,121.39,24,0,2,0,24698.63,0,25-48 months,796.73,3,1,High,Low
CUST00958,Male,36,10,One Year,3267.71,Credit Card,Fiber,1,0,217.81,8,0,1,2,32677.1,1,0-12 months,3267.71,1,2,Low,Low
CUST00959,Female,43,56,Monthly,4321.59,Bank Transfer,Fiber,1,1,120.63,20,15,7,0,205707.68,0,49-72 months,3673.3515,2,1,Medium,Medium
CUST00960,Male,42,70,One Year,2088.15,Credit Card,Unknown,3,2,438.18,24,0,4,2,146170.5,0,49-72 months,2088.15,5,4,High,Medium
CUST00961,Male,27,20,One Year,1581.11,Debit Card,DSL,1,0,348.57,5,5,9,0,30041.09,0,13-24 months,1502.0544999999997,1,0,Low,High
CUST00962,Male,70,5,Monthly,4804.75,Credit Card,DSL,2,2,191.39,9,5,8,1,22822.56,0,0-12 months,4564.5125,4,3,Low,High
CUST00963,Female,32,23,Monthly,3852.83,UPI,DSL,2,0,472.99,17,20,6,2,70892.07,1,13-24 months,3082.264,2,2,Medium,Medium
CUST00964,Male,39,9,One Year,3052.24,Credit Card,Unknown,1,0,197.53,29,20,10,0,21976.13,0,0-12 months,2441.792,1,0,High,High
CUST00965,Male,68,58,Two Year,1874.89,Bank Transfer,Unknown,0,1,289.36,21,5,3,1,103306.44,0,49-72 months,1781.1455,1,2,High,Low
CUST00966,Male,65,59,Monthly,1493.59,Bank Transfer,Fiber,0,0,258.38,14,5,8,1,83715.72,0,49-72 months,1418.9105,0,1,Medium,High
CUST00967,Male,38,54,One Year,3720.85,Debit Card,Unknown,2,2,65.35,29,5,10,1,190879.6,0,49-72 months,3534.8075,4,3,High,High
CUST00968,Female,39,46,Monthly,2848.05,Cash,Fiber,5,0,214.78,9,10,1,1,117909.27,1,25-48 months,2563.2450000000003,5,1,Low,Low
CUST00969,Female,53,22,Two Year,2842.7,Bank Transfer,Fiber,3,2,43.39,15,0,9,1,62539.4,0,13-24 months,2842.7,5,3,Medium,High
CUST00970,Male,51,64,Monthly,831.69,Debit Card,Fiber,3,2,89.42,22,0,10,1,53228.16,0,49-72 months,831.69,5,3,High,High
CUST00971,Female,47,8,One Year,2804.88,Bank Transfer,Unknown,0,0,394.83,20,10,9,0,20195.14,0,0-12 months,2524.3920000000003,0,0,Medium,High
CUST00972,Male,42,20,Monthly,4202.35,Bank Transfer,Unknown,2,0,154.82,1,0,10,1,84047.0,0,13-24 months,4202.35,2,1,Low,High
CUST00973,Male,62,51,One Year,4760.6,Cash,DSL,3,1,49.03,13,10,8,1,218511.54,0,49-72 months,4284.540000000001,4,2,Medium,High
CUST00974,Male,45,39,Two Year,980.07,UPI,Fiber,2,0,360.88,10,0,10,0,38222.73,0,25-48 months,980.07,2,0,Low,High
CUST00975,Female,18,37,One Year,3340.24,Debit Card,Fiber,3,0,402.19,12,10,4,0,111229.99,0,25-48 months,3006.216,3,0,Medium,Medium
CUST00976,Female,66,50,One Year,3057.56,Bank Transfer,DSL,3,1,291.15,14,10,9,0,137590.2,0,49-72 months,2751.804,4,1,Medium,High
CUST00977,Female,62,34,Monthly,4506.41,Bank Transfer,Fiber,3,1,458.23,6,0,9,2,153217.94,0,25-48 months,4506.41,4,3,Low,High
CUST00978,Female,21,33,Two Year,3880.6,Credit Card,DSL,3,2,425.47,11,10,10,1,115253.82,0,25-48 months,3492.54,5,3,Medium,High
CUST00979,Female,24,31,One Year,4843.68,UPI,DSL,4,0,278.59,30,10,5,0,135138.67,0,25-48 months,4359.312000000001,4,0,High,Medium
CUST00980,Female,66,54,Two Year,4820.15,Cash,Fiber,1,0,369.82,23,15,6,0,221244.88,0,49-72 months,4097.1275,1,0,High,Medium
CUST00981,Female,26,44,Monthly,1515.58,Unknown,DSL,1,0,167.97,7,10,7,2,60016.97,0,25-48 months,1364.022,1,2,Low,Medium
CUST00982,Female,53,34,Monthly,3764.08,Bank Transfer,DSL,4,1,319.96,25,15,9,1,108781.91,0,25-48 months,3199.468,5,2,High,High
CUST00983,Female,36,71,Monthly,2887.35,Debit Card,Unknown,2,1,488.58,20,10,7,1,184501.66,0,49-72 months,2598.615,3,2,Medium,Medium
CUST00984,Male,18,62,Monthly,1465.71,Cash,DSL,3,1,400.94,4,10,1,1,81786.62,0,49-72 months,1319.1390000000001,4,2,Low,Low
CUST00985,Female,27,23,Monthly,1376.91,UPI,DSL,0,0,190.4,21,10,9,0,28502.04,0,13-24 months,1239.219,0,0,High,High
CUST00986,Female,53,46,Two Year,864.88,Credit Card,Fiber,3,0,466.52,12,5,6,1,37795.26,0,25-48 months,821.636,3,1,Medium,Medium
CUST00987,Female,26,56,One Year,4079.95,UPI,Unknown,2,1,413.44,30,0,2,1,228477.2,0,49-72 months,4079.95,3,2,High,Low
CUST00988,Female,62,7,Two Year,1960.27,Credit Card,Fiber,2,5,23.42,25,5,10,2,13035.8,0,0-12 months,1862.2565,7,7,High,High
CUST00989,Female,63,61,Monthly,4356.36,Debit Card,Fiber,2,0,374.27,2,5,9,0,252451.06,0,49-72 months,4138.5419999999995,2,0,Low,High
CUST00990,Female,59,3,Monthly,3237.42,UPI,Fiber,1,1,488.32,20,10,1,0,8741.03,1,0-12 months,2913.6780000000003,2,1,Medium,Low
CUST00991,Female,49,38,Two Year,3531.35,UPI,Fiber,3,1,162.26,14,5,5,2,127481.73,0,25-48 months,3354.7825,4,3,Medium,Medium
CUST00992,Female,49,34,Monthly,1812.53,UPI,Unknown,6,3,141.29,9,0,9,1,61626.02,0,25-48 months,1812.53,9,4,Low,High
CUST00993,Female,23,44,Monthly,2557.82,Cash,DSL,3,0,321.83,22,0,1,1,112544.08,1,25-48 months,2557.82,3,1,High,Low
CUST00994,Female,65,30,Two Year,2706.835,Debit Card,Fiber,2,0,59.51,14,0,2,1,70662.9,1,25-48 months,2706.835,2,1,Medium,Low
CUST00995,Female,55,17,Monthly,1560.6,Credit Card,Fiber,1,4,339.11,6,5,7,1,25203.69,1,13-24 months,1482.57,5,5,Low,Medium
CUST00996,Male,34,59,Monthly,4246.3,UPI,Fiber,3,2,117.16,23,10,10,0,225478.53,0,49-72 months,3821.67,5,2,High,High
CUST00997,Male,27,10,Two Year,3299.38,Debit Card,Fiber,2,1,228.51,5,15,2,0,28044.73,0,0-12 months,2804.473,3,1,Low,Low
CUST00998,Female,67,18,Monthly,668.44,Cash,Fiber,2,2,446.53,20,0,9,0,12031.92,1,13-24 months,668.44,4,2,Medium,High
CUST00999,Female,44,45,Two Year,4189.63,Cash,Unknown,2,0,399.41,27,10,9,1,169680.02,0,25-48 months,3770.6670000000004,2,1,High,High
CUST01000,Male,67,59,Monthly,977.17,Debit Card,DSL,1,0,58.46,19,5,10,0,54770.38,0,49-72 months,928.3114999999999,1,0,Medium,High
CUST01001,Female,52,62,One Year,2316.63,Credit Card,DSL,0,2,381.89,18,20,8,1,114904.85,0,49-72 months,1853.304,2,3,Medium,High
CUST01002,Male,69,59,Monthly,3070.66,Debit Card,Fiber,2,0,208.8,7,15,2,0,153993.6,0,49-72 months,2610.0609999999997,2,0,Low,Low
CUST01003,Male,38,49,One Year,534.43,Debit Card,Fiber,1,1,497.25,21,15,10,0,22259.01,0,49-72 months,454.2654999999999,2,1,High,High
CUST01004,Male,42,63,Monthly,3438.09,Bank Transfer,Fiber,2,0,153.37,1,5,3,0,205769.69,0,49-72 months,3266.1855,2,0,Low,Low
CUST01005,Male,45,32,Two Year,3468.66,Cash,DSL,1,1,237.95,20,5,3,3,105447.26,1,25-48 months,3295.227,2,4,Medium,Low
CUST01006,Male,64,10,Monthly,3436.37,Credit Card,DSL,5,0,173.88,9,10,8,1,30927.33,1,0-12 months,3092.733,5,1,Low,High
CUST01007,Female,32,11,Monthly,1235.61,Bank Transfer,Fiber,2,1,295.17,8,0,8,0,13591.71,1,0-12 months,1235.61,3,1,Low,High
CUST01008,Male,21,70,One Year,1650.8,Debit Card,DSL,2,0,136.61,11,15,6,1,98222.6,0,49-72 months,1403.1799999999998,2,1,Medium,Medium
CUST01009,Female,46,62,Monthly,1613.19,Cash,Fiber,1,1,456.76,7,0,7,1,100017.78,0,49-72 months,1613.19,2,2,Low,Medium
CUST01010,Female,26,47,Monthly,4820.3,Bank Transfer,DSL,1,1,310.41,21,15,1,0,192570.98,0,25-48 months,4097.255,2,1,High,Low
CUST01011,Male,44,34,Monthly,803.88,Bank Transfer,DSL,2,0,471.64,17,0,8,2,27331.92,0,25-48 months,803.88,2,2,Medium,High
CUST01012,Male,43,17,Monthly,2429.43,Credit Card,Fiber,3,0,341.86,28,5,7,1,39235.29,0,13-24 months,2307.9584999999997,3,1,High,Medium
CUST01013,Female,36,54,Monthly,4420.64,Debit Card,DSL,2,0,96.99,21,10,5,3,214843.1,0,49-72 months,3978.5760000000005,2,3,High,Medium
CUST01014,Male,45,40,Monthly,3962.6,Credit Card,Fiber,6,2,12.63,15,5,5,1,150578.8,1,25-48 months,3764.47,8,3,Medium,Medium
CUST01015,Male,34,19,Monthly,4200.99,Bank Transfer,Fiber,1,2,206.75,8,5,2,0,75827.87,0,13-24 months,3990.9404999999997,3,2,Low,Low
CUST01016,Female,60,67,One Year,4875.32,Bank Transfer,Fiber,0,0,496.79,20,15,1,0,277649.47,0,49-72 months,4144.022,0,0,Medium,Low
CUST01017,Female,58,53,Monthly,2242.68,Credit Card,Fiber,6,1,439.08,12,0,9,1,118862.04,0,49-72 months,2242.68,7,2,Medium,High
CUST01018,Male,59,64,Monthly,1893.45,Bank Transfer,Fiber,0,2,424.17,5,15,10,0,103003.68,0,49-72 months,1609.4325,2,2,Low,High
CUST01019,Female,67,47,Two Year,637.97,UPI,DSL,2,0,286.5,8,15,3,1,25486.9,0,25-48 months,542.2745,2,1,Low,Low
CUST01020,Male,37,6,Two Year,1175.09,Cash,Fiber,4,4,51.95,5,5,5,0,6698.01,0,0-12 months,1116.3355,8,4,Low,Medium
CUST01021,Male,62,16,Monthly,3029.07,Debit Card,Fiber,0,0,12.51,14,10,8,0,43618.61,0,13-24 months,2726.163,0,0,Medium,High
CUST01022,Male,57,72,Monthly,1209.47,Cash,DSL,1,2,420.12,4,15,7,1,74019.56,0,49-72 months,1028.0495,3,3,Low,Medium
CUST01023,Female,56,18,Two Year,3813.37,Debit Card,Unknown,3,1,92.81,27,5,7,2,65208.63,0,13-24 months,3622.7014999999997,4,3,High,Medium
CUST01024,Female,66,52,Monthly,667.55,Bank Transfer,DSL,1,3,42.97,15,15,10,1,29505.71,0,49-72 months,567.4174999999999,4,4,Medium,High
CUST01025,Female,70,48,Monthly,2706.835,Credit Card,Unknown,2,1,356.33,20,5,10,3,76047.12,0,25-48 months,2571.49325,3,4,Medium,High
CUST01026,Female,40,43,Monthly,3629.54,Credit Card,DSL,3,0,5.58,29,0,10,2,156070.22,0,25-48 months,3629.54,3,2,High,High
CUST01027,Female,64,39,One Year,1649.76,Bank Transfer,Fiber,5,1,371.7,22,20,4,2,51472.51,0,25-48 months,1319.808,6,3,High,Medium
CUST01028,Male,49,49,Monthly,3779.42,Debit Card,DSL,2,0,100.2,10,0,10,1,185191.58,0,49-72 months,3779.42,2,1,Low,High
CUST01029,Male,69,12,One Year,4981.39,Bank Transfer,Fiber,2,1,164.09,17,0,4,0,59776.68,1,0-12 months,4981.39,3,1,Medium,Medium
CUST01030,Male,64,10,One Year,4086.88,Debit Card,Fiber,2,1,89.99,4,5,10,2,38825.36,0,0-12 months,3882.536,3,3,Low,High
CUST01031,Male,50,71,Monthly,2038.26,Bank Transfer,Fiber,1,2,389.69,30,0,6,1,144716.46,0,49-72 months,2038.26,3,3,High,Medium
CUST01032,Female,63,55,Two Year,4552.66,Bank Transfer,Fiber,2,1,244.96,1,0,10,1,250396.3,0,49-72 months,4552.66,3,2,Low,High
CUST01033,Male,22,1,Monthly,730.31,Bank Transfer,DSL,4,1,87.09,28,5,4,0,693.79,1,0-12 months,693.7945,5,1,High,Medium
CUST01034,Female,60,49,One Year,3762.53,Credit Card,DSL,2,1,24.07,6,5,7,0,175145.77,0,49-72 months,3574.4035,3,1,Low,Medium
CUST01035,Male,65,36,Monthly,604.95,Debit Card,Fiber,0,0,493.42,8,0,2,2,21778.2,0,25-48 months,604.95,0,2,Low,Low
CUST01036,Female,51,21,Monthly,1285.5,Bank Transfer,Unknown,0,0,358.61,4,10,7,0,24295.95,0,13-24 months,1156.95,0,0,Low,Medium
CUST01037,Female,57,37,Monthly,4944.14,Unknown,DSL,1,2,341.58,24,0,3,2,182933.18,0,25-48 months,4944.14,3,4,High,Low
CUST01038,Male,28,24,Monthly,2123.98,Cash,Fiber,1,0,253.89,14,0,8,0,50975.52,0,13-24 months,2123.98,1,0,Medium,High
CUST01039,Male,67,55,Monthly,4192.25,Credit Card,Unknown,1,0,220.32,2,5,5,1,219045.06,0,49-72 months,3982.6375,1,1,Low,Medium
CUST01040,Male,20,25,Monthly,2192.39,UPI,Fiber,5,0,399.0,5,10,9,0,49328.78,0,25-48 months,1973.1509999999998,5,0,Low,High
CUST01041,Male,50,7,Monthly,4280.13,Credit Card,DSL,1,1,414.17,15,10,4,1,26964.82,1,0-12 months,3852.117,2,2,Medium,Medium
CUST01042,Female,28,71,One Year,4844.48,UPI,Fiber,1,1,35.25,30,0,5,3,343958.08,0,49-72 months,4844.48,2,4,High,Medium
CUST01043,Male,33,71,Monthly,2459.91,Credit Card,DSL,2,1,430.41,19,0,1,1,174653.61,0,49-72 months,2459.91,3,2,Medium,Low
CUST01044,Male,35,24,One Year,3017.07,Cash,Unknown,3,4,381.97,14,0,3,0,72409.68,0,13-24 months,3017.07,7,4,Medium,Low
CUST01045,Female,47,11,Monthly,3328.88,Bank Transfer,DSL,0,0,245.68,7,5,4,1,34786.8,0,0-12 months,3162.436,0,1,Low,Medium
CUST01046,Male,65,12,Monthly,4706.76,Debit Card,Fiber,3,2,240.78,29,15,9,0,48008.95,1,0-12 months,4000.746,5,2,High,High
CUST01047,Male,27,35,Monthly,1655.35,Bank Transfer,Fiber,3,2,418.22,9,10,8,1,52143.52,0,25-48 months,1489.815,5,3,Low,High
CUST01048,Male,35,63,Monthly,3250.62,Cash,Fiber,2,0,397.81,1,0,2,3,204789.06,1,49-72 months,3250.62,2,3,Low,Low
CUST01049,Male,55,68,One Year,1961.24,Debit Card,DSL,1,0,73.7,24,15,6,2,113359.67,0,49-72 months,1667.0539999999999,1,2,High,Medium
CUST01050,Male,36,57,Monthly,1476.2,UPI,Fiber,1,0,276.85,20,10,4,1,75729.06,0,49-72 months,1328.5800000000002,1,1,Medium,Medium
CUST01051,Female,53,13,Two Year,882.14,UPI,Fiber,0,1,484.83,29,10,5,0,10321.04,0,13-24 months,793.926,1,1,High,Medium
CUST01052,Male,30,23,Two Year,3293.2,Cash,DSL,3,2,369.05,10,20,10,1,60594.88,1,13-24 months,2634.56,5,3,Low,High
CUST01053,Male,63,39,Monthly,4469.38,Debit Card,Fiber,2,1,486.62,11,20,9,0,139444.66,0,25-48 months,3575.5040000000004,3,1,Medium,High
CUST01054,Male,20,12,One Year,2081.27,Bank Transfer,DSL,2,1,389.12,21,5,4,2,23726.48,0,0-12 months,1977.2064999999998,3,3,High,Medium
CUST01055,Male,27,34,Monthly,2987.01,Cash,Fiber,0,0,264.71,12,10,5,1,91402.51,0,25-48 months,2688.309,0,1,Medium,Medium
CUST01056,Male,55,71,Monthly,3389.6,UPI,Fiber,2,1,304.43,1,0,7,2,240661.6,0,49-72 months,3389.6,3,3,Low,Medium
CUST01057,Female,18,31,One Year,2365.93,Cash,Fiber,2,0,356.16,21,5,7,3,69676.64,0,25-48 months,2247.6335,2,3,High,Medium
CUST01058,Male,44,62,Monthly,4565.07,Bank Transfer,Unknown,3,1,365.77,25,0,6,1,283034.34,0,49-72 months,4565.07,4,2,High,Medium
CUST01059,Female,63,13,Monthly,2132.4,Credit Card,Fiber,1,1,375.04,8,5,3,0,26335.14,0,13-24 months,2025.78,2,1,Low,Low
CUST01060,Female,25,31,Monthly,1062.55,Credit Card,Fiber,1,2,465.48,24,10,1,0,29645.14,0,25-48 months,956.295,3,2,High,Low
CUST01061,Male,68,2,Monthly,1148.09,Bank Transfer,DSL,1,1,158.04,6,0,9,0,2296.18,0,0-12 months,1148.09,2,1,Low,High
CUST01062,Male,63,15,Monthly,4508.86,Debit Card,DSL,1,1,415.59,12,0,6,2,67632.9,0,13-24 months,4508.86,2,3,Medium,Medium
CUST01063,Male,59,57,Monthly,4946.04,Cash,Fiber,2,1,286.99,9,5,3,1,267828.07,1,49-72 months,4698.737999999999,3,2,Low,Low
CUST01064,Male,34,34,Monthly,1800.22,Bank Transfer,DSL,3,2,443.24,4,0,1,0,61207.48,0,25-48 months,1800.22,5,2,Low,Low
CUST01065,Female,26,68,Monthly,1146.21,Credit Card,Fiber,0,1,317.39,6,15,6,0,66250.94,0,49-72 months,974.2785,1,1,Low,Medium
CUST01066,Male,23,29,One Year,2669.96,UPI,Fiber,1,1,467.9,3,20,3,2,61943.07,0,25-48 months,2135.9680000000003,2,3,Low,Low
CUST01067,Male,60,66,Monthly,3692.88,Bank Transfer,DSL,2,0,214.9,2,15,1,1,207170.57,0,49-72 months,3138.948,2,1,Low,Low
CUST01068,Male,42,16,One Year,3255.81,Bank Transfer,Fiber,2,2,54.15,25,5,5,1,49488.31,0,13-24 months,3093.0195,4,3,High,Medium
CUST01069,Male,56,39,One Year,4779.99,Bank Transfer,Unknown,2,1,324.21,21,10,1,1,167777.65,0,25-48 months,4301.991,3,2,High,Low
CUST01070,Male,66,37,One Year,4180.0,Credit Card,Fiber,1,1,388.42,27,15,3,1,131461.0,1,25-48 months,3553.0,2,2,High,Low
CUST01071,Male,45,21,One Year,4410.37,Credit Card,DSL,5,1,347.26,18,0,3,2,92617.77,0,13-24 months,4410.37,6,3,Medium,Low
CUST01072,Female,50,44,Monthly,2937.5,Bank Transfer,Fiber,1,1,363.87,5,5,6,2,122787.5,0,25-48 months,2790.625,2,3,Low,Medium
CUST01073,Female,54,19,Monthly,1972.74,Bank Transfer,DSL,2,1,19.3,22,0,4,1,37482.06,0,13-24 months,1972.74,3,2,High,Medium
CUST01074,Male,26,71,Monthly,3657.81,Unknown,Fiber,5,0,482.64,24,0,8,0,259704.51,0,49-72 months,3657.81,5,0,High,High
CUST01075,Male,35,8,Two Year,2475.74,UPI,Unknown,2,0,135.77,21,10,3,2,17825.33,1,0-12 months,2228.1659999999997,2,2,High,Low
CUST01076,Male,38,66,One Year,1794.89,Cash,Fiber,2,1,209.86,12,15,8,1,100693.33,0,49-72 months,1525.6565,3,2,Medium,High
CUST01077,Female,19,41,Monthly,1185.22,Cash,DSL,2,0,212.12,2,0,7,2,48594.02,0,25-48 months,1185.22,2,2,Low,Medium
CUST01078,Male,60,70,Monthly,2875.43,Cash,DSL,3,0,453.84,29,0,2,1,201280.1,0,49-72 months,2875.43,3,1,High,Low
CUST01079,Female,55,61,Two Year,3174.14,Credit Card,Fiber,3,0,373.18,23,0,8,2,193622.54,0,49-72 months,3174.14,3,2,High,High
CUST01080,Male,57,26,Monthly,3059.54,Credit Card,Fiber,1,2,312.0,5,15,1,0,67615.83,1,25-48 months,2600.609,3,2,Low,Low
CUST01081,Male,53,71,Monthly,1024.47,Debit Card,DSL,0,3,64.39,29,15,9,3,61826.76,0,49-72 months,870.7995,3,6,High,High
CUST01082,Male,67,70,Monthly,3064.94,Credit Card,Fiber,0,1,165.1,27,10,7,3,193091.22,0,49-72 months,2758.446,1,4,High,Medium
CUST01083,Male,60,29,Two Year,1257.86,Bank Transfer,DSL,3,0,248.43,18,10,6,0,32830.15,1,25-48 months,1132.0739999999998,3,0,Medium,Medium
CUST01084,Female,54,66,Monthly,3486.71,UPI,Fiber,4,2,61.88,28,0,8,2,230122.86,0,49-72 months,3486.71,6,4,High,High
CUST01085,Female,32,19,Monthly,2432.23,UPI,Unknown,4,0,287.8,6,5,9,1,43901.75,0,13-24 months,2310.6185,4,1,Low,High
CUST01086,Male,45,68,One Year,4319.55,UPI,DSL,2,1,111.1,11,0,8,2,293729.4,0,49-72 months,4319.55,3,3,Medium,High
CUST01087,Male,35,58,Monthly,4002.2,UPI,Fiber,3,1,413.12,7,20,6,3,185702.08,1,49-72 months,3201.76,4,4,Low,Medium
CUST01088,Female,51,70,Two Year,3759.72,Cash,Fiber,1,0,415.32,16,10,4,1,236862.36,0,49-72 months,3383.748,1,1,Medium,Medium
CUST01089,Female,39,57,Monthly,3653.32,Cash,Fiber,1,1,301.48,8,0,9,1,208239.24,1,49-72 months,3653.32,2,2,Low,High
CUST01090,Female,28,37,Monthly,3022.2,Bank Transfer,Fiber,1,1,182.95,3,0,8,4,111821.4,0,25-48 months,3022.2,2,5,Low,High
CUST01091,Female,30,61,Two Year,775.01,Debit Card,Fiber,3,1,27.05,11,0,8,1,47275.61,0,49-72 months,775.01,4,2,Medium,High
CUST01092,Male,21,30,Two Year,3449.7,Credit Card,Unknown,2,0,316.35,20,0,3,0,103491.0,0,25-48 months,3449.7,2,0,Medium,Low
CUST01093,Female,39,71,Monthly,2601.15,Credit Card,DSL,1,1,393.37,28,10,10,0,166213.48,0,49-72 months,2341.0350000000003,2,1,High,High
CUST01094,Male,24,25,Monthly,2613.0,Cash,Fiber,1,0,396.25,22,15,9,1,55526.25,0,25-48 months,2221.0499999999997,1,1,High,High
CUST01095,Female,60,65,Two Year,2205.6,UPI,DSL,1,0,244.81,19,15,7,1,121859.4,0,49-72 months,1874.7599999999998,1,1,Medium,Medium
CUST01096,Female,41,6,Monthly,4680.82,Bank Transfer,Fiber,3,1,74.51,11,0,1,1,28084.92,1,0-12 months,4680.82,4,2,Medium,Low
CUST01097,Female,21,18,Two Year,1622.53,Debit Card,Fiber,3,4,37.08,22,10,2,0,26284.99,0,13-24 months,1460.277,7,4,High,Low
CUST01098,Female,45,10,Two Year,1924.68,Cash,Fiber,4,0,32.59,9,0,2,0,19246.8,0,0-12 months,1924.68,4,0,Low,Low
CUST01099,Female,32,11,Monthly,4833.68,Bank Transfer,DSL,3,2,128.49,12,0,1,0,53170.48,1,0-12 months,4833.68,5,2,Medium,Low
CUST01100,Male,18,65,Two Year,4145.69,Bank Transfer,Unknown,3,2,75.03,16,5,1,0,255996.36,1,49-72 months,3938.4054999999994,5,2,Medium,Low
CUST01101,Male,20,65,Monthly,563.39,Cash,Fiber,3,3,88.59,5,15,4,0,31127.3,1,49-72 months,478.88149999999996,6,3,Low,Medium
CUST01102,Female,31,52,One Year,4577.48,Bank Transfer,Fiber,1,1,351.0,2,0,7,0,238028.96,0,49-72 months,4577.48,2,1,Low,Medium
CUST01103,Female,55,67,Monthly,1519.91,UPI,Unknown,1,1,93.86,10,15,6,2,86558.87,0,49-72 months,1291.9235,2,3,Low,Medium
CUST01104,Male,67,31,Two Year,3676.7,Bank Transfer,Unknown,3,3,347.71,2,10,7,1,102579.93,0,25-48 months,3309.0299999999997,6,4,Low,Medium
CUST01105,Female,18,17,One Year,2988.83,Debit Card,Fiber,0,2,179.05,30,10,8,1,45729.1,0,13-24 months,2689.947,2,3,High,High
CUST01106,Female,55,55,One Year,2915.65,Bank Transfer,DSL,1,3,388.52,27,0,8,3,160360.75,0,49-72 months,2915.65,4,6,High,High
CUST01107,Male,55,36,Two Year,3730.65,Credit Card,Unknown,2,0,83.73,23,5,3,1,127588.23,0,25-48 months,3544.1175,2,1,High,Low
CUST01108,Female,38,26,Monthly,1432.32,Bank Transfer,Fiber,3,1,16.57,30,0,7,1,37240.32,0,25-48 months,1432.32,4,2,High,Medium
CUST01109,Female,65,53,Monthly,1215.61,Cash,DSL,0,0,49.16,4,5,6,0,61205.96,0,49-72 months,1154.8294999999998,0,0,Low,Medium
CUST01110,Male,46,17,Two Year,3433.61,Credit Card,Fiber,1,1,483.24,25,10,8,0,52534.23,0,13-24 months,3090.2490000000003,2,1,High,High
CUST01111,Male,22,25,One Year,1807.61,Cash,DSL,1,4,271.29,25,0,3,1,45190.25,1,25-48 months,1807.61,5,5,High,Low
CUST01112,Male,66,2,Two Year,4882.78,Debit Card,Fiber,2,0,305.48,16,10,9,0,8789.0,1,0-12 months,4394.5019999999995,2,0,Medium,High
CUST01113,Female,27,5,Two Year,2531.8,UPI,Unknown,2,1,483.67,6,5,5,1,12026.05,0,0-12 months,2405.21,3,2,Low,Medium
CUST01114,Male,45,4,Monthly,1002.19,Debit Card,Unknown,1,1,389.12,10,15,2,0,3407.45,0,0-12 months,851.8615,2,1,Low,Low
CUST01115,Male,38,36,Monthly,3586.17,Credit Card,DSL,0,1,60.76,29,10,4,0,116191.91,0,25-48 months,3227.5530000000003,1,1,High,Medium
CUST01116,Male,67,6,Monthly,1877.72,UPI,Fiber,1,1,213.78,21,5,7,0,10703.0,1,0-12 months,1783.8339999999998,2,1,High,Medium
CUST01117,Male,24,21,One Year,1168.64,Bank Transfer,DSL,1,2,411.59,7,20,1,0,19633.15,0,13-24 months,934.9120000000001,3,2,Low,Low
CUST01118,Male,20,26,Monthly,2402.71,Credit Card,Fiber,3,3,334.17,5,5,1,3,59346.94,0,25-48 months,2282.5744999999997,6,6,Low,Low
CUST01119,Male,62,55,One Year,4839.0,UPI,Fiber,2,1,111.79,13,20,9,2,72487.86,0,49-72 months,3871.2000000000003,3,3,Medium,High
CUST01120,Female,64,39,Monthly,2351.44,Unknown,Fiber,4,0,403.83,9,10,3,1,82535.54,1,25-48 months,2116.2960000000003,4,1,Low,Low
CUST01121,Female,37,33,Monthly,2063.0,UPI,DSL,3,1,281.62,9,5,1,0,64675.05,0,25-48 months,1959.85,4,1,Low,Low
CUST01122,Male,36,14,Monthly,2500.29,Cash,DSL,1,0,395.22,23,0,7,0,35004.06,0,13-24 months,2500.29,1,0,High,Medium
CUST01123,Male,52,56,Monthly,554.52,Cash,Unknown,3,1,315.1,15,5,7,1,29500.46,0,49-72 months,526.794,4,2,Medium,Medium
CUST01124,Male,21,21,One Year,1098.96,UPI,DSL,4,0,234.12,4,15,2,0,19616.44,0,13-24 months,934.116,4,0,Low,Low
CUST01125,Female,22,46,Monthly,4323.54,Debit Card,DSL,0,1,365.61,1,0,8,2,198882.84,0,25-48 months,4323.54,1,3,Low,High
CUST01126,Female,18,16,Monthly,4901.15,Debit Card,Unknown,2,0,433.5,20,5,3,1,74497.48,0,13-24 months,4656.0925,2,1,Medium,Low
CUST01127,Female,21,16,Monthly,1210.74,Cash,Unknown,3,0,235.45,28,0,3,1,19371.84,0,13-24 months,1210.74,3,1,High,Low
CUST01128,Female,29,29,One Year,2909.83,Credit Card,Fiber,3,0,19.74,14,15,5,0,71727.31,0,25-48 months,2473.3554999999997,3,0,Medium,Medium
CUST01129,Female,44,8,Two Year,4848.5,UPI,Fiber,3,0,298.65,19,15,2,1,32969.8,1,0-12 months,4121.224999999999,3,1,Medium,Low
CUST01130,Female,59,3,Monthly,1204.62,Credit Card,Fiber,2,0,49.72,1,5,4,0,3433.17,0,0-12 months,1144.389,2,0,Low,Medium
CUST01131,Female,40,19,One Year,1338.39,Debit Card,DSL,3,1,165.64,29,5,2,5,24157.94,0,13-24 months,1271.4705000000001,4,6,High,Low
CUST01132,Female,42,66,Monthly,4670.67,Credit Card,DSL,4,0,277.14,10,10,9,1,277437.8,0,49-72 months,4203.603,4,1,Low,High
CUST01133,Female,38,22,Monthly,3675.59,Bank Transfer,Unknown,4,1,175.91,4,20,6,2,64690.38,0,13-24 months,2940.472,5,3,Low,Medium
CUST01134,Male,69,46,One Year,1183.85,Bank Transfer,Unknown,0,0,144.06,23,0,1,0,54457.1,0,25-48 months,1183.85,0,0,High,Low
CUST01135,Male,41,13,Monthly,2270.72,Debit Card,Fiber,2,0,14.96,18,15,9,1,25091.46,0,13-24 months,1930.1119999999999,2,1,Medium,High
CUST01136,Male,42,33,One Year,753.21,Credit Card,Fiber,3,0,138.29,29,0,8,1,24855.93,0,25-48 months,753.21,3,1,High,High
CUST01137,Male,62,5,Monthly,2447.02,UPI,Fiber,1,1,195.48,28,0,2,3,12235.1,0,0-12 months,2447.02,2,4,High,Low
CUST01138,Female,63,27,Two Year,4000.56,Debit Card,Fiber,1,2,148.68,12,10,3,2,97213.61,0,25-48 months,3600.504,3,4,Medium,Low
CUST01139,Female,49,24,Monthly,2992.87,Bank Transfer,Fiber,2,2,316.07,7,10,7,3,64645.99,0,13-24 months,2693.583,4,5,Low,Medium
CUST01140,Male,49,67,One Year,3413.49,Debit Card,Unknown,1,0,334.58,6,0,4,3,228703.83,0,49-72 months,3413.49,1,3,Low,Medium
CUST01141,Female,22,63,Two Year,1970.69,Credit Card,Fiber,2,1,391.05,9,10,8,0,111738.12,0,49-72 months,1773.621,3,1,Low,High
CUST01142,Male,53,48,Monthly,1226.28,Credit Card,DSL,2,2,97.02,27,10,1,0,52975.3,0,25-48 months,1103.652,4,2,High,Low
CUST01143,Female,63,63,Monthly,559.03,Credit Card,Fiber,2,1,311.37,2,10,10,3,31697.0,0,49-72 months,503.127,3,4,Low,High
CUST01144,Male,59,12,Monthly,4195.91,Cash,Fiber,2,1,217.88,30,0,4,1,50350.92,0,0-12 months,4195.91,3,2,High,Medium
CUST01145,Female,66,28,One Year,3364.95,Credit Card,Unknown,2,0,164.83,15,10,1,1,84796.74,0,25-48 months,3028.455,2,1,Medium,Low
CUST01146,Female,59,44,Monthly,1531.95,Bank Transfer,DSL,1,2,243.97,22,15,7,1,57294.93,0,25-48 months,1302.1575,3,3,High,Medium
CUST01147,Male,56,43,Monthly,2382.95,Bank Transfer,Fiber,3,2,243.24,13,10,9,0,92220.16,0,25-48 months,2144.6549999999997,5,2,Medium,High
CUST01148,Female,33,17,One Year,4106.49,Cash,Unknown,2,2,321.49,11,5,1,1,66319.81,0,13-24 months,3901.1654999999996,4,3,Medium,Low
CUST01149,Male,50,40,Monthly,2924.15,Bank Transfer,Fiber,2,0,281.81,22,5,8,2,111117.7,0,25-48 months,2777.9425,2,2,High,High
CUST01150,Male,66,49,One Year,1850.72,Bank Transfer,DSL,0,2,317.48,22,20,10,3,72548.22,0,49-72 months,1480.576,2,5,High,High
CUST01151,Male,38,57,Monthly,1702.33,Debit Card,Fiber,3,1,490.34,19,5,6,0,92181.17,0,49-72 months,1617.2134999999998,4,1,Medium,Medium
CUST01152,Male,26,64,Monthly,1479.26,Credit Card,DSL,2,2,406.18,6,15,6,1,72487.86,0,49-72 months,1257.3709999999999,4,3,Low,Medium
CUST01153,Female,23,57,One Year,4206.78,Debit Card,Fiber,2,0,149.57,9,0,8,0,239786.46,0,49-72 months,4206.78,2,0,Low,High
CUST01154,Female,68,70,One Year,3118.37,Debit Card,DSL,0,2,269.08,30,0,1,4,218285.9,1,49-72 months,3118.37,2,6,High,Low
CUST01155,Female,62,43,Monthly,3691.21,Bank Transfer,DSL,3,1,118.53,12,5,9,0,150785.93,0,25-48 months,3506.6495,4,1,Medium,High
CUST01156,Male,52,23,Monthly,4370.54,UPI,Fiber,1,1,261.85,29,0,6,1,100522.42,0,13-24 months,4370.54,2,2,High,Medium
CUST01157,Female,56,27,Monthly,4940.88,Credit Card,Unknown,0,1,357.48,11,0,3,2,133403.76,1,25-48 months,4940.88,1,3,Medium,Low
CUST01158,Male,39,58,Monthly,1622.68,Unknown,Fiber,2,0,37.56,3,10,1,2,84703.9,1,49-72 months,1460.412,2,2,Low,Low
CUST01159,Female,58,37,Monthly,1314.06,Bank Transfer,Unknown,0,1,73.03,18,5,4,2,46189.21,1,25-48 months,1248.357,1,3,Medium,Medium
CUST01160,Female,22,6,Monthly,2578.99,Cash,Fiber,0,0,8.62,24,0,5,1,15473.94,0,0-12 months,2578.99,0,1,High,Medium
CUST01161,Female,59,65,One Year,657.82,Debit Card,DSL,3,2,192.44,13,15,4,1,36344.56,0,49-72 months,559.147,5,3,Medium,Medium
CUST01162,Male,40,6,One Year,4062.73,Bank Transfer,DSL,4,0,384.82,30,0,7,1,24376.38,0,0-12 months,4062.73,4,1,High,Medium
CUST01163,Female,34,50,Monthly,4476.92,Unknown,Fiber,2,2,227.51,13,15,6,2,190269.1,0,49-72 months,3805.382,4,4,Medium,Medium
CUST01164,Female,29,22,Monthly,3587.18,UPI,Fiber,3,0,287.54,15,10,10,1,71026.16,0,13-24 months,3228.462,3,1,Medium,High
CUST01165,Male,40,25,Monthly,1705.98,Cash,DSL,2,0,296.99,19,0,5,1,42649.5,0,25-48 months,1705.98,2,1,Medium,Medium
CUST01166,Female,33,72,Monthly,1054.2,Debit Card,DSL,2,0,49.32,15,0,3,0,75902.4,0,49-72 months,1054.2,2,0,Medium,Low
CUST01167,Male,20,51,Two Year,2219.65,Cash,Unknown,3,1,91.36,28,0,9,1,113202.15,0,49-72 months,2219.65,4,2,High,High
CUST01168,Female,47,48,One Year,4250.01,Cash,Fiber,0,2,458.03,15,20,3,2,163200.38,0,25-48 months,3400.0080000000003,2,4,Medium,Low
CUST01169,Male,39,70,One Year,2065.23,Cash,Fiber,2,1,232.06,5,0,3,1,144566.1,0,49-72 months,2065.23,3,2,Low,Low
CUST01170,Male,26,65,Two Year,654.15,Credit Card,DSL,1,0,212.21,5,10,3,2,38267.78,0,49-72 months,588.735,1,2,Low,Low
CUST01171,Female,46,60,Monthly,1734.26,Cash,DSL,1,1,376.74,2,5,8,1,98852.82,0,49-72 months,1647.547,2,2,Low,High
CUST01172,Male,64,46,Monthly,4954.76,Bank Transfer,Unknown,0,0,27.37,18,0,2,1,227918.96,1,25-48 months,4954.76,0,1,Medium,Low
CUST01173,Male,54,36,One Year,3545.01,Credit Card,Fiber,3,2,421.19,6,5,4,1,121239.34,0,25-48 months,3367.7595,5,3,Low,Medium
CUST01174,Male,40,58,Monthly,4553.85,Credit Card,Fiber,0,0,336.87,18,5,8,1,250917.14,0,49-72 months,4326.1575,0,1,Medium,High
CUST01175,Male,30,38,One Year,3986.89,Cash,DSL,2,4,76.74,30,0,1,1,151501.82,1,25-48 months,3986.89,6,5,High,Low
CUST01176,Male,49,11,One Year,2928.67,Bank Transfer,Fiber,1,0,37.14,22,0,3,1,32215.37,0,0-12 months,2928.67,1,1,High,Low
CUST01177,Male,63,12,One Year,2706.835,Debit Card,DSL,2,0,6.43,28,5,4,0,13327.74,0,0-12 months,2571.49325,2,0,High,Medium
CUST01178,Female,69,42,Monthly,2068.9,Cash,Fiber,1,0,150.61,28,0,6,1,86893.8,0,25-48 months,2068.9,1,1,High,Medium
CUST01179,Male,64,39,Monthly,3126.83,Credit Card,Fiber,2,0,165.78,7,15,2,1,103654.41,1,25-48 months,2657.8055,2,1,Low,Low
CUST01180,Male,65,71,One Year,4417.85,Debit Card,DSL,0,1,92.52,29,5,7,1,297983.98,0,49-72 months,4196.9575,1,2,High,Medium
CUST01181,Female,40,11,Two Year,1709.04,Debit Card,Fiber,2,0,147.11,20,0,3,1,18799.44,0,0-12 months,1709.04,2,1,Medium,Low
CUST01182,Female,62,36,One Year,1045.52,Credit Card,Fiber,2,1,283.21,26,5,8,1,35756.78,0,25-48 months,993.2439999999999,3,2,High,High
CUST01183,Female,34,52,Two Year,3014.75,Debit Card,Unknown,2,0,60.87,20,10,2,0,141090.3,0,49-72 months,2713.275,2,0,Medium,Low
CUST01184,Female,57,31,Monthly,1294.26,Bank Transfer,Unknown,6,1,104.56,29,15,9,1,34103.75,0,25-48 months,1100.1209999999999,7,2,High,High
CUST01185,Female,38,33,Monthly,3246.63,Bank Transfer,Unknown,0,2,283.19,3,0,4,0,107138.79,0,25-48 months,3246.63,2,2,Low,Medium
CUST01186,Female,19,13,Monthly,1685.85,Cash,Unknown,4,1,353.71,17,5,8,1,20820.25,0,13-24 months,1601.5575,5,2,Medium,High
CUST01187,Female,54,18,Monthly,1539.33,Cash,Fiber,1,1,465.98,20,10,4,2,24937.15,0,13-24 months,1385.397,2,3,Medium,Medium
CUST01188,Male,23,41,Two Year,2296.31,Debit Card,Fiber,2,4,257.72,19,0,6,5,94148.71,0,25-48 months,2296.31,6,9,Medium,Medium
CUST01189,Male,61,58,Two Year,3169.36,Credit Card,Fiber,5,0,61.05,8,0,8,0,183822.88,0,49-72 months,3169.36,5,0,Low,High
CUST01190,Female,35,56,Monthly,2953.93,Bank Transfer,Unknown,1,4,297.81,21,5,5,1,157149.08,1,49-72 months,2806.2335,5,5,High,Medium
CUST01191,Male,47,24,Monthly,1601.31,UPI,DSL,2,2,497.7,23,15,6,1,32666.72,0,13-24 months,1361.1135,4,3,High,Medium
CUST01192,Male,39,31,Monthly,4510.03,Cash,DSL,0,1,442.12,19,5,2,2,132820.38,0,25-48 months,4284.528499999999,1,3,Medium,Low
CUST01193,Male,50,55,Two Year,994.47,Bank Transfer,Unknown,3,2,391.18,19,5,4,3,51961.06,0,49-72 months,944.7465,5,5,Medium,Medium
CUST01194,Female,47,10,Monthly,677.6,Debit Card,DSL,2,1,368.63,27,10,5,0,6098.4,0,0-12 months,609.84,3,1,High,Medium
CUST01195,Female,34,60,Monthly,3212.18,Bank Transfer,Fiber,2,0,379.0,6,0,1,2,192730.8,1,49-72 months,3212.18,2,2,Low,Low
CUST01196,Male,60,2,Monthly,1055.33,Bank Transfer,Fiber,5,1,49.9,26,15,7,0,1794.06,0,0-12 months,897.0305,6,1,High,Medium
CUST01197,Female,49,15,Monthly,2772.01,Debit Card,Fiber,4,1,262.49,20,20,6,2,33264.12,1,13-24 months,2217.608,5,3,Medium,Medium
CUST01198,Male,59,3,Two Year,4782.98,Cash,Fiber,0,1,346.34,8,10,4,2,12914.05,0,0-12 months,4304.682,1,3,Low,Medium
CUST01199,Male,68,43,Monthly,3643.61,Cash,Fiber,1,0,41.0,3,10,4,0,141007.71,0,25-48 months,3279.2490000000003,1,0,Low,Medium
CUST01200,Male,31,31,Monthly,3278.55,UPI,DSL,1,1,457.81,5,10,3,1,91471.54,0,25-48 months,2950.695,2,2,Low,Low
CUST01201,Male,27,70,Monthly,3086.62,UPI,Fiber,6,0,68.21,1,0,1,3,216063.4,1,49-72 months,3086.62,6,3,Low,Low
CUST01202,Female,64,67,Monthly,1307.93,Cash,DSL,1,1,48.66,30,10,6,1,78868.18,0,49-72 months,1177.1370000000002,2,2,High,Medium
CUST01203,Female,68,56,One Year,2446.92,Cash,Fiber,2,2,66.1,1,0,5,0,137027.52,1,49-72 months,2446.92,4,2,Low,Medium
CUST01204,Female,53,63,Monthly,2041.36,Cash,Unknown,2,1,214.5,24,20,6,0,102884.54,1,49-72 months,1633.088,3,1,High,Medium
CUST01205,Male,51,15,Monthly,4788.83,Cash,DSL,1,2,273.87,23,10,10,0,64649.2,0,13-24 months,4309.947,3,2,High,High
CUST01206,Female,26,10,Two Year,1590.44,Bank Transfer,Unknown,2,1,51.9,1,5,1,1,15109.18,0,0-12 months,1510.918,3,2,Low,Low
CUST01207,Male,59,38,Monthly,2621.82,UPI,Fiber,3,1,394.06,6,15,2,1,84684.79,0,25-48 months,2228.547,4,2,Low,Low
CUST01208,Female,45,47,One Year,4721.36,Debit Card,Fiber,2,0,104.08,2,20,7,1,177523.14,0,25-48 months,3777.0879999999997,2,1,Low,Medium
CUST01209,Male,28,57,Monthly,4051.31,Credit Card,DSL,2,0,282.43,12,15,9,1,196285.97,0,49-72 months,3443.6135,2,1,Medium,High
CUST01210,Male,31,50,Monthly,4840.32,Debit Card,Fiber,2,0,248.11,17,10,6,1,72487.86,0,49-72 months,4356.288,2,1,Medium,Medium
CUST01211,Male,56,71,One Year,3237.49,Credit Card,Fiber,4,2,453.29,10,0,6,1,229861.79,0,49-72 months,3237.49,6,3,Low,Medium
CUST01212,Female,64,15,Two Year,2002.04,Bank Transfer,Fiber,1,0,447.19,5,10,5,1,27027.54,1,13-24 months,1801.836,1,1,Low,Medium
CUST01213,Female,36,18,One Year,4219.92,UPI,Fiber,0,0,123.01,5,0,5,1,75958.56,1,13-24 months,4219.92,0,1,Low,Medium
CUST01214,Female,32,2,Monthly,1811.55,Credit Card,Unknown,2,1,271.52,2,15,6,0,3079.64,1,0-12 months,1539.8174999999999,3,1,Low,Medium
CUST01215,Female,45,43,Monthly,1241.48,Cash,Fiber,1,0,492.77,12,10,2,0,48045.28,0,25-48 months,1117.332,1,0,Medium,Low
CUST01216,Male,41,26,Monthly,3678.3,Bank Transfer,Unknown,4,2,169.26,5,5,10,1,90854.01,0,25-48 months,3494.385,6,3,Low,High
CUST01217,Female,25,71,Monthly,3375.3,Credit Card,Fiber,3,0,41.47,30,0,6,1,239646.3,0,49-72 months,3375.3,3,1,High,Medium
CUST01218,Female,60,38,One Year,4455.27,Cash,Fiber,3,1,360.43,15,5,4,1,160835.25,0,25-48 months,4232.5065,4,2,Medium,Medium
CUST01219,Male,26,42,Monthly,4828.66,Bank Transfer,DSL,5,1,254.08,23,5,3,1,192663.53,1,25-48 months,4587.227,6,2,High,Low
CUST01220,Male,64,5,Monthly,4357.39,Credit Card,DSL,2,2,470.12,20,5,7,1,20697.6,0,0-12 months,4139.5205000000005,4,3,Medium,Medium
CUST01221,Male,50,11,One Year,770.1,Cash,DSL,0,1,289.72,18,0,5,1,8471.1,0,0-12 months,770.1,1,2,Medium,Medium
CUST01222,Female,50,65,Monthly,3490.31,UPI,DSL,2,1,258.19,29,10,10,1,204183.14,0,49-72 months,3141.279,3,2,High,High
CUST01223,Male,36,34,One Year,4031.3,Bank Transfer,Fiber,1,1,457.85,21,5,3,2,130210.99,0,25-48 months,3829.735,2,3,High,Low
CUST01224,Male,20,1,Monthly,4918.68,Credit Card,Fiber,2,1,193.29,27,0,8,0,4918.68,0,0-12 months,4918.68,3,1,High,High
CUST01225,Male,27,2,Monthly,2185.98,Cash,Fiber,2,1,300.74,6,0,5,3,4371.96,1,0-12 months,2185.98,3,4,Low,Medium
CUST01226,Female,57,20,Two Year,1264.47,UPI,Fiber,0,1,423.62,29,0,3,0,25289.4,1,13-24 months,1264.47,1,1,High,Low
CUST01227,Male,64,61,Monthly,4338.2,Cash,Unknown,3,0,300.81,24,5,9,0,251398.69,1,49-72 months,4121.29,3,0,High,High
CUST01228,Female,59,21,Monthly,1928.6,UPI,Unknown,3,0,152.41,14,0,2,1,40500.6,0,13-24 months,1928.6,3,1,Medium,Low
CUST01229,Female,18,68,One Year,3191.91,Credit Card,Fiber,1,0,281.37,25,0,3,0,217049.88,0,49-72 months,3191.91,1,0,High,Low
CUST01230,Male,46,12,Two Year,2254.53,Cash,DSL,4,0,218.85,11,5,3,0,25701.64,0,0-12 months,2141.8035,4,0,Medium,Low
CUST01231,Male,67,22,Two Year,2310.47,Cash,DSL,2,1,492.43,26,0,1,2,50830.34,1,13-24 months,2310.47,3,3,High,Low
CUST01232,Female,51,20,One Year,3796.09,Debit Card,Fiber,2,0,30.22,8,15,7,1,64533.53,0,13-24 months,3226.6765,2,1,Low,Medium
CUST01233,Male,68,1,Monthly,2126.64,Bank Transfer,Fiber,1,1,385.14,23,5,6,0,2020.31,0,0-12 months,2020.3079999999998,2,1,High,Medium
CUST01234,Male,30,30,Two Year,3618.84,Cash,Fiber,1,1,16.89,25,0,6,2,108565.2,0,25-48 months,3618.84,2,3,High,Medium
CUST01235,Female,18,24,One Year,564.48,UPI,DSL,2,2,303.94,9,0,6,0,13547.52,0,13-24 months,564.48,4,2,Low,Medium
CUST01236,Female,51,14,Monthly,1960.91,Bank Transfer,Fiber,1,1,218.31,6,0,7,0,27452.74,0,13-24 months,1960.91,2,1,Low,Medium
CUST01237,Male,46,36,Two Year,1935.7,Credit Card,Unknown,4,0,455.67,28,10,6,1,62716.68,0,25-48 months,1742.13,4,1,High,Medium
CUST01238,Female,65,69,Monthly,3869.76,Bank Transfer,Fiber,2,2,271.97,3,0,9,1,267013.44,0,49-72 months,3869.76,4,3,Low,High
CUST01239,Male,64,24,Monthly,1915.51,Debit Card,Fiber,3,1,414.53,30,0,5,1,45972.24,0,13-24 months,1915.51,4,2,High,Medium
CUST01240,Male,30,60,Two Year,3349.97,Credit Card,Fiber,2,2,337.71,28,10,1,1,180898.38,0,49-72 months,3014.973,4,3,High,Low
CUST01241,Male,65,55,Monthly,3598.36,Cash,DSL,3,2,226.29,27,5,1,0,188014.31,0,49-72 months,3418.442,5,2,High,Low
CUST01242,Female,66,24,Monthly,3462.91,Credit Card,DSL,1,1,172.17,8,15,1,1,70643.36,0,13-24 months,2943.4734999999996,2,2,Low,Low
CUST01243,Male,70,24,Monthly,3214.82,Credit Card,DSL,1,0,62.93,16,10,2,0,69440.11,0,13-24 months,2893.338,1,0,Medium,Low
CUST01244,Male,46,54,One Year,2361.28,Debit Card,Fiber,1,1,11.69,19,0,4,1,127509.12,0,49-72 months,2361.28,2,2,Medium,Medium
CUST01245,Male,56,26,Monthly,2179.87,UPI,Fiber,3,1,5.69,1,0,6,0,56676.62,0,25-48 months,2179.87,4,1,Low,Medium
CUST01246,Female,41,66,Monthly,3040.63,Credit Card,Fiber,4,2,116.82,13,5,7,1,190647.5,0,49-72 months,2888.5985,6,3,Medium,Medium
CUST01247,Female,43,38,One Year,786.66,UPI,Fiber,0,2,282.66,12,0,5,0,29893.08,0,25-48 months,786.66,2,2,Medium,Medium
CUST01248,Female,34,65,Two Year,4441.19,Bank Transfer,DSL,1,1,487.87,20,10,7,0,259809.62,0,49-72 months,3997.071,2,1,Medium,Medium
CUST01249,Female,24,51,Monthly,4213.92,Debit Card,Fiber,1,0,354.09,30,0,2,0,214909.92,0,49-72 months,4213.92,1,0,High,Low
CUST01250,Female,30,35,One Year,2058.73,Cash,Fiber,2,1,39.99,25,15,6,1,61247.22,0,25-48 months,1749.9205,3,2,High,Medium
CUST01251,Male,22,43,One Year,3050.69,Credit Card,Fiber,0,1,324.38,29,15,3,2,111502.72,0,25-48 months,2593.0865,1,3,High,Low
CUST01252,Female,43,29,One Year,4695.02,UPI,Fiber,3,0,245.32,8,20,9,1,108924.46,0,25-48 months,3756.0160000000005,3,1,Low,High
CUST01253,Female,66,37,Monthly,1722.37,Credit Card,DSL,1,0,319.91,30,0,10,1,63727.69,0,25-48 months,1722.37,1,1,High,High
CUST01254,Female,20,58,Two Year,3841.05,Debit Card,DSL,1,1,313.48,14,5,10,1,211641.86,0,49-72 months,3648.9975,2,2,Medium,High
CUST01255,Male,24,54,Monthly,2706.835,Cash,DSL,1,5,76.25,6,15,4,1,40038.11,0,49-72 months,2300.80975,6,6,Low,Medium
CUST01256,Female,66,39,Monthly,2855.17,Bank Transfer,DSL,2,0,460.13,3,5,5,0,105784.05,0,25-48 months,2712.4115,2,0,Low,Medium
CUST01257,Female,56,42,Monthly,4477.86,Bank Transfer,Fiber,3,1,279.5,3,0,5,0,188070.12,0,25-48 months,4477.86,4,1,Low,Medium
CUST01258,Male,70,28,One Year,2982.69,UPI,DSL,3,0,351.88,23,0,2,4,83515.32,1,25-48 months,2982.69,3,4,High,Low
CUST01259,Female,18,29,Monthly,3273.14,Bank Transfer,Fiber,1,0,196.6,14,5,4,2,90175.01,0,25-48 months,3109.4829999999997,1,2,Medium,Medium
CUST01260,Male,66,43,Monthly,4584.38,UPI,DSL,2,1,65.53,21,0,7,0,197128.34,0,25-48 months,4584.38,3,1,High,Medium
CUST01261,Male,34,3,One Year,3719.12,Cash,DSL,1,0,347.01,3,5,2,1,10599.49,1,0-12 months,3533.1639999999998,1,1,Low,Low
CUST01262,Male,60,10,Two Year,3631.41,Credit Card,DSL,3,1,471.53,28,0,5,0,36314.1,1,0-12 months,3631.41,4,1,High,Medium
CUST01263,Male,42,59,One Year,3138.73,Debit Card,Fiber,0,1,292.66,12,10,5,1,166666.56,0,49-72 months,2824.857,1,2,Medium,Medium
CUST01264,Male,20,14,Monthly,3348.45,Cash,Unknown,1,0,103.33,12,5,5,1,44534.38,0,13-24 months,3181.0274999999997,1,1,Medium,Medium
CUST01265,Female,32,47,Monthly,4116.67,Cash,DSL,2,2,313.51,17,5,7,1,183809.32,0,25-48 months,3910.8365,4,3,Medium,Medium
CUST01266,Male,46,42,One Year,4906.55,Bank Transfer,DSL,0,0,217.32,11,0,10,1,206075.1,0,25-48 months,4906.55,0,1,Medium,High
CUST01267,Male,70,32,Monthly,4078.96,Bank Transfer,Fiber,3,0,202.52,9,10,7,2,72487.86,0,25-48 months,3671.0640000000003,3,2,Low,Medium
CUST01268,Female,60,32,One Year,3683.92,Debit Card,Fiber,1,1,457.18,27,5,8,2,111991.17,0,25-48 months,3499.7239999999997,2,3,High,High
CUST01269,Male,49,42,Monthly,1109.95,Credit Card,Fiber,2,2,369.86,28,15,1,1,39625.22,0,25-48 months,943.4575,4,3,High,Low
CUST01270,Female,43,32,Two Year,4176.86,Cash,Fiber,0,0,256.84,28,15,3,1,113610.59,1,25-48 months,3550.3309999999997,0,1,High,Low
CUST01271,Female,33,26,Monthly,3811.97,Bank Transfer,DSL,1,1,211.66,5,0,1,2,99111.22,0,25-48 months,3811.97,2,3,Low,Low
CUST01272,Female,42,1,Monthly,3966.94,Cash,Unknown,2,0,125.25,11,5,7,1,3768.59,1,0-12 months,3768.593,2,1,Medium,Medium
CUST01273,Male,45,56,Two Year,1539.93,Credit Card,Fiber,1,1,175.01,7,10,5,0,77612.47,0,49-72 months,1385.9370000000001,2,1,Low,Medium
CUST01274,Male,26,2,Monthly,4565.5,UPI,DSL,3,1,272.61,10,0,2,0,9131.0,1,0-12 months,4565.5,4,1,Low,Low
CUST01275,Male,18,30,Monthly,937.77,Credit Card,Fiber,2,1,28.93,9,0,10,2,28133.1,0,25-48 months,937.77,3,3,Low,High
CUST01276,Female,46,71,Two Year,1641.25,Cash,Fiber,2,0,181.97,20,0,2,0,116528.75,0,49-72 months,1641.25,2,0,Medium,Low
CUST01277,Male,39,52,Monthly,3483.61,Cash,Unknown,1,2,249.57,29,5,7,2,172090.33,0,49-72 months,3309.4295,3,4,High,Medium
CUST01278,Male,33,9,Monthly,3531.72,Debit Card,DSL,2,2,306.11,15,15,5,0,27017.66,1,0-12 months,3001.9619999999995,4,2,Medium,Medium
CUST01279,Male,58,22,Monthly,1909.96,Cash,DSL,0,0,372.83,29,0,4,0,42019.12,0,13-24 months,1909.96,0,0,High,Medium
CUST01280,Female,68,34,Monthly,3656.84,Bank Transfer,Fiber,2,0,11.85,28,0,8,1,124332.56,0,25-48 months,3656.84,2,1,High,High
CUST01281,Female,61,49,Monthly,2245.69,Debit Card,Fiber,1,0,150.93,11,10,3,3,99034.93,0,49-72 months,2021.121,1,3,Medium,Low
CUST01282,Male,68,1,One Year,500.79,Cash,Fiber,1,1,134.17,21,5,3,0,475.75,1,0-12 months,475.7505,2,1,High,Low
CUST01283,Male,58,53,One Year,1231.73,Credit Card,Fiber,1,0,263.03,3,0,8,1,65281.69,0,49-72 months,1231.73,1,1,Low,High
CUST01284,Male,24,40,Monthly,2706.835,Cash,Fiber,4,1,235.68,23,10,2,1,160984.08,1,25-48 months,2436.1515,5,2,High,Low
CUST01285,Male,31,45,Monthly,1502.12,Credit Card,DSL,4,3,44.55,29,0,3,2,67595.4,1,25-48 months,1502.12,7,5,High,Low
CUST01286,Female,46,68,Two Year,1008.1,Credit Card,Fiber,1,0,381.87,15,5,4,0,65123.26,0,49-72 months,957.6949999999999,1,0,Medium,Medium
CUST01287,Female,36,9,Two Year,3569.9,Cash,Fiber,1,2,345.2,17,5,10,3,30522.64,1,0-12 months,3391.4049999999997,3,5,Medium,High
CUST01288,Female,36,22,Monthly,2483.18,Credit Card,DSL,1,1,411.47,24,5,3,2,51898.46,0,13-24 months,2359.0209999999997,2,3,High,Low
CUST01289,Female,19,18,Two Year,4084.66,UPI,Unknown,3,2,59.96,3,10,8,4,72487.86,0,13-24 months,3676.194,5,6,Low,High
CUST01290,Male,58,43,One Year,4376.5,Debit Card,Unknown,3,1,255.59,29,10,6,0,169370.55,0,25-48 months,3938.85,4,1,High,Medium
CUST01291,Male,62,39,Monthly,4306.95,Cash,DSL,1,1,303.84,20,5,3,2,159572.5,0,25-48 months,4091.6024999999995,2,3,Medium,Low
CUST01292,Male,32,6,Monthly,1908.54,UPI,Fiber,3,0,29.23,26,0,7,1,11451.24,0,0-12 months,1908.54,3,1,High,Medium
CUST01293,Female,20,48,Monthly,2774.96,Credit Card,Fiber,2,1,479.91,4,5,4,2,126538.18,0,25-48 months,2636.212,3,3,Low,Medium
CUST01294,Male,28,7,Two Year,3425.64,Credit Card,Unknown,0,1,398.24,11,10,3,1,21581.53,0,0-12 months,3083.076,1,2,Medium,Low
CUST01295,Female,70,69,One Year,1948.92,Debit Card,Unknown,1,0,125.61,23,15,2,1,114304.16,0,49-72 months,1656.582,1,1,High,Low
CUST01296,Female,63,16,One Year,684.95,UPI,Unknown,2,0,316.23,30,0,8,0,10959.2,0,13-24 months,684.95,2,0,High,High
CUST01297,Male,47,1,Monthly,2730.49,UPI,Fiber,3,0,75.97,28,0,8,0,2730.49,1,0-12 months,2730.49,3,0,High,High
CUST01298,Male,57,37,One Year,557.68,Cash,Fiber,1,4,437.24,7,10,2,0,18570.74,0,25-48 months,501.912,5,4,Low,Low
CUST01299,Male,35,37,One Year,4777.91,Credit Card,Unknown,4,0,53.68,20,5,9,2,167943.54,0,25-48 months,4539.014499999999,4,2,Medium,High
CUST01300,Female,68,64,Two Year,4085.08,Bank Transfer,Fiber,1,2,452.53,22,5,7,1,248372.86,0,49-72 months,3880.8259999999996,3,3,High,Medium
CUST01301,Male,65,62,Monthly,1364.04,Cash,DSL,2,1,414.79,24,0,6,2,84570.48,0,49-72 months,1364.04,3,3,High,Medium
CUST01302,Female,19,72,One Year,1794.07,Cash,Unknown,2,2,241.72,26,5,3,0,122714.39,1,49-72 months,1704.3664999999999,4,2,High,Low
CUST01303,Male,49,61,Monthly,4922.77,Cash,DSL,1,0,328.04,14,10,3,1,270260.07,0,49-72 months,4430.493,1,1,Medium,Low
CUST01304,Female,25,33,One Year,2180.97,Debit Card,Fiber,4,1,126.68,4,5,4,2,68373.41,0,25-48 months,2071.9215,5,3,Low,Medium
CUST01305,Female,39,66,One Year,4026.75,Debit Card,Fiber,3,0,195.25,13,15,9,0,225900.68,0,49-72 months,3422.7374999999997,3,0,Medium,High
CUST01306,Male,23,30,Monthly,2510.67,Cash,Fiber,1,4,112.64,1,0,8,1,75320.1,1,25-48 months,2510.67,5,5,Low,High
CUST01307,Female,29,20,One Year,4388.43,Bank Transfer,DSL,1,3,266.17,23,0,2,2,87768.6,1,13-24 months,4388.43,4,5,High,Low
CUST01308,Female,64,60,Monthly,3666.89,Unknown,DSL,1,2,162.75,18,10,5,2,198012.06,0,49-72 months,3300.201,3,4,Medium,Medium
CUST01309,Male,57,24,Two Year,603.1,UPI,Fiber,3,2,179.02,27,10,10,1,13026.96,0,13-24 months,542.7900000000001,5,3,High,High
CUST01310,Female,53,4,Monthly,1824.75,Credit Card,Fiber,1,0,224.17,13,0,6,0,7299.0,0,0-12 months,1824.75,1,0,Medium,Medium
CUST01311,Male,32,37,One Year,3010.97,UPI,Fiber,0,0,436.93,3,15,5,0,94695.01,0,25-48 months,2559.3244999999997,0,0,Low,Medium
CUST01312,Female,45,4,Two Year,4667.78,UPI,Unknown,1,3,276.57,8,0,1,2,18671.12,1,0-12 months,4667.78,4,5,Low,Low
CUST01313,Male,69,18,Monthly,959.13,Bank Transfer,DSL,3,4,404.27,18,5,9,1,16401.12,0,13-24 months,911.1735,7,5,Medium,High
CUST01314,Male,66,66,Monthly,3205.23,UPI,Fiber,1,0,425.03,2,20,10,2,169236.14,0,49-72 months,2564.184,1,2,Low,High
CUST01315,Female,62,48,Monthly,1859.8,Bank Transfer,Unknown,1,0,126.49,20,5,6,2,84806.88,0,25-48 months,1766.81,1,2,Medium,Medium
CUST01316,Female,35,33,Monthly,4501.98,Debit Card,DSL,1,2,389.96,6,10,5,1,133708.81,1,25-48 months,4051.7819999999997,3,3,Low,Medium
CUST01317,Female,19,58,One Year,3943.26,Bank Transfer,DSL,3,0,326.09,26,5,6,3,217273.63,0,49-72 months,3746.097,3,3,High,Medium
CUST01318,Female,30,28,One Year,2163.66,Debit Card,DSL,2,1,256.17,27,0,3,2,60582.48,0,25-48 months,2163.66,3,3,High,Low
CUST01319,Female,62,35,Two Year,1251.96,Bank Transfer,DSL,2,2,48.89,18,20,9,1,35054.88,0,25-48 months,1001.5680000000001,4,3,Medium,High
CUST01320,Male,32,10,Two Year,551.74,Cash,Fiber,4,3,288.31,25,0,4,1,5517.4,1,0-12 months,551.74,7,4,High,Medium
CUST01321,Female,37,65,Monthly,3295.11,Debit Card,DSL,3,1,81.91,28,20,6,1,171345.72,0,49-72 months,2636.088,4,2,High,Medium
CUST01322,Male,46,42,One Year,2327.56,Debit Card,DSL,5,0,409.05,18,5,6,0,92869.64,0,25-48 months,2211.182,5,0,Medium,Medium
CUST01323,Male,59,9,Two Year,1916.4,UPI,Fiber,5,1,467.64,9,0,2,1,17247.6,0,0-12 months,1916.4,6,2,Low,Low
CUST01324,Female,46,60,Monthly,4934.76,Debit Card,Fiber,3,0,241.66,15,0,9,1,296085.6,0,49-72 months,4934.76,3,1,Medium,High
CUST01325,Male,20,15,Monthly,2597.64,Bank Transfer,Fiber,2,1,223.06,23,10,2,3,35068.14,0,13-24 months,2337.8759999999997,3,4,High,Low
CUST01326,Male,36,57,Monthly,3874.28,Cash,Fiber,5,0,246.95,27,10,10,1,198750.56,0,49-72 months,3486.8520000000003,5,1,High,High
CUST01327,Male,20,69,Two Year,1298.36,Cash,Fiber,5,1,38.26,3,15,5,3,76148.81,0,49-72 months,1103.606,6,4,Low,Medium
CUST01328,Male,31,22,One Year,2706.835,UPI,DSL,2,1,122.31,25,0,2,1,12332.1,1,13-24 months,2706.835,3,2,High,Low
CUST01329,Female,57,64,One Year,2379.03,Bank Transfer,Fiber,1,0,470.6,9,5,9,1,144645.02,0,49-72 months,2260.0785,1,1,Low,High
CUST01330,Male,21,41,Monthly,3495.49,Bank Transfer,Fiber,0,2,175.81,22,20,2,3,114652.07,0,25-48 months,2796.392,2,5,High,Low
CUST01331,Female,69,71,Two Year,2779.69,Credit Card,Unknown,4,1,297.72,18,5,8,1,187490.09,0,49-72 months,2640.7055,5,2,Medium,High
CUST01332,Female,28,56,Monthly,4507.1,Debit Card,DSL,2,1,326.33,23,5,1,1,239777.72,0,49-72 months,4281.745,3,2,High,Low
CUST01333,Male,48,23,One Year,2452.91,UPI,Fiber,2,0,439.19,20,0,3,1,56416.93,0,13-24 months,2452.91,2,1,Medium,Low
CUST01334,Female,60,25,Monthly,1899.51,Cash,Fiber,1,1,122.9,20,15,7,1,40364.59,0,25-48 months,1614.5835,2,2,Medium,Medium
CUST01335,Female,49,6,Monthly,4622.22,Credit Card,DSL,2,0,445.61,7,5,6,0,26346.65,0,0-12 months,4391.109,2,0,Low,Medium
CUST01336,Female,44,34,One Year,2330.61,Bank Transfer,DSL,3,1,198.87,21,10,2,0,71316.67,0,25-48 months,2097.549,4,1,High,Low
CUST01337,Male,47,63,Two Year,1713.42,Debit Card,Fiber,1,1,461.28,17,0,9,0,107945.46,0,49-72 months,1713.42,2,1,Medium,High
CUST01338,Female,60,9,Monthly,939.47,Cash,Unknown,2,1,208.6,3,10,2,2,7609.71,1,0-12 months,845.523,3,3,Low,Low
CUST01339,Female,19,60,Monthly,4069.89,Credit Card,DSL,4,1,56.46,7,15,6,0,207564.39,0,49-72 months,3459.4064999999996,5,1,Low,Medium
CUST01340,Female,66,49,Monthly,4212.91,Bank Transfer,Unknown,2,2,30.8,13,10,1,1,185789.33,0,49-72 months,3791.619,4,3,Medium,Low
CUST01341,Male,26,51,Monthly,649.84,Cash,Fiber,3,0,483.81,9,0,3,0,33141.84,1,49-72 months,649.84,3,0,Low,Low
CUST01342,Female,45,60,Monthly,2113.91,Cash,Fiber,3,1,65.06,9,10,5,1,114151.14,0,49-72 months,1902.519,4,2,Low,Medium
CUST01343,Male,48,70,One Year,3874.44,Bank Transfer,Fiber,4,1,272.89,23,5,7,3,257650.26,0,49-72 months,3680.718,5,4,High,Medium
CUST01344,Male,51,37,Two Year,4758.72,Bank Transfer,Fiber,1,0,265.85,5,0,3,1,176072.64,0,25-48 months,4758.72,1,1,Low,Low
CUST01345,Male,32,31,Monthly,2200.18,UPI,Fiber,2,0,203.67,4,15,9,0,57974.74,0,25-48 months,1870.1529999999998,2,0,Low,High
CUST01346,Male,65,41,One Year,4424.24,Cash,Fiber,1,0,211.93,9,10,4,1,163254.46,0,25-48 months,3981.816,1,1,Low,Medium
CUST01347,Male,42,62,Monthly,2271.74,Bank Transfer,DSL,3,1,240.48,6,10,9,0,126763.09,0,49-72 months,2044.5659999999998,4,1,Low,High
CUST01348,Male,53,58,Monthly,1307.73,Credit Card,Fiber,3,2,54.27,29,10,3,0,68263.51,0,49-72 months,1176.957,5,2,High,Low
CUST01349,Female,25,14,Monthly,515.51,Debit Card,Fiber,1,1,396.5,10,0,3,0,7217.14,0,13-24 months,515.51,2,1,Low,Low
CUST01350,Male,26,36,One Year,1985.81,UPI,Unknown,0,0,191.65,18,15,4,2,60765.79,0,25-48 months,1687.9385,0,2,Medium,Medium
CUST01351,Female,54,36,Monthly,2203.14,Bank Transfer,Fiber,2,0,126.05,3,10,2,1,71381.74,0,25-48 months,1982.826,2,1,Low,Low
CUST01352,Female,65,8,Monthly,4753.03,Debit Card,DSL,1,2,162.54,23,5,5,1,36123.03,1,0-12 months,4515.3785,3,3,High,Medium
CUST01353,Male,62,26,Monthly,1427.32,UPI,DSL,1,1,307.88,20,0,9,1,72487.86,0,25-48 months,1427.32,2,2,Medium,High
CUST01354,Female,56,36,Monthly,2220.04,Cash,Unknown,1,1,388.68,7,10,8,1,71929.3,0,25-48 months,1998.036,2,2,Low,High
CUST01355,Female,49,48,Monthly,613.19,Debit Card,Unknown,1,0,80.94,29,0,8,5,29433.12,0,25-48 months,613.19,1,5,High,High
CUST01356,Female,69,28,Two Year,3935.93,UPI,Fiber,2,1,298.32,12,0,8,0,110206.04,1,25-48 months,3935.93,3,1,Medium,High
CUST01357,Female,34,68,One Year,4618.14,Bank Transfer,Unknown,1,0,214.09,28,5,8,0,298331.84,0,49-72 months,4387.233,1,0,High,High
CUST01358,Male,52,62,Two Year,1570.19,Bank Transfer,Fiber,2,0,431.68,5,10,6,0,87616.6,0,49-72 months,1413.171,2,0,Low,Medium
CUST01359,Female,54,51,Monthly,2430.48,UPI,DSL,5,0,474.9,17,0,7,1,123954.48,0,49-72 months,2430.48,5,1,Medium,Medium
CUST01360,Male,36,42,Monthly,1049.51,Cash,Fiber,4,1,340.88,26,0,10,1,44079.42,0,25-48 months,1049.51,5,2,High,High
CUST01361,Female,61,29,Monthly,2555.76,UPI,DSL,1,1,296.95,19,0,5,4,74117.04,1,25-48 months,2555.76,2,5,Medium,Medium
CUST01362,Female,46,10,Monthly,1100.04,Credit Card,DSL,0,0,391.28,25,10,6,0,9900.36,0,0-12 months,990.036,0,0,High,Medium
CUST01363,Male,24,39,One Year,2855.07,UPI,DSL,5,2,250.42,4,5,3,2,105780.34,0,25-48 months,2712.3165,7,4,Low,Low
CUST01364,Female,45,1,Monthly,3805.8,UPI,DSL,3,2,32.41,12,10,5,2,3425.22,1,0-12 months,3425.2200000000003,5,4,Medium,Medium
CUST01365,Female,26,39,Monthly,2990.04,Bank Transfer,Fiber,4,1,352.04,21,10,10,1,104950.4,1,25-48 months,2691.036,5,2,High,High
CUST01366,Female,45,21,One Year,1603.49,Cash,Fiber,0,1,292.29,15,0,3,1,33673.29,0,13-24 months,1603.49,1,2,Medium,Low
CUST01367,Male,23,65,Monthly,2092.08,UPI,DSL,3,0,79.96,2,0,5,1,135985.2,0,49-72 months,2092.08,3,1,Low,Medium
CUST01368,Female,46,15,Two Year,3373.58,Debit Card,Fiber,2,1,110.42,26,10,10,1,45543.33,0,13-24 months,3036.222,3,2,High,High
CUST01369,Male,34,4,Monthly,3153.9,Bank Transfer,Fiber,3,0,119.18,15,10,1,1,11354.04,1,0-12 months,2838.51,3,1,Medium,Low
CUST01370,Female,33,60,One Year,1115.49,Bank Transfer,DSL,5,2,367.54,11,5,1,1,63582.93,1,49-72 months,1059.7155,7,3,Medium,Low
CUST01371,Male,40,61,Monthly,4302.27,UPI,Unknown,1,0,261.59,24,0,10,2,262438.47,0,49-72 months,4302.27,1,2,High,High
CUST01372,Male,48,20,Two Year,2638.35,Debit Card,Fiber,1,2,28.71,1,5,6,2,50128.65,1,13-24 months,2506.4325,3,4,Low,Medium
CUST01373,Female,20,10,Monthly,2706.835,UPI,DSL,3,0,419.79,14,0,8,0,12306.6,0,0-12 months,2706.835,3,0,Medium,High
CUST01374,Female,38,34,One Year,1052.72,Debit Card,Fiber,1,1,324.26,27,10,4,3,32213.23,0,25-48 months,947.4480000000001,2,4,High,Medium
CUST01375,Male,43,48,Monthly,4844.98,Bank Transfer,Fiber,1,0,367.91,4,15,7,1,197675.18,0,25-48 months,4118.232999999999,1,1,Low,Medium
CUST01376,Male,53,33,One Year,1766.91,Debit Card,Fiber,3,3,469.03,6,5,5,1,55392.63,0,25-48 months,1678.5645,6,4,Low,Medium
CUST01377,Female,59,61,Monthly,4588.67,UPI,DSL,1,0,133.78,8,5,2,2,265913.43,0,49-72 months,4359.2365,1,2,Low,Low
CUST01378,Male,54,10,Monthly,2347.63,Credit Card,DSL,3,0,296.86,20,0,5,0,23476.3,1,0-12 months,2347.63,3,0,Medium,Medium
CUST01379,Female,70,54,Two Year,2236.65,Credit Card,Fiber,1,0,381.27,2,0,2,0,120779.1,0,49-72 months,2236.65,1,0,Low,Low
CUST01380,Female,39,65,Two Year,3654.18,Debit Card,DSL,2,3,258.83,4,5,9,0,225645.61,0,49-72 months,3471.4709999999995,5,3,Low,High
CUST01381,Female,59,1,Monthly,544.47,UPI,Fiber,0,2,245.6,17,10,1,2,490.02,1,0-12 months,490.023,2,4,Medium,Low
CUST01382,Female,29,5,Two Year,2021.4,Cash,Fiber,1,1,464.72,24,10,3,0,9096.3,0,0-12 months,1819.2600000000002,2,1,High,Low
CUST01383,Male,59,15,Monthly,1861.91,Credit Card,DSL,2,0,125.58,9,5,1,0,26532.22,1,13-24 months,1768.8145,2,0,Low,Low
CUST01384,Female,30,28,Two Year,4406.44,Bank Transfer,Fiber,3,2,328.18,19,20,5,1,98704.26,0,25-48 months,3525.152,5,3,Medium,Medium
CUST01385,Male,28,23,One Year,2881.06,UPI,Fiber,1,2,485.29,30,15,4,2,56324.72,0,13-24 months,2448.901,3,4,High,Medium
CUST01386,Female,33,17,Monthly,2140.57,UPI,DSL,1,0,113.89,8,15,6,1,30931.24,0,13-24 months,1819.4845,1,1,Low,Medium
CUST01387,Male,25,13,Two Year,1697.36,Credit Card,DSL,3,0,233.89,9,5,5,1,20962.4,1,13-24 months,1612.4919999999997,3,1,Low,Medium
CUST01388,Female,57,14,Two Year,3157.29,Cash,DSL,4,0,487.84,28,10,7,1,39781.85,0,13-24 months,2841.561,4,1,High,Medium
CUST01389,Male,57,11,Monthly,1182.53,Bank Transfer,Fiber,1,0,22.75,13,15,7,2,11056.66,0,0-12 months,1005.1505,1,2,Medium,Medium
CUST01390,Male,62,28,One Year,1607.92,Cash,Fiber,6,0,316.78,8,10,10,2,40519.58,0,25-48 months,1447.1280000000002,6,2,Low,High
CUST01391,Female,19,42,Monthly,1821.25,Bank Transfer,DSL,1,0,205.25,14,0,5,0,76492.5,0,25-48 months,1821.25,1,0,Medium,Medium
CUST01392,Female,47,61,Two Year,3235.59,Credit Card,Fiber,3,0,386.69,18,0,10,1,197370.99,1,49-72 months,3235.59,3,1,Medium,High
CUST01393,Female,47,64,One Year,2179.65,UPI,DSL,2,0,165.0,18,20,1,0,111598.08,0,49-72 months,1743.7200000000003,2,0,Medium,Low
CUST01394,Female,29,31,Monthly,2776.02,Bank Transfer,DSL,1,4,189.58,10,20,9,0,68845.3,0,25-48 months,2220.8160000000003,5,4,Low,High
CUST01395,Male,27,10,One Year,3426.97,UPI,DSL,0,2,260.24,29,10,2,1,30842.73,0,0-12 months,3084.2729999999997,2,3,High,Low
CUST01396,Female,61,8,One Year,4803.22,Debit Card,Fiber,1,2,176.21,20,0,7,0,38425.76,0,0-12 months,4803.22,3,2,Medium,Medium
CUST01397,Male,28,21,One Year,3941.77,Debit Card,Unknown,1,2,133.49,1,15,3,2,70360.59,1,13-24 months,3350.5045,3,4,Low,Low
CUST01398,Male,32,59,Monthly,2323.66,Credit Card,DSL,1,1,180.89,12,20,10,1,109676.75,0,49-72 months,1858.9279999999999,2,2,Medium,High
CUST01399,Female,33,50,Monthly,3867.24,Credit Card,DSL,2,2,454.44,3,5,6,1,183693.9,1,49-72 months,3673.8779999999997,4,3,Low,Medium
CUST01400,Male,34,69,One Year,4773.62,Credit Card,DSL,6,1,174.62,20,0,5,2,329379.78,0,49-72 months,4773.62,7,3,Medium,Medium
CUST01401,Male,43,70,Monthly,2747.21,Debit Card,Fiber,2,0,450.22,12,5,6,2,182689.46,0,49-72 months,2609.8495,2,2,Medium,Medium
CUST01402,Male,19,30,Monthly,2347.24,Bank Transfer,Fiber,3,2,106.48,18,0,10,4,70417.2,0,25-48 months,2347.24,5,6,Medium,High
CUST01403,Male,67,17,One Year,851.08,Cash,Unknown,2,0,337.73,12,5,5,2,13744.94,0,13-24 months,808.526,2,2,Medium,Medium
CUST01404,Female,29,20,Monthly,4515.67,Credit Card,Fiber,5,2,373.76,7,5,9,0,85797.73,0,13-24 months,4289.8865,7,2,Low,High
CUST01405,Female,68,48,One Year,1608.95,Cash,Fiber,0,0,60.13,29,15,8,0,65645.16,0,25-48 months,1367.6075,0,0,High,High
CUST01406,Female,43,2,One Year,787.81,Cash,Fiber,1,1,274.27,26,0,1,0,1575.62,0,0-12 months,787.81,2,1,High,Low
CUST01407,Female,40,37,One Year,2917.42,Debit Card,Fiber,3,1,11.48,3,0,9,1,107944.54,0,25-48 months,2917.42,4,2,Low,High
CUST01408,Male,35,1,Monthly,4306.55,Bank Transfer,DSL,3,2,464.47,7,10,2,0,3875.9,1,0-12 months,3875.8950000000004,5,2,Low,Low
CUST01409,Male,49,4,Monthly,2329.86,Debit Card,Unknown,1,1,264.51,23,0,5,1,9319.44,1,0-12 months,2329.86,2,2,High,Medium
CUST01410,Female,66,54,Monthly,4023.8,Credit Card,Fiber,0,0,23.2,13,5,6,0,206420.94,0,49-72 months,3822.61,0,0,Medium,Medium
CUST01411,Female,55,25,Two Year,4263.78,Debit Card,DSL,1,1,343.2,29,0,10,1,106594.5,0,25-48 months,4263.78,2,2,High,High
CUST01412,Female,64,3,Monthly,2544.82,Debit Card,DSL,4,2,443.43,11,10,1,2,6871.01,1,0-12 months,2290.338,6,4,Medium,Low
CUST01413,Male,20,9,Two Year,3159.3,Debit Card,DSL,2,0,370.07,25,0,7,1,28433.7,0,0-12 months,3159.3,2,1,High,Medium
CUST01414,Female,55,34,One Year,2902.61,Credit Card,Fiber,2,0,71.2,20,5,8,0,93754.3,0,25-48 months,2757.4795,2,0,Medium,High
CUST01415,Female,20,43,Two Year,4726.38,Credit Card,DSL,1,1,272.24,20,0,1,2,203234.34,0,25-48 months,4726.38,2,3,Medium,Low
CUST01416,Female,47,22,Monthly,3764.78,Debit Card,Unknown,2,1,367.88,17,0,10,2,82825.16,0,13-24 months,3764.78,3,3,Medium,High
CUST01417,Male,18,70,Monthly,4664.04,Debit Card,Fiber,1,4,401.28,15,10,4,1,293834.52,0,49-72 months,4197.636,5,5,Medium,Medium
CUST01418,Male,47,2,Two Year,1490.04,Cash,DSL,1,0,12.92,30,0,2,0,2980.08,0,0-12 months,1490.04,1,0,High,Low
CUST01419,Male,62,66,Monthly,1896.07,Bank Transfer,Unknown,1,0,145.45,27,15,5,1,106369.53,0,49-72 months,1611.6595,1,1,High,Medium
CUST01420,Male,49,32,Monthly,819.11,Cash,DSL,1,1,442.9,6,10,2,2,23590.37,1,25-48 months,737.1990000000001,2,3,Low,Low
CUST01421,Male,45,16,Monthly,2749.59,Bank Transfer,DSL,1,3,132.92,6,15,9,2,37394.42,0,13-24 months,2337.1515,4,5,Low,High
CUST01422,Male,38,1,Two Year,4432.66,Bank Transfer,Unknown,3,0,238.9,7,0,9,0,4432.66,0,0-12 months,4432.66,3,0,Low,High
CUST01423,Male,63,72,One Year,1970.81,Debit Card,Fiber,2,0,349.85,9,0,10,2,141898.32,0,49-72 months,1970.81,2,2,Low,High
CUST01424,Male,30,48,One Year,1077.27,Cash,DSL,1,1,492.87,26,5,5,3,72487.86,0,25-48 months,1023.4064999999999,2,4,High,Medium
CUST01425,Female,44,50,One Year,808.01,Bank Transfer,Fiber,5,1,215.8,26,10,5,1,36360.45,0,49-72 months,727.2090000000001,6,2,High,Medium
CUST01426,Female,53,13,Monthly,2513.75,Bank Transfer,Fiber,3,2,254.32,26,0,4,1,32678.75,0,13-24 months,2513.75,5,3,High,Medium
CUST01427,Male,24,15,One Year,1238.1,Credit Card,Unknown,2,0,281.52,9,5,1,0,17642.92,0,13-24 months,1176.195,2,0,Low,Low
CUST01428,Male,39,53,Monthly,2057.47,Bank Transfer,Fiber,1,0,120.91,21,10,10,0,98141.32,0,49-72 months,1851.723,1,0,High,High
CUST01429,Female,27,44,Two Year,4189.91,Debit Card,Fiber,0,0,187.5,18,0,3,3,184356.04,1,25-48 months,4189.91,0,3,Medium,Low
CUST01430,Male,56,8,Monthly,2228.21,UPI,Fiber,2,1,220.06,1,10,4,1,16043.11,1,0-12 months,2005.3890000000001,3,2,Low,Medium
CUST01431,Male,70,46,Monthly,3244.42,Credit Card,Fiber,0,1,14.57,18,15,7,2,126856.82,0,25-48 months,2757.757,1,3,Medium,Medium
CUST01432,Male,32,69,Monthly,2759.72,UPI,Fiber,1,1,8.77,18,10,7,0,171378.61,0,49-72 months,2483.748,2,1,Medium,Medium
CUST01433,Female,32,19,Monthly,3733.4,Debit Card,DSL,3,0,116.03,12,15,7,1,72487.86,1,13-24 months,3173.39,3,1,Medium,Medium
CUST01434,Female,21,38,One Year,1202.74,UPI,Fiber,3,2,258.55,1,0,7,0,45704.12,0,25-48 months,1202.74,5,2,Low,Medium
CUST01435,Female,49,11,Monthly,4641.98,Bank Transfer,DSL,0,2,478.07,28,0,4,2,51061.78,1,0-12 months,4641.98,2,4,High,Medium
CUST01436,Female,40,43,Monthly,3396.35,UPI,DSL,1,2,486.44,24,0,9,2,146043.05,0,25-48 months,3396.35,3,4,High,High
CUST01437,Female,23,20,Monthly,1719.29,Cash,Fiber,2,1,325.36,19,10,4,0,30947.22,0,13-24 months,1547.361,3,1,Medium,Medium
CUST01438,Male,41,20,One Year,1054.64,Debit Card,Unknown,4,0,414.37,26,5,6,0,20038.16,0,13-24 months,1001.908,4,0,High,Medium
CUST01439,Female,37,21,Monthly,1173.77,Cash,Unknown,4,2,450.85,14,0,1,2,24649.17,1,13-24 months,1173.77,6,4,Medium,Low
CUST01440,Male,54,57,One Year,4021.98,UPI,Fiber,3,1,420.37,14,5,1,0,217790.22,0,49-72 months,3820.881,4,1,Medium,Low
CUST01441,Male,37,50,Monthly,3146.5,Cash,Unknown,0,1,274.14,26,5,6,0,149458.75,0,49-72 months,2989.1749999999997,1,1,High,Medium
CUST01442,Female,29,26,Monthly,2213.41,Credit Card,DSL,0,2,353.57,16,20,1,1,46038.93,0,25-48 months,1770.728,2,3,Medium,Low
CUST01443,Female,50,30,Monthly,1998.05,UPI,Fiber,1,3,6.8,28,0,1,0,59941.5,1,25-48 months,1998.05,4,3,High,Low
CUST01444,Male,45,31,Two Year,4350.91,Cash,DSL,0,3,325.8,24,0,6,2,134878.21,1,25-48 months,4350.91,3,5,High,Medium
CUST01445,Male,25,42,One Year,4436.43,Bank Transfer,DSL,1,1,215.8,6,5,8,2,177013.56,0,25-48 months,4214.6085,2,3,Low,High
CUST01446,Male,18,68,Monthly,3115.68,UPI,DSL,1,0,324.13,17,0,9,2,211866.24,0,49-72 months,3115.68,1,2,Medium,High
CUST01447,Female,54,61,One Year,2860.45,Credit Card,DSL,3,1,348.73,13,5,6,1,165763.08,0,49-72 months,2717.4275,4,2,Medium,Medium
CUST01448,Female,39,61,Two Year,4174.02,Bank Transfer,Fiber,0,2,53.46,30,10,1,1,229153.7,0,49-72 months,3756.6180000000004,2,3,High,Low
CUST01449,Female,23,70,Monthly,3872.01,UPI,Unknown,2,3,437.9,29,15,7,0,230384.6,0,49-72 months,3291.2085,5,3,High,Medium
CUST01450,Female,38,68,Two Year,2301.46,Bank Transfer,Unknown,2,1,91.99,23,15,2,1,133024.39,0,49-72 months,1956.241,3,2,High,Low
CUST01451,Female,49,17,Monthly,872.32,UPI,DSL,2,1,10.18,19,15,7,1,12605.02,1,13-24 months,741.472,3,2,Medium,Medium
CUST01452,Male,52,19,Two Year,3958.25,UPI,Fiber,1,3,217.71,25,5,10,0,71446.41,0,13-24 months,3760.3374999999996,4,3,High,High
CUST01453,Female,32,51,Monthly,1259.15,Debit Card,DSL,1,2,49.38,25,15,10,1,54584.15,0,49-72 months,1070.2775000000001,3,3,High,High
CUST01454,Male,22,70,Monthly,573.7,Cash,DSL,1,0,478.21,20,10,4,0,36143.1,0,49-72 months,516.33,1,0,Medium,Medium
CUST01455,Male,63,63,Monthly,4294.86,Unknown,Unknown,1,0,145.49,2,5,1,2,257047.37,0,49-72 months,4080.1169999999993,1,2,Low,Low
CUST01456,Male,67,30,Two Year,3102.14,Credit Card,Unknown,2,0,115.68,10,5,9,2,88410.99,0,25-48 months,2947.033,2,2,Low,High
CUST01457,Female,65,25,One Year,4512.5,Cash,Unknown,3,1,134.68,9,5,1,1,107171.88,1,25-48 months,4286.875,4,2,Low,Low
CUST01458,Female,23,71,One Year,2680.65,Debit Card,Fiber,3,3,145.26,21,0,7,0,190326.15,0,49-72 months,2680.65,6,3,High,Medium
CUST01459,Female,42,26,Monthly,4669.16,Cash,Unknown,0,2,35.97,27,5,6,0,115328.25,1,25-48 months,4435.701999999999,2,2,High,Medium
CUST01460,Male,63,56,Monthly,2092.87,Cash,Fiber,3,0,272.3,12,15,7,0,99620.61,0,49-72 months,1778.9395,3,0,Medium,Medium
CUST01461,Male,57,22,Monthly,3760.35,UPI,Fiber,3,2,13.91,8,0,10,3,82727.7,0,13-24 months,3760.35,5,5,Low,High
CUST01462,Male,46,19,Monthly,1854.44,Credit Card,Fiber,8,3,374.65,9,10,1,2,31710.92,1,13-24 months,1668.996,11,5,Low,Low
CUST01463,Male,24,31,Monthly,505.24,UPI,Unknown,2,2,385.03,11,5,1,1,14879.32,0,25-48 months,479.978,4,3,Medium,Low
CUST01464,Male,57,26,Two Year,2208.85,Credit Card,Unknown,2,1,202.85,1,15,6,2,48815.58,0,25-48 months,1877.5224999999998,3,3,Low,Medium
CUST01465,Male,30,42,One Year,3819.94,Credit Card,Fiber,0,1,485.56,11,10,8,1,144393.73,0,25-48 months,3437.946,1,2,Medium,High
CUST01466,Female,55,41,Monthly,1175.11,Bank Transfer,Fiber,3,1,391.99,19,5,3,2,45770.53,1,25-48 months,1116.3545,4,3,Medium,Low
CUST01467,Female,35,23,One Year,2771.61,UPI,Unknown,0,1,65.92,23,5,10,1,60559.68,0,13-24 months,2633.0295,1,2,High,High
CUST01468,Female,19,47,Two Year,1455.45,Debit Card,DSL,3,1,490.02,30,15,2,0,58145.23,1,25-48 months,1237.1325,4,1,High,Low
CUST01469,Female,25,13,One Year,835.81,Cash,Fiber,2,2,423.34,2,0,4,0,10865.53,0,13-24 months,835.81,4,2,Low,Medium
CUST01470,Male,28,66,One Year,3278.53,Bank Transfer,DSL,4,1,353.48,14,5,8,1,205563.83,0,49-72 months,3114.6035,5,2,Medium,High
CUST01471,Male,50,66,Two Year,4783.85,Debit Card,DSL,2,0,328.46,4,0,9,0,315734.1,0,49-72 months,4783.85,2,0,Low,High
CUST01472,Female,55,16,One Year,1898.17,UPI,Unknown,1,2,304.35,20,5,6,1,28852.18,0,13-24 months,1803.2615,3,3,Medium,Medium
CUST01473,Male,65,28,Monthly,3112.91,Credit Card,Fiber,4,0,495.16,23,0,7,2,87161.48,0,25-48 months,3112.91,4,2,High,Medium
CUST01474,Female,44,35,Monthly,4791.22,UPI,Fiber,3,3,241.85,30,15,1,2,142538.8,1,25-48 months,4072.5370000000003,6,5,High,Low
CUST01475,Female,37,41,Two Year,3427.18,UPI,Fiber,1,1,87.08,15,20,5,1,112411.5,0,25-48 months,2741.744,2,2,Medium,Medium
CUST01476,Female,29,31,Monthly,3529.01,Bank Transfer,Fiber,0,1,150.76,2,5,6,2,103929.34,0,25-48 months,3352.5595,1,3,Low,Medium
CUST01477,Male,60,32,Monthly,1305.18,Debit Card,DSL,2,1,190.73,24,5,10,0,39677.47,0,25-48 months,1239.921,3,1,High,High
CUST01478,Female,48,54,Monthly,2716.74,Bank Transfer,Unknown,3,0,161.63,24,20,6,1,117363.17,0,49-72 months,2173.392,3,1,High,Medium
CUST01479,Female,44,72,One Year,2151.87,Debit Card,Unknown,1,1,20.02,29,5,6,1,147187.91,0,49-72 months,2044.2764999999997,2,2,High,Medium
CUST01480,Female,49,59,Two Year,2619.31,Bank Transfer,Unknown,3,1,41.49,16,10,7,2,139085.36,1,49-72 months,2357.379,4,3,Medium,Medium
CUST01481,Male,27,41,Monthly,2706.835,Cash,Unknown,3,0,7.44,22,15,4,0,143014.64,0,25-48 months,2300.80975,3,0,High,Medium
CUST01482,Male,20,66,Monthly,2573.15,Credit Card,Unknown,3,1,341.16,4,5,5,2,161336.5,0,49-72 months,2444.4925,4,3,Low,Medium
CUST01483,Female,62,54,Two Year,782.83,Credit Card,Fiber,0,1,333.93,2,0,6,0,42272.82,0,49-72 months,782.83,1,1,Low,Medium
CUST01484,Male,44,40,Monthly,4574.94,Credit Card,DSL,2,1,38.72,15,15,9,0,155547.96,0,25-48 months,3888.6989999999996,3,1,Medium,High
CUST01485,Male,52,28,Monthly,2951.67,Cash,Fiber,3,0,161.02,19,0,4,2,82646.76,0,25-48 months,2951.67,3,2,Medium,Medium
CUST01486,Male,48,37,Two Year,4660.22,Cash,DSL,1,1,145.09,19,15,4,1,146563.92,0,25-48 months,3961.187,2,2,Medium,Medium
CUST01487,Male,32,65,Monthly,3075.6,Credit Card,Fiber,0,0,229.53,16,15,7,1,169926.9,0,49-72 months,2614.2599999999998,0,1,Medium,Medium
CUST01488,Male,33,55,Monthly,813.36,Credit Card,DSL,0,1,182.55,12,5,1,0,42498.06,0,49-72 months,772.692,1,1,Medium,Low
CUST01489,Male,30,4,One Year,2987.91,Debit Card,DSL,3,2,411.15,3,0,7,0,11951.64,1,0-12 months,2987.91,5,2,Low,Medium
CUST01490,Male,66,10,Monthly,3090.83,Debit Card,Fiber,1,2,441.93,20,20,8,0,24726.64,0,0-12 months,2472.664,3,2,Medium,High
CUST01491,Male,52,47,Two Year,1464.53,UPI,DSL,1,0,106.99,15,15,2,2,58507.97,0,25-48 months,1244.8505,1,2,Medium,Low
CUST01492,Male,69,14,Monthly,2619.63,Bank Transfer,Fiber,2,0,64.89,7,0,4,2,36674.82,1,13-24 months,2619.63,2,2,Low,Medium
CUST01493,Male,28,38,Monthly,2567.49,Debit Card,Fiber,2,2,420.46,9,10,4,0,87808.16,0,25-48 months,2310.741,4,2,Low,Medium
CUST01494,Female,38,12,Monthly,3302.94,Debit Card,DSL,0,3,253.24,26,0,10,2,39635.28,0,0-12 months,3302.94,3,5,High,High
CUST01495,Female,68,45,Monthly,1668.26,Debit Card,Fiber,6,1,165.56,29,0,10,1,75071.7,1,25-48 months,1668.26,7,2,High,High
CUST01496,Male,28,17,Two Year,3117.87,Debit Card,Unknown,1,2,30.44,15,5,6,2,50353.6,0,13-24 months,2961.9764999999998,3,4,Medium,Medium
CUST01497,Female,47,35,One Year,1584.28,Cash,Fiber,1,0,305.03,20,10,7,0,49904.82,0,25-48 months,1425.852,1,0,Medium,Medium
CUST01498,Female,65,66,Two Year,2509.0,UPI,DSL,1,1,107.82,13,0,7,0,165594.0,0,49-72 months,2509.0,2,1,Medium,Medium
CUST01499,Male,70,41,Monthly,1052.18,Debit Card,DSL,1,3,23.65,7,0,4,1,43139.38,1,25-48 months,1052.18,4,4,Low,Medium
CUST01500,Male,52,67,One Year,667.85,Bank Transfer,Fiber,1,1,225.18,26,15,3,0,38034.06,0,49-72 months,567.6725,2,1,High,Low
CUST01501,Male,39,29,Monthly,1942.64,Debit Card,Fiber,1,2,300.58,22,5,4,2,53519.73,1,25-48 months,1845.508,3,4,High,Medium
CUST01502,Female,55,18,Two Year,1735.57,Cash,DSL,2,1,89.83,16,5,9,0,29678.25,1,13-24 months,1648.7914999999998,3,1,Medium,High
CUST01503,Female,48,20,One Year,2331.21,Credit Card,Fiber,2,1,327.47,10,15,10,1,39630.57,0,13-24 months,1981.5285,3,2,Low,High
CUST01504,Male,31,14,Monthly,4828.92,Credit Card,Fiber,1,1,98.5,25,0,7,1,67604.88,0,13-24 months,4828.92,2,2,High,Medium
CUST01505,Male,41,34,Monthly,2850.03,UPI,DSL,1,0,15.27,24,10,3,1,87210.92,0,25-48 months,2565.027,1,1,High,Low
CUST01506,Male,67,49,Monthly,2989.3,Credit Card,Fiber,1,0,78.72,2,5,3,0,139151.92,0,49-72 months,2839.835,1,0,Low,Low
CUST01507,Female,66,54,One Year,4737.2,Debit Card,DSL,2,4,295.56,19,10,5,0,230227.92,0,49-72 months,4263.48,6,4,Medium,Medium
CUST01508,Female,49,31,Two Year,4645.16,Cash,DSL,2,2,319.48,6,10,8,0,129599.96,0,25-48 months,4180.644,4,2,Low,High
CUST01509,Female,53,58,Monthly,4478.5,UPI,Fiber,4,1,433.07,21,10,5,1,233777.7,1,49-72 months,4030.65,5,2,High,Medium
CUST01510,Female,49,42,Monthly,940.98,Debit Card,Fiber,2,0,35.88,18,15,6,3,33592.99,0,25-48 months,799.833,2,3,Medium,Medium
CUST01511,Male,32,58,Monthly,3354.34,Credit Card,Fiber,4,1,476.71,2,5,9,0,184824.13,0,49-72 months,3186.623,5,1,Low,High
CUST01512,Male,60,30,One Year,4136.45,Bank Transfer,DSL,3,4,263.35,21,5,9,1,117888.82,0,25-48 months,3929.6274999999996,7,5,High,High
CUST01513,Male,52,25,Monthly,2706.835,Debit Card,Fiber,3,1,126.57,21,0,6,1,106502.25,0,25-48 months,2706.835,4,2,High,Medium
CUST01514,Male,20,63,Monthly,3100.58,Bank Transfer,Fiber,5,2,185.88,1,0,5,0,195336.54,0,49-72 months,3100.58,7,2,Low,Medium
CUST01515,Female,33,19,Monthly,578.73,Bank Transfer,Fiber,1,1,32.56,15,15,8,0,9346.49,0,13-24 months,491.9205,2,1,Medium,High
CUST01516,Female,22,72,One Year,4881.71,UPI,Fiber,1,1,59.5,10,0,1,1,351483.12,1,49-72 months,4881.71,2,2,Low,Low
CUST01517,Male,38,8,Monthly,2624.89,Cash,DSL,0,1,441.79,27,20,3,0,16799.3,1,0-12 months,2099.912,1,1,High,Low
CUST01518,Male,27,3,One Year,2271.18,Credit Card,Fiber,1,2,57.42,3,10,6,3,6132.19,0,0-12 months,2044.062,3,5,Low,Medium
CUST01519,Female,36,67,Monthly,2277.27,Credit Card,Fiber,3,2,32.64,25,15,8,1,129690.53,0,49-72 months,1935.6795,5,3,High,High
CUST01520,Male,42,17,Monthly,2408.68,Debit Card,Fiber,1,2,301.14,10,5,6,0,38900.18,0,13-24 months,2288.2459999999996,3,2,Low,Medium
CUST01521,Female,21,14,Monthly,1589.81,Credit Card,Fiber,3,3,194.45,29,10,10,0,20031.61,0,13-24 months,1430.829,6,3,High,High
CUST01522,Male,46,9,Monthly,1973.0,UPI,Fiber,3,2,205.94,3,20,6,1,14205.6,0,0-12 months,1578.4,5,3,Low,Medium
CUST01523,Male,36,62,Monthly,4934.11,Unknown,Fiber,1,2,64.54,22,5,4,2,290619.08,0,49-72 months,4687.4045,3,4,High,Medium
CUST01524,Male,60,21,Monthly,2156.76,Debit Card,Fiber,1,0,26.86,6,0,7,3,45291.96,0,13-24 months,2156.76,1,3,Low,Medium
CUST01525,Male,19,37,One Year,2870.26,Credit Card,DSL,2,0,433.54,2,10,7,2,95579.66,0,25-48 months,2583.2340000000004,2,2,Low,Medium
CUST01526,Male,27,11,Monthly,4317.32,Cash,Fiber,1,1,197.82,23,15,1,0,40366.94,1,0-12 months,3669.7219999999998,2,1,High,Low
CUST01527,Male,60,20,Monthly,2873.43,Bank Transfer,DSL,1,0,59.5,25,0,3,0,57468.6,1,13-24 months,2873.43,1,0,High,Low
CUST01528,Male,42,35,Two Year,1960.04,Bank Transfer,Fiber,4,1,104.13,9,20,9,1,54881.12,0,25-48 months,1568.0320000000002,5,2,Low,High
CUST01529,Female,37,53,One Year,2856.88,Bank Transfer,DSL,2,4,55.94,8,5,6,0,143843.91,0,49-72 months,2714.036,6,4,Low,Medium
CUST01530,Female,65,47,One Year,1013.39,Cash,Fiber,0,1,241.66,30,10,4,1,42866.4,0,25-48 months,912.051,1,2,High,Medium
CUST01531,Female,36,52,Two Year,1085.03,UPI,Unknown,2,0,402.73,21,0,8,0,56421.56,0,49-72 months,1085.03,2,0,High,High
CUST01532,Female,40,8,Monthly,3623.48,Debit Card,DSL,2,1,199.78,24,0,7,0,28987.84,1,0-12 months,3623.48,3,1,High,Medium
CUST01533,Female,41,4,One Year,4628.57,Cash,Fiber,4,0,311.85,25,20,10,0,14811.42,1,0-12 months,3702.8559999999998,4,0,High,High
CUST01534,Male,28,27,Monthly,3765.55,Debit Card,Fiber,2,0,339.35,1,0,6,0,101669.85,0,25-48 months,3765.55,2,0,Low,Medium
CUST01535,Male,63,44,Monthly,835.76,UPI,DSL,1,1,357.48,17,5,4,1,34934.77,0,25-48 months,793.972,2,2,Medium,Medium
CUST01536,Female,51,40,Monthly,2313.03,Cash,Unknown,4,1,304.74,27,0,4,1,72487.86,1,25-48 months,2313.03,5,2,High,Medium
CUST01537,Male,45,47,Monthly,511.49,Credit Card,Fiber,1,0,279.27,13,5,8,0,22838.03,0,25-48 months,485.9155,1,0,Medium,High
CUST01538,Female,22,44,Monthly,2800.43,UPI,Fiber,0,0,241.8,5,0,3,2,123218.92,0,25-48 months,2800.43,0,2,Low,Low
CUST01539,Female,22,48,Monthly,1369.42,Bank Transfer,Fiber,0,1,239.43,7,5,9,0,62445.55,0,25-48 months,1300.949,1,1,Low,High
CUST01540,Male,68,52,Monthly,4406.66,Cash,Fiber,1,0,169.8,29,0,8,1,229146.32,0,49-72 months,4406.66,1,1,High,High
CUST01541,Male,38,68,Monthly,969.51,UPI,Fiber,3,0,254.75,9,15,4,0,56037.68,1,49-72 months,824.0835,3,0,Low,Medium
CUST01542,Male,29,11,Monthly,506.45,UPI,Fiber,4,2,242.13,25,5,3,0,5292.4,0,0-12 months,481.12749999999994,6,2,High,Low
CUST01543,Female,67,4,Monthly,2706.835,Cash,Fiber,1,1,163.12,14,10,4,2,9108.58,1,0-12 months,2436.1515,2,3,Medium,Medium
CUST01544,Male,21,48,Monthly,1199.45,Bank Transfer,Fiber,2,0,154.07,19,10,2,1,51816.24,0,25-48 months,1079.505,2,1,Medium,Low
CUST01545,Female,66,26,Monthly,3820.94,Bank Transfer,DSL,2,1,225.8,1,15,6,2,84442.77,0,25-48 months,3247.799,3,3,Low,Medium
CUST01546,Female,59,39,One Year,4639.71,UPI,DSL,1,0,402.51,3,15,3,2,153806.39,0,25-48 months,3943.7535,1,2,Low,Low
CUST01547,Female,37,58,Monthly,688.72,Debit Card,Fiber,5,0,127.61,16,15,3,0,33953.9,0,49-72 months,585.412,5,0,Medium,Low
CUST01548,Male,55,19,Two Year,2280.12,UPI,Unknown,1,3,423.47,8,5,1,0,41156.17,1,13-24 months,2166.1139999999996,4,3,Low,Low
CUST01549,Male,42,58,Two Year,4985.67,Cash,Fiber,2,0,363.36,7,15,8,1,245793.53,0,49-72 months,4237.8195,2,1,Low,High
CUST01550,Female,31,28,Monthly,3797.02,Cash,Fiber,4,1,134.64,21,0,8,0,106316.56,0,25-48 months,3797.02,5,1,High,High
CUST01551,Male,28,66,One Year,4789.34,Cash,DSL,2,0,11.84,11,0,9,5,316096.44,0,49-72 months,4789.34,2,5,Medium,High
CUST01552,Male,49,10,Monthly,1238.37,Bank Transfer,DSL,1,3,43.03,26,5,5,2,11764.51,0,0-12 months,1176.4515,4,5,High,Medium
CUST01553,Male,28,58,Monthly,1496.16,Credit Card,Unknown,2,3,442.02,28,15,4,2,73760.69,0,49-72 months,1271.736,5,5,High,Medium
CUST01554,Female,35,14,Two Year,1196.65,Cash,Fiber,3,1,404.43,15,0,9,1,16753.1,1,13-24 months,1196.65,4,2,Medium,High
CUST01555,Female,44,15,Monthly,1860.66,Cash,Fiber,0,1,192.89,25,20,3,1,22327.92,0,13-24 months,1488.5280000000002,1,2,High,Low
CUST01556,Male,35,33,Two Year,3759.73,Debit Card,DSL,1,0,35.54,13,0,4,0,124071.09,0,25-48 months,3759.73,1,0,Medium,Medium
CUST01557,Female,40,17,One Year,1242.26,Debit Card,Fiber,3,1,406.51,20,10,8,2,19006.58,0,13-24 months,1118.034,4,3,Medium,High
CUST01558,Male,28,24,Monthly,2859.05,UPI,Fiber,5,0,131.34,6,15,2,1,58324.62,1,13-24 months,2430.1925,5,1,Low,Low
CUST01559,Male,38,30,Monthly,1711.44,UPI,DSL,1,0,476.79,28,20,3,0,41074.56,1,25-48 months,1369.152,1,0,High,Low
CUST01560,Male,61,62,Monthly,4231.38,UPI,Fiber,1,1,263.83,5,10,3,3,236111.0,1,49-72 months,3808.242,2,4,Low,Low
CUST01561,Male,22,13,Monthly,529.67,Cash,Fiber,1,0,359.01,22,5,8,1,6541.42,0,13-24 months,503.1864999999999,1,1,High,High
CUST01562,Female,40,62,Monthly,1504.02,Debit Card,Fiber,3,2,233.6,4,0,2,2,93249.24,0,49-72 months,1504.02,5,4,Low,Low
CUST01563,Female,58,47,One Year,3223.58,UPI,Fiber,2,1,18.7,19,0,8,2,151508.26,0,25-48 months,3223.58,3,3,Medium,High
CUST01564,Female,42,16,Monthly,935.2,Debit Card,Fiber,1,2,36.27,15,20,7,0,11970.56,0,13-24 months,748.1600000000001,3,2,Medium,Medium
CUST01565,Male,58,66,Monthly,2598.4,Cash,Fiber,3,0,488.11,21,0,1,1,171494.4,0,49-72 months,2598.4,3,1,High,Low
CUST01566,Male,27,43,Monthly,2462.93,Cash,Fiber,0,3,209.06,5,0,8,0,105905.99,0,25-48 months,2462.93,3,3,Low,High
CUST01567,Male,39,8,Two Year,4336.35,UPI,Unknown,2,0,95.67,30,5,1,1,32956.26,0,0-12 months,4119.5325,2,1,High,Low
CUST01568,Female,36,3,Monthly,3314.29,Cash,Fiber,1,1,361.55,11,0,9,1,9942.87,0,0-12 months,3314.29,2,2,Medium,High
CUST01569,Male,18,12,Monthly,3378.66,Cash,Unknown,1,1,441.69,18,5,1,0,38516.72,1,0-12 months,3209.727,2,1,Medium,Low
CUST01570,Female,24,16,Two Year,4783.13,Debit Card,Fiber,3,0,137.16,10,5,5,1,72703.58,0,13-24 months,4543.9735,3,1,Low,Medium
CUST01571,Female,21,59,Monthly,4920.62,Unknown,Fiber,5,2,287.71,16,0,8,2,290316.58,0,49-72 months,4920.62,7,4,Medium,High
CUST01572,Female,18,49,Monthly,2706.835,Bank Transfer,Fiber,3,0,126.47,4,20,4,2,134858.98,0,49-72 months,2165.4680000000003,3,2,Low,Medium
CUST01573,Female,32,63,Two Year,2849.01,UPI,Fiber,0,1,412.16,29,0,6,1,179487.63,0,49-72 months,2849.01,1,2,High,Medium
CUST01574,Female,57,62,One Year,3235.64,Credit Card,DSL,1,1,47.97,19,5,1,1,190579.2,0,49-72 months,3073.8579999999997,2,2,Medium,Low
CUST01575,Female,29,49,Monthly,2221.0,UPI,Fiber,3,1,189.4,30,0,3,1,108829.0,0,49-72 months,2221.0,4,2,High,Low
CUST01576,Male,39,51,Monthly,4943.55,Credit Card,Unknown,2,2,193.05,23,10,5,1,226908.94,0,49-72 months,4449.195000000001,4,3,High,Medium
CUST01577,Male,39,33,One Year,3672.6,Cash,Fiber,2,0,320.28,5,0,2,0,121195.8,1,25-48 months,3672.6,2,0,Low,Low
CUST01578,Female,67,30,Monthly,1809.53,UPI,DSL,6,0,93.21,15,10,1,0,48857.31,0,25-48 months,1628.577,6,0,Medium,Low
CUST01579,Female,64,59,Two Year,759.95,Credit Card,DSL,2,0,240.13,6,15,9,1,38111.49,0,49-72 months,645.9575,2,1,Low,High
CUST01580,Male,34,15,Monthly,701.25,Bank Transfer,Fiber,1,1,278.26,30,0,8,0,10518.75,1,13-24 months,701.25,2,1,High,High
CUST01581,Female,46,23,Monthly,1422.11,Unknown,DSL,2,0,445.99,27,15,3,0,27802.25,1,13-24 months,1208.7935,2,0,High,Low
CUST01582,Female,63,45,Monthly,1548.11,UPI,DSL,1,1,265.69,23,0,6,0,69664.95,0,25-48 months,1548.11,2,1,High,Medium
CUST01583,Male,31,62,One Year,2367.7,UPI,Unknown,3,2,70.3,2,0,8,0,146797.4,1,49-72 months,2367.7,5,2,Low,High
CUST01584,Female,67,71,Two Year,1466.81,Credit Card,Fiber,3,1,55.16,10,5,6,1,98936.33,1,49-72 months,1393.4695,4,2,Low,Medium
CUST01585,Female,37,15,One Year,3339.1,UPI,DSL,1,2,462.45,20,5,8,0,47582.18,0,13-24 months,3172.145,3,2,Medium,High
CUST01586,Female,67,46,Two Year,2706.835,Cash,Unknown,1,0,489.94,30,5,3,1,63393.41,0,25-48 months,2571.49325,1,1,High,Low
CUST01587,Male,65,64,Monthly,1345.44,Debit Card,DSL,3,1,87.68,6,0,4,0,86108.16,0,49-72 months,1345.44,4,1,Low,Medium
CUST01588,Male,50,46,Monthly,2620.57,Credit Card,DSL,3,0,376.92,19,0,8,0,120546.22,0,25-48 months,2620.57,3,0,Medium,High
CUST01589,Male,60,56,Two Year,4499.01,Bank Transfer,Unknown,1,3,129.1,6,0,10,0,251944.56,0,49-72 months,4499.01,4,3,Low,High
CUST01590,Female,32,44,Two Year,2607.37,UPI,Unknown,5,0,417.29,26,20,10,1,91779.42,0,25-48 months,2085.896,5,1,High,High
CUST01591,Female,29,29,Two Year,2362.32,Cash,DSL,2,3,52.82,15,0,8,1,68507.28,0,25-48 months,2362.32,5,4,Medium,High
CUST01592,Male,57,62,One Year,3101.43,UPI,Fiber,2,1,221.37,1,10,6,3,173059.79,0,49-72 months,2791.287,3,4,Low,Medium
CUST01593,Female,37,52,Monthly,1657.46,Bank Transfer,DSL,2,0,300.05,8,10,10,0,77569.13,0,49-72 months,1491.7140000000002,2,0,Low,High
CUST01594,Female,47,54,Monthly,2090.46,Cash,Fiber,3,2,426.99,26,10,6,3,101596.36,0,49-72 months,1881.414,5,5,High,Medium
CUST01595,Female,55,57,Two Year,1462.26,Bank Transfer,Fiber,2,0,429.08,21,15,9,0,70846.5,0,49-72 months,1242.921,2,0,High,High
CUST01596,Female,20,66,Monthly,3073.14,Cash,Unknown,3,2,96.23,30,0,8,1,202827.24,0,49-72 months,3073.14,5,3,High,High
CUST01597,Female,45,22,Monthly,3638.24,Debit Card,DSL,0,1,483.72,30,5,3,1,76039.22,1,13-24 months,3456.3279999999995,1,2,High,Low
CUST01598,Male,43,20,One Year,3531.64,Cash,Unknown,0,1,321.08,30,0,7,1,70632.8,1,13-24 months,3531.64,1,2,High,Medium
CUST01599,Female,47,33,Monthly,1646.68,Bank Transfer,DSL,3,2,331.09,11,0,9,2,54340.44,1,25-48 months,1646.68,5,4,Medium,High
CUST01600,Male,30,72,Two Year,4008.42,Credit Card,Fiber,4,0,445.05,14,0,10,1,288606.24,0,49-72 months,4008.42,4,1,Medium,High
CUST01601,Female,30,25,Monthly,1651.79,Debit Card,Unknown,3,0,163.55,1,10,3,0,37165.28,0,25-48 months,1486.611,3,0,Low,Low
CUST01602,Male,19,46,One Year,1176.4,UPI,Fiber,4,2,210.53,14,0,9,0,54114.4,0,25-48 months,1176.4,6,2,Medium,High
CUST01603,Female,54,57,One Year,2074.14,Debit Card,DSL,0,0,492.57,26,0,5,2,118225.98,0,49-72 months,2074.14,0,2,High,Medium
CUST01604,Male,66,5,One Year,3189.85,Debit Card,DSL,2,0,13.19,10,5,10,0,15151.79,0,0-12 months,3030.3574999999996,2,0,Low,High
CUST01605,Female,55,55,Monthly,1139.01,UPI,Fiber,2,1,434.24,27,0,9,1,62645.55,0,49-72 months,1139.01,3,2,High,High
CUST01606,Male,19,61,Monthly,3416.39,Cash,Fiber,2,0,422.04,17,0,1,1,208399.79,1,49-72 months,3416.39,2,1,Medium,Low
CUST01607,Female,53,8,Monthly,4383.81,Debit Card,Fiber,2,2,134.89,11,0,4,0,35070.48,1,0-12 months,4383.81,4,2,Medium,Medium
CUST01608,Male,43,16,Monthly,1819.13,Debit Card,DSL,3,1,411.74,10,15,9,1,24740.17,0,13-24 months,1546.2605,4,2,Low,High
CUST01609,Female,28,48,One Year,2525.93,Credit Card,Fiber,2,0,168.47,15,15,9,0,103057.94,0,25-48 months,2147.0404999999996,2,0,Medium,High
CUST01610,Male,25,61,Monthly,1527.4,Credit Card,Fiber,2,1,316.34,12,5,6,2,88512.83,0,49-72 months,1451.03,3,3,Medium,Medium
CUST01611,Male,61,15,Monthly,2125.68,Bank Transfer,DSL,1,1,226.2,3,15,10,2,27102.42,0,13-24 months,1806.8279999999997,2,3,Low,High
CUST01612,Female,57,65,Monthly,598.87,UPI,DSL,3,0,55.16,22,15,6,1,33087.57,0,49-72 months,509.0395,3,1,High,Medium
CUST01613,Female,60,22,One Year,4791.96,Cash,Fiber,0,1,448.2,18,5,3,3,100151.96,0,13-24 months,4552.362,1,4,Medium,Low
CUST01614,Male,39,3,Monthly,2371.51,Cash,DSL,4,1,274.9,24,10,10,2,6403.08,0,0-12 months,2134.3590000000004,5,3,High,High
CUST01615,Female,37,54,Two Year,4049.92,Bank Transfer,Fiber,0,4,243.5,27,15,5,0,185891.33,0,49-72 months,3442.432,4,4,High,Medium
CUST01616,Male,25,14,One Year,1141.9,Unknown,Fiber,2,0,440.35,26,5,8,2,15187.27,1,13-24 months,1084.805,2,2,High,High
CUST01617,Male,46,36,One Year,4155.6,Cash,Fiber,1,0,167.37,7,5,2,0,142121.52,0,25-48 months,3947.82,1,0,Low,Low
CUST01618,Male,57,67,Two Year,4370.66,Credit Card,DSL,2,0,287.32,11,0,2,2,292834.22,0,49-72 months,4370.66,2,2,Medium,Low
CUST01619,Female,43,10,Monthly,3719.65,Cash,Fiber,5,2,441.73,18,5,4,1,35336.67,1,0-12 months,3533.6675,7,3,Medium,Medium
CUST01620,Male,47,49,Two Year,4564.44,Cash,Fiber,2,1,174.73,17,15,9,0,190108.93,0,49-72 months,3879.7739999999994,3,1,Medium,High
CUST01621,Male,34,65,Monthly,1252.39,Bank Transfer,Fiber,1,0,397.8,23,10,5,2,73264.82,0,49-72 months,1127.151,1,2,High,Medium
CUST01622,Female,37,57,Two Year,2644.17,Bank Transfer,Unknown,0,0,259.61,16,10,3,3,135645.92,0,49-72 months,2379.753,0,3,Medium,Low
CUST01623,Female,69,27,Two Year,3290.49,Debit Card,Unknown,3,1,83.09,29,0,8,1,88843.23,0,25-48 months,3290.49,4,2,High,High
CUST01624,Female,33,5,Monthly,3182.87,Cash,Fiber,1,1,25.09,29,15,7,3,13527.2,0,0-12 months,2705.4395,2,4,High,Medium
CUST01625,Female,63,71,Monthly,4374.68,Cash,Fiber,0,2,364.73,23,5,9,1,295072.17,0,49-72 months,4155.946,2,3,High,High
CUST01626,Male,60,57,Monthly,1470.61,Cash,Unknown,2,0,134.63,3,5,10,0,79633.53,0,49-72 months,1397.0794999999998,2,0,Low,High
CUST01627,Male,24,15,One Year,1290.4,Credit Card,Fiber,1,1,408.79,30,5,6,2,18388.2,0,13-24 months,1225.88,2,3,High,Medium
CUST01628,Male,33,30,Monthly,1640.2,Cash,Fiber,0,2,98.52,26,0,2,2,49206.0,0,25-48 months,1640.2,2,4,High,Low
CUST01629,Male,62,20,Monthly,4511.98,Credit Card,Fiber,1,2,286.09,13,5,1,0,72487.86,0,13-24 months,4286.380999999999,3,2,Medium,Low
CUST01630,Female,64,37,Monthly,4734.62,Debit Card,Unknown,0,1,51.27,8,5,5,1,166421.89,0,25-48 months,4497.889,1,2,Low,Medium
CUST01631,Male,65,3,Monthly,3063.34,UPI,DSL,3,1,369.21,24,5,7,3,8730.52,0,0-12 months,2910.1730000000002,4,4,High,Medium
CUST01632,Male,44,41,Two Year,2756.17,Cash,Fiber,3,2,384.02,5,15,7,0,96052.52,0,25-48 months,2342.7445,5,2,Low,Medium
CUST01633,Female,70,39,One Year,3224.24,Bank Transfer,Fiber,1,0,458.69,7,0,2,2,125745.36,0,25-48 months,3224.24,1,2,Low,Low
CUST01634,Male,40,26,Monthly,3273.38,Bank Transfer,Unknown,1,1,282.87,19,0,6,1,85107.88,0,25-48 months,3273.38,2,2,Medium,Medium
CUST01635,Male,41,2,Monthly,1266.37,Cash,Unknown,5,2,57.69,22,0,1,2,2532.74,1,0-12 months,1266.37,7,4,High,Low
CUST01636,Male,26,23,Monthly,3588.85,Credit Card,DSL,4,0,414.74,19,5,1,0,78416.37,1,13-24 months,3409.4075,4,0,Medium,Low
CUST01637,Male,52,23,Monthly,2535.58,Bank Transfer,Fiber,2,1,160.38,27,5,2,0,55402.42,1,13-24 months,2408.801,3,1,High,Low
CUST01638,Male,68,16,Two Year,2828.22,Bank Transfer,DSL,1,1,450.3,12,5,5,4,42988.94,0,13-24 months,2686.8089999999997,2,5,Medium,Medium
CUST01639,Male,37,9,Monthly,636.42,Debit Card,Fiber,2,2,489.03,9,5,10,0,5441.39,1,0-12 months,604.5989999999999,4,2,Low,High
CUST01640,Female,54,13,Monthly,3940.5,Debit Card,DSL,2,0,70.58,23,0,10,0,51226.5,0,13-24 months,3940.5,2,0,High,High
CUST01641,Female,59,28,Two Year,4259.43,Debit Card,Fiber,4,0,46.07,17,0,2,1,119264.04,0,25-48 months,4259.43,4,1,Medium,Low
CUST01642,Male,34,27,Two Year,3287.4,Bank Transfer,Fiber,3,2,449.31,24,0,10,2,88759.8,0,25-48 months,3287.4,5,4,High,High
CUST01643,Male,64,51,Monthly,3869.26,Bank Transfer,Fiber,1,1,449.94,25,20,3,0,157865.81,1,49-72 months,3095.4080000000004,2,1,High,Low
CUST01644,Female,48,64,Monthly,2852.18,Cash,DSL,2,1,294.67,10,20,9,0,146031.62,0,49-72 months,2281.744,3,1,Low,High
CUST01645,Male,25,52,Monthly,3282.59,Cash,Fiber,2,1,444.62,18,20,5,0,136555.74,0,49-72 months,2626.072,3,1,Medium,Medium
CUST01646,Male,32,38,One Year,2275.57,Credit Card,Fiber,0,2,465.61,1,0,3,2,86471.66,1,25-48 months,2275.57,2,4,Low,Low
CUST01647,Male,48,65,Two Year,4063.43,Bank Transfer,DSL,4,1,279.92,15,0,5,1,264122.95,0,49-72 months,4063.43,5,2,Medium,Medium
CUST01648,Female,70,18,Monthly,2607.22,Cash,DSL,3,1,344.83,11,0,3,0,46929.96,0,13-24 months,2607.22,4,1,Medium,Low
CUST01649,Male,47,63,Monthly,3560.96,Cash,DSL,3,2,308.72,4,15,5,0,190689.41,1,49-72 months,3026.816,5,2,Low,Medium
CUST01650,Female,63,51,Two Year,3296.43,Debit Card,Fiber,5,0,91.43,25,20,10,3,134494.34,0,49-72 months,2637.1440000000002,5,3,High,High
CUST01651,Male,37,9,One Year,3660.42,Debit Card,Fiber,1,1,220.94,6,5,6,0,31296.59,0,0-12 months,3477.399,2,1,Low,Medium
CUST01652,Female,56,13,Two Year,4033.47,Debit Card,DSL,2,2,342.29,27,10,9,1,47191.6,1,13-24 months,3630.123,4,3,High,High
CUST01653,Female,70,40,Monthly,2807.21,UPI,Fiber,2,2,307.08,13,5,2,0,106673.98,0,25-48 months,2666.8495,4,2,Medium,Low
CUST01654,Male,29,55,Monthly,4158.8,Cash,Unknown,2,1,111.47,28,10,3,1,205860.6,1,49-72 months,3742.92,3,2,High,Low
CUST01655,Female,66,43,Monthly,2737.66,Debit Card,DSL,2,0,455.33,26,10,6,3,105947.44,0,25-48 months,2463.894,2,3,High,Medium
CUST01656,Male,34,44,Monthly,4804.85,Debit Card,Fiber,2,0,393.11,8,15,2,0,179701.39,0,25-48 months,4084.1225000000004,2,0,Low,Low
CUST01657,Female,59,68,One Year,3887.02,Bank Transfer,Fiber,2,0,38.89,7,5,8,1,72487.86,0,49-72 months,3692.669,2,1,Low,High
CUST01658,Male,47,33,Monthly,1270.14,Debit Card,Fiber,0,2,175.32,5,0,10,0,41914.62,0,25-48 months,1270.14,2,2,Low,High
CUST01659,Male,46,24,Monthly,4233.13,Bank Transfer,DSL,1,0,497.79,5,5,7,0,96515.36,1,13-24 months,4021.4735,1,0,Low,Medium
CUST01660,Female,36,36,Two Year,2982.14,Credit Card,Fiber,1,1,197.96,16,0,1,0,107357.04,1,25-48 months,2982.14,2,1,Medium,Low
CUST01661,Male,63,10,Monthly,4930.07,Debit Card,Unknown,2,0,333.4,30,10,5,0,44370.63,0,0-12 months,4437.063,2,0,High,Medium
CUST01662,Male,28,20,One Year,3734.69,Bank Transfer,Fiber,0,3,54.84,6,0,5,0,74693.8,0,13-24 months,3734.69,3,3,Low,Medium
CUST01663,Female,51,12,Monthly,879.76,Debit Card,Fiber,0,1,158.91,16,0,1,1,10557.12,1,0-12 months,879.76,1,2,Medium,Low
CUST01664,Male,67,62,Two Year,2277.32,Credit Card,Fiber,1,1,441.62,15,0,6,2,141193.84,0,49-72 months,2277.32,2,3,Medium,Medium
CUST01665,Male,24,18,Monthly,2827.74,Debit Card,DSL,1,1,257.72,6,15,2,0,43264.42,1,13-24 months,2403.5789999999997,2,1,Low,Low
CUST01666,Female,61,63,One Year,4275.56,Bank Transfer,Fiber,3,1,413.43,21,5,3,1,255892.27,0,49-72 months,4061.782,4,2,High,Low
CUST01667,Female,51,25,Monthly,3782.05,Credit Card,Fiber,1,1,8.79,8,10,5,3,85096.12,1,25-48 months,3403.8450000000003,2,4,Low,Medium
CUST01668,Male,37,12,Monthly,2162.12,Credit Card,DSL,0,1,334.74,3,0,6,0,25945.44,1,0-12 months,2162.12,1,1,Low,Medium
CUST01669,Male,67,21,One Year,3440.45,Credit Card,Fiber,2,1,153.46,9,0,2,2,72249.45,1,13-24 months,3440.45,3,3,Low,Low
CUST01670,Female,55,25,Monthly,3096.1,UPI,DSL,2,1,431.08,21,15,4,0,65792.12,1,25-48 months,2631.685,3,1,High,Medium
CUST01671,Female,41,11,Monthly,1067.24,Bank Transfer,DSL,2,1,472.3,9,5,3,1,11152.66,0,0-12 months,1013.8779999999999,3,2,Low,Low
CUST01672,Male,27,64,Two Year,1556.86,UPI,Unknown,1,3,345.37,5,0,1,2,99639.04,0,49-72 months,1556.86,4,5,Low,Low
CUST01673,Female,49,50,Two Year,2035.05,Credit Card,DSL,0,0,77.31,19,15,4,1,86489.62,0,49-72 months,1729.7925,0,1,Medium,Medium
CUST01674,Male,69,62,Monthly,1379.68,UPI,DSL,1,1,236.71,25,20,6,2,68432.13,0,49-72 months,1103.7440000000001,2,3,High,Medium
CUST01675,Male,32,49,Monthly,1175.6,Debit Card,Fiber,3,3,234.93,16,10,10,0,51843.96,0,49-72 months,1058.04,6,3,Medium,High
CUST01676,Male,54,14,Monthly,761.89,UPI,Fiber,1,1,416.0,16,10,7,2,9599.81,0,13-24 months,685.701,2,3,Medium,Medium
CUST01677,Male,37,1,Monthly,4428.96,Cash,Fiber,1,1,233.0,18,0,6,1,4428.96,1,0-12 months,4428.96,2,2,Medium,Medium
CUST01678,Male,20,25,Two Year,1800.25,Credit Card,DSL,2,0,169.65,12,10,1,0,40505.62,0,25-48 months,1620.2250000000001,2,0,Medium,Low
CUST01679,Female,54,59,One Year,1806.44,Credit Card,Fiber,1,0,307.62,16,0,5,1,106579.96,0,49-72 months,1806.44,1,1,Medium,Medium
CUST01680,Female,57,72,Monthly,1428.03,Bank Transfer,DSL,0,0,325.31,29,15,5,0,87395.44,0,49-72 months,1213.8255,0,0,High,Medium
CUST01681,Female,25,69,Two Year,2639.29,Debit Card,Fiber,0,2,405.92,5,5,6,0,173005.46,0,49-72 months,2507.3255,2,2,Low,Medium
CUST01682,Female,57,5,One Year,2814.09,Bank Transfer,DSL,0,1,450.72,3,0,5,2,14070.45,1,0-12 months,2814.09,1,3,Low,Medium
CUST01683,Male,61,19,One Year,1437.27,UPI,Fiber,3,0,445.53,7,0,9,1,27308.13,0,13-24 months,1437.27,3,1,Low,High
CUST01684,Male,40,23,Monthly,3238.57,Cash,Fiber,1,0,315.23,20,5,6,2,70762.75,1,13-24 months,3076.6415,1,2,Medium,Medium
CUST01685,Male,57,9,Monthly,3753.5,Cash,Unknown,4,2,264.52,14,0,9,1,33781.5,1,0-12 months,3753.5,6,3,Medium,High
CUST01686,Male,28,50,One Year,2182.28,Cash,Unknown,2,2,401.6,24,20,4,0,87291.2,0,49-72 months,1745.8240000000003,4,2,High,Medium
CUST01687,Female,63,16,Monthly,3134.53,Cash,Fiber,2,2,156.86,16,0,3,2,50152.48,0,13-24 months,3134.53,4,4,Medium,Low
CUST01688,Male,25,33,Monthly,2760.36,Debit Card,DSL,2,0,380.18,1,5,6,1,86537.29,1,25-48 months,2622.342,2,1,Low,Medium
CUST01689,Male,46,2,Monthly,1379.97,UPI,Fiber,1,0,255.52,5,10,1,1,2483.95,0,0-12 months,1241.973,1,1,Low,Low
CUST01690,Female,47,14,Monthly,3785.05,Cash,DSL,2,1,66.21,8,10,10,2,47691.63,0,13-24 months,3406.545,3,3,Low,High
CUST01691,Female,27,1,Monthly,4106.54,Credit Card,DSL,1,1,377.67,2,5,5,0,3901.21,0,0-12 months,3901.2129999999997,2,1,Low,Medium
CUST01692,Female,56,58,One Year,3419.57,UPI,Fiber,2,1,325.99,22,0,2,1,198335.06,0,49-72 months,3419.57,3,2,High,Low
CUST01693,Female,45,16,Monthly,1957.53,Debit Card,DSL,1,2,45.8,7,5,6,1,29754.46,0,13-24 months,1859.6535,3,3,Low,Medium
CUST01694,Male,66,47,Monthly,4670.57,Cash,Fiber,2,1,227.93,6,0,3,2,219516.79,0,25-48 months,4670.57,3,3,Low,Low
CUST01695,Male,53,44,One Year,2549.11,Debit Card,DSL,2,1,245.81,10,0,9,0,112160.84,0,25-48 months,2549.11,3,1,Low,High
CUST01696,Female,30,14,Monthly,1696.45,Cash,Fiber,2,0,328.49,3,5,2,0,22562.78,1,13-24 months,1611.6275,2,0,Low,Low
CUST01697,Male,49,24,Monthly,2337.06,Credit Card,Fiber,1,1,340.85,6,10,1,1,50480.5,0,13-24 months,2103.354,2,2,Low,Low
CUST01698,Male,53,55,One Year,3614.34,UPI,Unknown,0,2,99.31,23,0,7,3,198788.7,0,49-72 months,3614.34,2,5,High,Medium
CUST01699,Male,54,15,Monthly,4306.69,Credit Card,Fiber,2,0,21.68,29,0,5,2,64600.35,0,13-24 months,4306.69,2,2,High,Medium
CUST01700,Female,43,72,One Year,2104.59,Cash,Unknown,1,1,398.07,19,0,1,3,151530.48,0,49-72 months,2104.59,2,4,Medium,Low
CUST01701,Male,39,34,One Year,1546.81,Bank Transfer,Fiber,4,1,490.89,28,0,5,0,52591.54,0,25-48 months,1546.81,5,1,High,Medium
CUST01702,Female,21,2,Monthly,3319.22,UPI,Fiber,4,1,470.64,26,15,4,1,5642.67,1,0-12 months,2821.3369999999995,5,2,High,Medium
CUST01703,Male,48,27,Monthly,4645.47,Debit Card,DSL,2,0,252.9,2,15,1,1,106613.54,0,25-48 months,3948.6495,2,1,Low,Low
CUST01704,Male,35,72,Two Year,1324.82,Cash,Fiber,2,2,266.82,19,0,8,0,95387.04,0,49-72 months,1324.82,4,2,Medium,High
CUST01705,Male,55,23,Monthly,4113.59,Credit Card,Fiber,2,1,465.64,28,5,4,0,89881.94,1,13-24 months,3907.9105,3,1,High,Medium
CUST01706,Female,41,68,Two Year,2644.73,Bank Transfer,Fiber,4,2,274.35,30,15,10,0,152865.39,0,49-72 months,2248.0205,6,2,High,High
CUST01707,Male,40,14,One Year,4097.81,Cash,Unknown,5,1,142.44,17,5,7,1,54500.87,0,13-24 months,3892.9195,6,2,Medium,Medium
CUST01708,Female,39,63,Monthly,2774.94,Debit Card,DSL,2,0,340.41,23,10,6,0,157339.1,0,49-72 months,2497.446,2,0,High,Medium
CUST01709,Female,19,65,Monthly,2197.97,Credit Card,Fiber,2,1,241.21,4,15,9,2,121437.84,0,49-72 months,1868.2744999999998,3,3,Low,High
CUST01710,Female,48,68,Monthly,3635.33,UPI,Fiber,1,2,393.58,3,5,1,1,234842.32,0,49-72 months,3453.5634999999997,3,3,Low,Low
CUST01711,Male,28,63,Monthly,4552.82,Bank Transfer,Fiber,2,1,392.74,14,15,10,3,243803.51,0,49-72 months,3869.8969999999995,3,4,Medium,High
CUST01712,Male,45,64,One Year,1941.13,Cash,DSL,0,1,468.3,22,0,9,0,72487.86,0,49-72 months,1941.13,1,1,High,High
CUST01713,Male,63,32,Two Year,2573.37,Cash,Unknown,1,4,73.22,30,15,8,0,69995.66,0,25-48 months,2187.3644999999997,5,4,High,High
CUST01714,Male,49,13,Two Year,1532.3,Cash,DSL,1,0,263.06,3,15,5,2,16931.91,0,13-24 months,1302.455,1,2,Low,Medium
CUST01715,Female,22,66,Monthly,1325.34,Cash,Fiber,3,1,394.0,28,15,3,2,74351.57,0,49-72 months,1126.539,4,3,High,Low
CUST01716,Female,55,19,Two Year,4000.51,Credit Card,DSL,0,2,220.25,11,0,10,0,72487.86,0,13-24 months,4000.51,2,2,Medium,High
CUST01717,Female,27,24,Two Year,1402.99,UPI,Unknown,3,1,315.31,10,10,2,2,30304.58,1,13-24 months,1262.691,4,3,Low,Low
CUST01718,Male,57,11,Two Year,4069.93,Debit Card,DSL,1,3,409.43,3,5,9,1,42530.77,0,0-12 months,3866.4334999999996,4,4,Low,High
CUST01719,Female,63,59,Monthly,2431.48,Bank Transfer,Unknown,2,2,239.32,9,10,3,0,129111.59,0,49-72 months,2188.332,4,2,Low,Low
CUST01720,Male,41,15,One Year,4977.72,Cash,Fiber,2,0,207.1,16,0,4,2,74665.8,0,13-24 months,4977.72,2,2,Medium,Medium
CUST01721,Female,52,10,One Year,1388.04,Cash,DSL,1,1,94.38,18,0,6,2,13880.4,0,0-12 months,1388.04,2,3,Medium,Medium
CUST01722,Male,61,41,Monthly,918.4,UPI,DSL,4,1,413.15,5,5,5,0,35771.68,1,25-48 months,872.4799999999999,5,1,Low,Medium
CUST01723,Male,65,27,Two Year,839.45,UPI,DSL,2,1,398.91,26,10,6,2,20398.64,0,25-48 months,755.5050000000001,3,3,High,Medium
CUST01724,Female,40,60,Monthly,4259.38,Credit Card,DSL,2,1,372.86,15,5,2,1,242784.66,0,49-72 months,4046.411,3,2,Medium,Low
CUST01725,Female,34,52,Monthly,2469.99,Credit Card,Fiber,4,1,199.69,26,0,5,1,128439.48,1,49-72 months,2469.99,5,2,High,Medium
CUST01726,Female,18,28,Two Year,514.06,Credit Card,Fiber,0,1,293.68,16,0,4,0,14393.68,0,25-48 months,514.06,1,1,Medium,Medium
CUST01727,Female,48,65,Monthly,4436.47,Bank Transfer,Unknown,4,2,66.37,18,15,1,2,245114.97,1,49-72 months,3770.9995,6,4,Medium,Low
CUST01728,Male,48,17,Two Year,4446.14,Credit Card,Fiber,3,0,163.16,6,0,4,1,75584.38,0,13-24 months,4446.14,3,1,Low,Medium
CUST01729,Female,59,44,One Year,4128.88,Cash,Unknown,2,0,220.59,4,0,2,1,181670.72,0,25-48 months,4128.88,2,1,Low,Low
CUST01730,Female,59,10,Monthly,1617.43,Credit Card,Unknown,2,1,26.55,23,0,7,1,16174.3,0,0-12 months,1617.43,3,2,High,Medium
CUST01731,Female,70,63,Monthly,2177.39,Unknown,Fiber,2,1,56.28,13,0,7,3,137175.57,0,49-72 months,2177.39,3,4,Medium,Medium
CUST01732,Male,51,47,One Year,3852.17,Credit Card,Unknown,0,1,415.71,1,0,5,0,181051.99,1,25-48 months,3852.17,1,1,Low,Medium
CUST01733,Male,26,38,One Year,2702.09,Credit Card,DSL,2,0,485.75,24,0,1,1,102679.42,1,25-48 months,2702.09,2,1,High,Low
CUST01734,Female,39,70,Two Year,1192.22,Cash,Fiber,1,1,164.39,2,5,1,0,79282.63,1,49-72 months,1132.609,2,1,Low,Low
CUST01735,Male,30,53,Two Year,1592.59,Cash,Fiber,2,2,57.84,15,10,7,2,75966.54,0,49-72 months,1433.331,4,4,Medium,Medium
CUST01736,Female,42,44,Monthly,4876.65,Cash,Unknown,1,2,468.02,4,10,10,0,193115.34,0,25-48 months,4388.985,3,2,Low,High
CUST01737,Male,65,54,Monthly,1179.56,Unknown,DSL,2,1,457.58,27,0,1,1,63696.24,1,49-72 months,1179.56,3,2,High,Low
CUST01738,Male,35,20,Two Year,3767.36,Cash,DSL,0,1,329.06,13,10,2,2,67812.48,1,13-24 months,3390.6240000000003,1,3,Medium,Low
CUST01739,Male,68,31,Monthly,2651.08,UPI,DSL,2,2,172.6,23,5,4,2,78074.31,0,25-48 months,2518.526,4,4,High,Medium
CUST01740,Male,29,7,Monthly,3868.71,Debit Card,Fiber,3,2,60.72,14,15,5,2,23018.82,0,0-12 months,3288.4035,5,4,Medium,Medium
CUST01741,Female,57,58,Two Year,3475.01,Debit Card,Unknown,2,0,470.05,15,5,1,0,191473.05,0,49-72 months,3301.2595,2,0,Medium,Low
CUST01742,Female,34,10,Two Year,2476.25,Cash,Fiber,4,0,460.59,8,20,1,0,19810.0,0,0-12 months,1981.0,4,0,Low,Low
CUST01743,Female,32,10,One Year,2092.6,Bank Transfer,Fiber,1,0,372.89,9,10,3,2,18833.4,0,0-12 months,1883.34,1,2,Low,Low
CUST01744,Male,59,39,Monthly,3894.62,Cash,Fiber,4,1,467.27,5,5,1,3,144295.67,0,25-48 months,3699.8889999999997,5,4,Low,Low
CUST01745,Female,32,28,One Year,1954.14,Cash,Fiber,2,1,74.18,25,5,3,1,51980.12,1,25-48 months,1856.433,3,2,High,Low
CUST01746,Female,32,30,One Year,4044.97,Credit Card,DSL,1,0,59.08,25,0,5,0,121349.1,0,25-48 months,4044.97,1,0,High,Medium
CUST01747,Female,56,37,Two Year,3559.29,Bank Transfer,Fiber,1,1,100.06,3,10,3,1,118524.36,0,25-48 months,3203.361,2,2,Low,Low
CUST01748,Male,30,67,Two Year,3099.51,Cash,Fiber,2,0,111.67,7,20,10,1,166133.74,0,49-72 months,2479.608,2,1,Low,High
CUST01749,Male,34,43,Monthly,2159.6,UPI,Fiber,1,1,414.45,8,5,8,3,88219.66,1,25-48 months,2051.62,2,4,Low,High
CUST01750,Male,49,52,One Year,1422.87,Debit Card,DSL,2,2,461.26,16,20,5,1,59191.39,0,49-72 months,1138.296,4,3,Medium,Medium
CUST01751,Female,26,56,Two Year,3696.89,UPI,Fiber,1,2,111.72,17,0,5,1,207025.84,0,49-72 months,3696.89,3,3,Medium,Medium
CUST01752,Female,57,68,Monthly,911.07,UPI,Fiber,2,0,234.03,27,10,6,1,55757.48,0,49-72 months,819.9630000000001,2,1,High,Medium
CUST01753,Female,37,9,Monthly,4867.44,UPI,DSL,1,0,229.97,10,10,4,2,39426.26,1,0-12 months,4380.696,1,2,Low,Medium
CUST01754,Male,43,23,Two Year,4904.37,Bank Transfer,Fiber,2,0,93.05,21,0,5,0,112800.51,0,13-24 months,4904.37,2,0,High,Medium
CUST01755,Male,44,63,Monthly,1086.0,Bank Transfer,Fiber,3,1,427.41,1,5,6,1,72487.86,0,49-72 months,1031.7,4,2,Low,Medium
CUST01756,Female,38,61,Monthly,967.71,Bank Transfer,Unknown,3,0,263.63,19,15,6,1,50175.76,0,49-72 months,822.5535,3,1,Medium,Medium
CUST01757,Male,35,40,Monthly,2357.23,Debit Card,Fiber,1,1,285.29,18,10,5,0,84860.28,0,25-48 months,2121.507,2,1,Medium,Medium
CUST01758,Male,30,44,Monthly,4836.57,Credit Card,Fiber,1,1,132.92,29,10,10,0,191528.17,0,25-48 months,4352.913,2,1,High,High
CUST01759,Male,33,24,Monthly,2301.4,Cash,DSL,4,1,281.78,18,10,6,1,49710.24,1,13-24 months,2071.26,5,2,Medium,Medium
CUST01760,Male,26,51,Monthly,2137.11,Cash,DSL,5,1,397.31,20,10,9,0,98093.35,0,49-72 months,1923.3990000000001,6,1,Medium,High
CUST01761,Female,29,58,Two Year,3666.13,Credit Card,DSL,0,2,155.94,5,0,8,1,212635.54,0,49-72 months,3666.13,2,3,Low,High
CUST01762,Male,61,33,One Year,1304.29,Cash,Fiber,0,1,61.08,11,10,4,1,38737.41,0,25-48 months,1173.861,1,2,Medium,Medium
CUST01763,Male,55,16,One Year,2134.96,UPI,DSL,2,0,294.1,1,0,2,0,34159.36,0,13-24 months,2134.96,2,0,Low,Low
CUST01764,Male,36,22,Monthly,1810.88,Unknown,DSL,0,0,319.74,27,5,4,0,37847.39,0,13-24 months,1720.336,0,0,High,Medium
CUST01765,Male,24,57,One Year,3206.91,Cash,Fiber,1,1,105.02,22,15,6,0,155374.79,0,49-72 months,2725.8734999999997,2,1,High,Medium
CUST01766,Female,52,62,One Year,1232.39,Debit Card,Fiber,2,0,127.91,11,20,10,3,61126.54,0,49-72 months,985.9120000000001,2,3,Medium,High
CUST01767,Female,65,71,One Year,2969.16,Credit Card,DSL,4,2,80.77,11,10,7,1,72487.86,0,49-72 months,2672.244,6,3,Medium,Medium
CUST01768,Male,35,72,Monthly,4358.96,Cash,Fiber,4,1,461.08,5,0,4,0,313845.12,0,49-72 months,4358.96,5,1,Low,Medium
CUST01769,Male,33,70,Monthly,2813.77,Debit Card,Fiber,1,2,110.44,29,0,3,0,196963.9,0,49-72 months,2813.77,3,2,High,Low
CUST01770,Male,56,30,Two Year,3575.73,UPI,Fiber,0,0,10.27,20,0,1,1,107271.9,0,25-48 months,3575.73,0,1,Medium,Low
CUST01771,Male,21,23,One Year,838.62,UPI,Fiber,1,1,420.88,22,5,7,2,18323.85,0,13-24 months,796.689,2,3,High,Medium
CUST01772,Male,42,32,One Year,2520.53,Credit Card,Fiber,0,1,402.6,18,15,1,3,68558.42,0,25-48 months,2142.4505,1,4,Medium,Low
CUST01773,Male,49,57,One Year,927.02,Bank Transfer,Fiber,2,1,230.98,8,15,8,0,44914.12,0,49-72 months,787.967,3,1,Low,High
CUST01774,Female,57,9,Monthly,3197.58,Cash,Fiber,3,1,399.6,22,5,5,0,27339.31,0,0-12 months,3037.7009999999996,4,1,High,Medium
CUST01775,Male,30,31,One Year,1764.74,UPI,Unknown,2,0,227.56,15,15,8,1,46500.9,0,25-48 months,1500.029,2,1,Medium,High
CUST01776,Female,62,71,Monthly,1792.7,UPI,Fiber,4,1,116.13,3,15,2,1,108189.44,0,49-72 months,1523.795,5,2,Low,Low
CUST01777,Female,34,9,One Year,845.45,Credit Card,Fiber,0,1,215.9,16,5,3,3,7228.6,0,0-12 months,803.1775,1,4,Medium,Low
CUST01778,Male,66,13,Two Year,1896.07,UPI,Unknown,4,3,246.0,20,5,4,0,23416.46,0,13-24 months,1801.2665,7,3,Medium,Medium
CUST01779,Female,54,58,One Year,2780.05,Cash,Unknown,1,1,9.46,12,0,2,2,161242.9,0,49-72 months,2780.05,2,3,Medium,Low
CUST01780,Female,23,3,Monthly,3130.97,Credit Card,Fiber,1,2,61.1,29,0,4,3,9392.91,1,0-12 months,3130.97,3,5,High,Medium
CUST01781,Female,36,35,Monthly,799.99,Debit Card,Fiber,2,0,438.01,2,5,6,0,26599.67,0,25-48 months,759.9905,2,0,Low,Medium
CUST01782,Female,30,21,One Year,3431.57,Credit Card,DSL,3,1,199.25,20,10,7,0,64856.67,0,13-24 months,3088.413,4,1,Medium,Medium
CUST01783,Female,43,64,Two Year,2699.94,Cash,Unknown,3,0,169.08,25,10,6,2,155516.54,1,49-72 months,2429.946,3,2,High,Medium
CUST01784,Female,31,52,One Year,2916.09,Cash,Fiber,0,1,444.74,20,15,7,0,128891.18,0,49-72 months,2478.6765,1,1,Medium,Medium
CUST01785,Male,48,34,Monthly,4247.59,Debit Card,Fiber,2,0,81.51,13,10,2,1,129976.25,0,25-48 months,3822.831,2,1,Medium,Low
CUST01786,Female,21,35,Monthly,2040.02,Credit Card,DSL,3,1,112.41,24,0,1,1,71400.7,0,25-48 months,2040.02,4,2,High,Low
CUST01787,Female,56,15,One Year,1283.23,Cash,Fiber,1,0,414.84,19,0,9,1,19248.45,0,13-24 months,1283.23,1,1,Medium,High
CUST01788,Female,25,6,One Year,2983.15,Cash,DSL,1,1,143.43,13,0,7,1,17898.9,0,0-12 months,2983.15,2,2,Medium,Medium
CUST01789,Male,42,32,Two Year,4752.6,Debit Card,DSL,2,0,318.45,21,10,2,1,136874.88,1,25-48 months,4277.34,2,1,High,Low
CUST01790,Female,30,52,Monthly,2830.41,Bank Transfer,Fiber,0,0,371.09,18,20,7,1,117745.06,0,49-72 months,2264.328,0,1,Medium,Medium
CUST01791,Male,49,28,One Year,4243.6,Credit Card,Fiber,1,2,115.25,30,0,4,2,118820.8,0,25-48 months,4243.6,3,4,High,Medium
CUST01792,Female,55,64,Monthly,3906.64,Cash,DSL,1,1,130.44,25,10,3,1,225022.46,0,49-72 months,3515.976,2,2,High,Low
CUST01793,Male,55,19,One Year,2832.49,UPI,DSL,2,0,260.57,16,5,4,0,51126.44,0,13-24 months,2690.8655,2,0,Medium,Medium
CUST01794,Male,45,15,Two Year,3414.0,Debit Card,DSL,3,2,397.15,25,5,5,3,48649.5,0,13-24 months,3243.2999999999997,5,5,High,Medium
CUST01795,Female,70,6,Monthly,2330.06,Bank Transfer,DSL,5,0,279.42,30,20,9,1,11184.29,1,0-12 months,1864.048,5,1,High,High
CUST01796,Female,47,38,Monthly,2887.83,Bank Transfer,Fiber,4,0,38.33,10,0,4,1,109737.54,0,25-48 months,2887.83,4,1,Low,Medium
CUST01797,Male,20,26,One Year,2782.79,Debit Card,DSL,1,3,178.66,7,10,9,3,65117.29,1,25-48 months,2504.511,4,6,Low,High
CUST01798,Female,45,51,One Year,3691.0,Bank Transfer,Fiber,0,1,168.67,2,10,4,0,169416.9,0,49-72 months,3321.9,1,1,Low,Medium
CUST01799,Male,20,53,Monthly,2344.92,Cash,DSL,3,1,404.76,4,10,1,0,111852.68,1,49-72 months,2110.4280000000003,4,1,Low,Low
CUST01800,Male,62,56,Monthly,948.95,Bank Transfer,Fiber,0,2,148.38,22,15,1,1,45170.02,0,49-72 months,806.6075000000001,2,3,High,Low
CUST01801,Male,51,59,One Year,4049.19,Credit Card,DSL,3,0,451.1,25,5,4,0,226957.1,0,49-72 months,3846.7304999999997,3,0,High,Medium
CUST01802,Male,33,70,Two Year,3581.84,UPI,DSL,0,2,170.82,29,10,4,1,225655.92,0,49-72 months,3223.6560000000004,2,3,High,Medium
CUST01803,Male,39,58,Monthly,4775.56,Cash,DSL,2,0,101.08,22,10,10,2,249284.23,1,49-72 months,4298.004000000001,2,2,High,High
CUST01804,Female,49,13,Two Year,2429.22,Debit Card,Unknown,3,1,272.27,4,0,7,0,31579.86,0,13-24 months,2429.22,4,1,Low,Medium
CUST01805,Male,55,43,Monthly,851.93,UPI,Fiber,2,3,196.26,1,0,1,2,36632.99,0,25-48 months,851.93,5,5,Low,Low
CUST01806,Male,25,51,Monthly,1047.29,Cash,Fiber,3,0,325.56,16,10,5,1,48070.61,0,49-72 months,942.561,3,1,Medium,Medium
CUST01807,Female,25,19,Monthly,3979.94,UPI,Fiber,2,1,458.28,23,0,10,1,75618.86,0,13-24 months,3979.94,3,2,High,High
CUST01808,Male,23,21,Two Year,804.91,Bank Transfer,Unknown,0,1,470.68,23,10,8,0,15212.8,0,13-24 months,724.419,1,1,High,High
CUST01809,Female,31,24,Monthly,4585.22,Debit Card,Fiber,1,0,117.55,6,0,8,2,110045.28,1,13-24 months,4585.22,1,2,Low,High
CUST01810,Female,49,26,One Year,1767.43,Debit Card,Fiber,2,2,85.32,19,0,7,2,45953.18,0,25-48 months,1767.43,4,4,Medium,Medium
CUST01811,Female,52,45,Monthly,4544.96,Credit Card,Unknown,1,0,470.28,5,10,4,0,184070.88,0,25-48 months,4090.464,1,0,Low,Medium
CUST01812,Male,27,28,Two Year,3980.78,Bank Transfer,Unknown,0,4,407.15,23,10,7,4,100315.66,0,25-48 months,3582.702,4,8,High,Medium
CUST01813,Male,20,29,Two Year,4420.4,Credit Card,Unknown,0,0,134.53,6,10,1,1,115372.44,0,25-48 months,3978.3599999999997,0,1,Low,Low
CUST01814,Male,29,17,One Year,1463.18,Credit Card,Fiber,0,2,403.45,7,5,6,2,23630.36,0,13-24 months,1390.021,2,4,Low,Medium
CUST01815,Female,66,68,Two Year,3180.62,Bank Transfer,DSL,3,0,371.82,5,0,7,1,216282.16,0,49-72 months,3180.62,3,1,Low,Medium
CUST01816,Male,48,44,One Year,921.15,Cash,Unknown,3,1,130.51,28,10,3,1,36477.54,0,25-48 months,829.035,4,2,High,Low
CUST01817,Female,46,61,Two Year,1410.26,Credit Card,DSL,4,2,453.36,1,0,8,0,86025.86,0,49-72 months,1410.26,6,2,Low,High
CUST01818,Male,22,68,Monthly,1894.56,UPI,Fiber,2,0,164.29,26,0,8,0,128830.08,0,49-72 months,1894.56,2,0,High,High
CUST01819,Female,69,25,Monthly,3833.66,Cash,DSL,3,1,242.69,27,0,8,0,95841.5,0,25-48 months,3833.66,4,1,High,High
CUST01820,Male,42,67,One Year,611.21,Bank Transfer,Unknown,0,0,306.58,21,0,5,1,40951.07,0,49-72 months,611.21,0,1,High,Medium
CUST01821,Male,58,2,Monthly,4564.03,Debit Card,Fiber,2,0,99.68,2,0,7,0,9128.06,0,0-12 months,4564.03,2,0,Low,Medium
CUST01822,Male,48,49,Monthly,818.62,Cash,DSL,3,1,307.59,26,0,5,0,40112.38,0,49-72 months,818.62,4,1,High,Medium
CUST01823,Female,38,70,Monthly,2194.21,Credit Card,Fiber,0,0,354.6,10,0,8,3,153594.7,0,49-72 months,2194.21,0,3,Low,High
CUST01824,Female,37,26,Monthly,864.9,UPI,Fiber,3,1,55.27,2,0,9,1,22487.4,0,25-48 months,864.9,4,2,Low,High
CUST01825,Male,56,72,One Year,3960.36,Unknown,Fiber,5,3,192.78,20,10,4,1,256631.33,0,49-72 months,3564.324,8,4,Medium,Medium
CUST01826,Male,39,27,Monthly,1135.92,Debit Card,DSL,4,2,307.97,14,5,4,2,29136.35,0,25-48 months,1079.124,6,4,Medium,Medium
CUST01827,Female,21,18,Two Year,4481.41,UPI,Fiber,2,0,463.48,22,20,7,2,64532.3,0,13-24 months,3585.128,2,2,High,Medium
CUST01828,Female,30,54,Two Year,2886.0,Debit Card,DSL,3,1,446.04,21,15,7,3,132467.4,0,49-72 months,2453.1,4,4,High,Medium
CUST01829,Female,62,1,Two Year,4768.13,Bank Transfer,DSL,0,1,88.99,7,20,8,1,3814.5,0,0-12 months,3814.5040000000004,1,2,Low,High
CUST01830,Male,59,61,Monthly,1806.62,Cash,DSL,1,1,307.2,10,5,7,0,104693.63,0,49-72 months,1716.2889999999998,2,1,Low,Medium
CUST01831,Female,67,3,Monthly,2544.42,Credit Card,Fiber,1,1,53.52,8,0,7,1,7633.26,1,0-12 months,2544.42,2,2,Low,Medium
CUST01832,Male,66,68,Two Year,3624.11,Bank Transfer,DSL,1,1,150.47,26,15,6,0,209473.56,0,49-72 months,3080.4935,2,1,High,Medium
CUST01833,Female,37,41,Two Year,4243.61,UPI,Fiber,3,1,300.65,1,5,6,1,165288.61,1,25-48 months,4031.4294999999993,4,2,Low,Medium
CUST01834,Male,69,37,One Year,2396.11,Cash,Fiber,1,0,45.28,29,10,10,1,79790.46,0,25-48 months,2156.4990000000003,1,1,High,High
CUST01835,Female,30,51,Monthly,4515.95,Debit Card,DSL,3,1,444.99,8,15,3,0,195766.43,1,49-72 months,3838.5575,4,1,Low,Low
CUST01836,Female,34,15,One Year,1030.94,Cash,Unknown,1,1,415.35,16,10,4,2,13917.69,1,13-24 months,927.8460000000001,2,3,Medium,Medium
CUST01837,Female,53,8,One Year,3689.08,Cash,Fiber,1,3,239.33,14,10,10,3,26561.38,0,0-12 months,3320.172,4,6,Medium,High
CUST01838,Female,50,38,Monthly,2066.9,UPI,DSL,1,0,248.42,19,0,4,1,78542.2,0,25-48 months,2066.9,1,1,Medium,Medium
CUST01839,Female,18,56,One Year,956.01,Credit Card,Unknown,0,1,441.27,26,0,9,1,53536.56,0,49-72 months,956.01,1,2,High,High
CUST01840,Male,32,47,Two Year,2239.99,Cash,Unknown,1,1,29.97,28,5,6,0,100015.55,0,25-48 months,2127.9905,2,1,High,Medium
CUST01841,Female,30,10,One Year,4460.97,Cash,Fiber,2,1,76.22,30,10,10,0,40148.73,0,0-12 months,4014.8730000000005,3,1,High,High
CUST01842,Female,34,49,Monthly,4912.4,Credit Card,DSL,3,0,157.46,10,15,3,2,204601.46,0,49-72 months,4175.54,3,2,Low,Low
CUST01843,Female,41,41,One Year,2267.6,Credit Card,Fiber,3,0,185.37,18,15,4,1,79025.86,0,25-48 months,1927.4599999999998,3,1,Medium,Medium
CUST01844,Male,25,30,Two Year,4488.87,Debit Card,DSL,5,1,493.79,30,20,6,0,107732.88,0,25-48 months,3591.096,6,1,High,Medium
CUST01845,Female,67,5,One Year,2793.44,Debit Card,Unknown,1,0,77.99,2,20,6,2,11173.76,0,0-12 months,2234.752,1,2,Low,Medium
CUST01846,Male,44,71,One Year,3726.57,Credit Card,DSL,3,1,155.04,5,10,5,1,238127.82,0,49-72 months,3353.913,4,2,Low,Medium
CUST01847,Female,62,31,One Year,704.17,Bank Transfer,Unknown,0,1,414.84,29,5,1,1,20737.81,1,25-48 months,668.9614999999999,1,2,High,Low
CUST01848,Female,40,52,One Year,3007.9,Credit Card,Unknown,0,0,393.26,2,10,10,1,140769.72,0,49-72 months,2707.11,0,1,Low,High
CUST01849,Male,63,23,One Year,815.73,Debit Card,Unknown,5,3,329.13,20,0,6,1,18761.79,0,13-24 months,815.73,8,4,Medium,Medium
CUST01850,Female,25,48,Monthly,1708.78,UPI,Fiber,4,1,167.63,3,5,4,2,77920.37,1,25-48 months,1623.341,5,3,Low,Medium
CUST01851,Male,25,40,Monthly,3050.66,UPI,Fiber,1,2,63.3,24,10,8,1,109823.76,1,25-48 months,2745.594,3,3,High,High
CUST01852,Male,43,6,Monthly,4132.24,Cash,Unknown,1,0,491.86,9,15,10,2,21074.42,0,0-12 months,3512.4039999999995,1,2,Low,High
CUST01853,Female,64,38,Monthly,3024.02,UPI,DSL,2,0,129.46,11,15,1,0,97675.85,0,25-48 months,2570.417,2,0,Medium,Low
CUST01854,Male,30,41,Monthly,4712.86,Debit Card,Fiber,1,1,423.1,16,0,5,2,193227.26,1,25-48 months,4712.86,2,3,Medium,Medium
CUST01855,Female,56,27,Monthly,4146.5,UPI,Fiber,2,1,448.03,30,0,4,1,111955.5,1,25-48 months,4146.5,3,2,High,Medium
CUST01856,Female,54,69,Two Year,1203.08,Bank Transfer,Unknown,4,0,223.25,28,0,5,1,83012.52,0,49-72 months,1203.08,4,1,High,Medium
CUST01857,Male,66,57,Monthly,2250.31,Credit Card,Unknown,0,3,426.16,14,5,9,0,121854.29,0,49-72 months,2137.7945,3,3,Medium,High
CUST01858,Male,45,17,Monthly,3508.18,Credit Card,Fiber,2,0,143.12,30,0,7,1,59639.06,1,13-24 months,3508.18,2,1,High,Medium
CUST01859,Male,42,71,Monthly,4722.83,Debit Card,Fiber,2,0,445.51,14,0,3,2,335320.93,0,49-72 months,4722.83,2,2,Medium,Low
CUST01860,Male,33,47,One Year,4944.72,Cash,DSL,2,2,319.8,22,10,3,1,209161.66,1,25-48 months,4450.2480000000005,4,3,High,Low
CUST01861,Female,19,13,Monthly,3934.34,Credit Card,Unknown,2,0,101.21,20,0,7,1,51146.42,0,13-24 months,3934.34,2,1,Medium,Medium
CUST01862,Female,35,11,Monthly,3081.96,UPI,DSL,8,2,394.34,11,15,1,0,28816.33,1,0-12 months,2619.666,10,2,Medium,Low
CUST01863,Male,34,24,Monthly,3904.74,Bank Transfer,Unknown,1,1,457.28,11,5,8,0,89028.07,1,13-24 months,3709.5029999999997,2,1,Medium,High
CUST01864,Female,47,4,Two Year,1729.56,Cash,DSL,4,0,287.36,30,0,3,0,6918.24,0,0-12 months,1729.56,4,0,High,Low
CUST01865,Female,56,46,Two Year,1776.21,Cash,Unknown,1,3,381.38,18,15,8,2,69449.81,0,25-48 months,1509.7785,4,5,Medium,High
CUST01866,Female,30,18,Two Year,3444.57,Cash,DSL,5,4,398.42,11,15,8,1,52701.92,0,13-24 months,2927.8845,9,5,Medium,High
CUST01867,Female,49,43,Monthly,4423.26,Credit Card,Unknown,1,0,394.77,24,15,2,0,161670.15,0,25-48 months,3759.771,1,0,High,Low
CUST01868,Male,67,33,One Year,2706.835,Cash,DSL,3,0,229.94,14,5,3,2,152490.79,1,25-48 months,2571.49325,3,2,Medium,Low
CUST01869,Male,46,10,One Year,2036.01,Debit Card,Fiber,1,1,371.27,19,15,10,1,17306.08,1,0-12 months,1730.6085,2,2,Medium,High
CUST01870,Female,63,59,Monthly,4084.49,UPI,Fiber,1,1,276.52,18,10,1,0,216886.42,1,49-72 months,3676.0409999999997,2,1,Medium,Low
CUST01871,Male,47,31,Monthly,4331.89,Unknown,Unknown,2,1,210.26,4,0,6,1,134288.59,1,25-48 months,4331.89,3,2,Low,Medium
CUST01872,Male,35,28,Monthly,3304.28,UPI,Fiber,1,2,87.08,13,5,3,0,87893.85,0,25-48 months,3139.0660000000003,3,2,Medium,Low
CUST01873,Male,30,60,One Year,2064.16,Debit Card,Fiber,3,1,454.97,2,5,9,2,117657.12,0,49-72 months,1960.9519999999998,4,3,Low,High
CUST01874,Female,60,3,Monthly,3285.9,Debit Card,DSL,1,1,210.38,19,5,1,1,9364.82,0,0-12 months,3121.605,2,2,Medium,Low
CUST01875,Female,38,55,Monthly,3130.02,UPI,DSL,3,1,123.58,9,5,8,1,163543.54,0,49-72 months,2973.519,4,2,Low,High
CUST01876,Female,47,14,Monthly,3229.36,Credit Card,Fiber,1,0,124.94,23,0,7,0,45211.04,1,13-24 months,3229.36,1,0,High,Medium
CUST01877,Male,38,58,One Year,3286.67,Debit Card,Fiber,1,1,124.83,11,5,7,0,181095.52,0,49-72 months,3122.3365,2,1,Medium,Medium
CUST01878,Female,65,15,Two Year,4311.76,Cash,Fiber,3,0,6.22,17,5,8,1,61442.58,0,13-24 months,4096.172,3,1,Medium,High
CUST01879,Female,34,2,One Year,1265.37,Bank Transfer,Fiber,1,1,221.92,26,0,9,1,2530.74,0,0-12 months,1265.37,2,2,High,High
CUST01880,Male,57,24,One Year,2706.835,Bank Transfer,Unknown,1,0,445.89,5,0,8,2,51667.68,1,13-24 months,2706.835,1,2,Low,High
CUST01881,Female,36,64,Monthly,3137.01,Debit Card,DSL,5,0,17.45,21,0,6,0,200768.64,0,49-72 months,3137.01,5,0,High,Medium
CUST01882,Female,69,71,Monthly,1774.97,Cash,Unknown,1,1,478.52,9,0,1,1,126022.87,0,49-72 months,1774.97,2,2,Low,Low
CUST01883,Male,32,24,Monthly,4901.69,UPI,Fiber,1,2,93.67,16,5,1,1,111758.53,0,13-24 months,4656.6055,3,3,Medium,Low
CUST01884,Male,26,27,Two Year,1684.18,Bank Transfer,Fiber,2,1,360.84,12,0,7,0,45472.86,0,25-48 months,1684.18,3,1,Medium,Medium
CUST01885,Male,69,37,Two Year,2613.33,Cash,DSL,5,4,393.74,1,10,3,0,87023.89,0,25-48 months,2351.997,9,4,Low,Low
CUST01886,Female,27,39,One Year,4448.14,Cash,Fiber,3,0,368.88,17,0,3,0,173477.46,0,25-48 months,4448.14,3,0,Medium,Low
CUST01887,Female,61,63,Monthly,860.29,Credit Card,Fiber,5,1,172.89,14,15,9,0,46068.53,0,49-72 months,731.2465,6,1,Medium,High
CUST01888,Female,48,26,Monthly,4193.1,Debit Card,Unknown,2,0,353.39,26,0,10,1,109020.6,1,25-48 months,4193.1,2,1,High,High
CUST01889,Male,70,65,Monthly,3069.54,Cash,Unknown,4,0,239.12,7,0,4,3,199520.1,0,49-72 months,3069.54,4,3,Low,Medium
CUST01890,Male,40,4,Two Year,643.11,UPI,DSL,1,2,80.34,23,10,3,0,2315.2,0,0-12 months,578.799,3,2,High,Low
CUST01891,Female,69,29,One Year,4563.11,Bank Transfer,DSL,2,0,104.46,27,10,2,1,119097.17,0,25-48 months,4106.799,2,1,High,Low
CUST01892,Female,47,1,Two Year,676.39,Credit Card,Fiber,3,1,17.88,16,5,5,1,642.57,0,0-12 months,642.5704999999999,4,2,Medium,Medium
CUST01893,Male,50,50,One Year,2818.48,UPI,Unknown,1,0,169.33,15,15,9,2,119785.4,0,49-72 months,2395.708,1,2,Medium,High
CUST01894,Male,69,11,Monthly,720.64,Bank Transfer,DSL,5,0,365.35,24,0,8,0,7927.04,0,0-12 months,720.64,5,0,High,High
CUST01895,Male,26,59,Monthly,820.4,Debit Card,Fiber,0,0,484.68,4,5,8,1,45983.42,0,49-72 months,779.38,0,1,Low,High
CUST01896,Male,64,62,Monthly,4492.42,UPI,Fiber,4,1,71.11,30,0,1,1,278530.04,1,49-72 months,4492.42,5,2,High,Low
CUST01897,Female,18,36,One Year,3946.21,Bank Transfer,DSL,2,0,179.87,23,5,9,2,134960.38,0,25-48 months,3748.8995,2,2,High,High
CUST01898,Male,61,56,Monthly,1386.24,Credit Card,Fiber,2,1,94.84,22,10,8,0,69866.5,0,49-72 months,1247.616,3,1,High,High
CUST01899,Female,52,21,One Year,3292.11,Bank Transfer,Unknown,2,2,381.64,15,0,3,1,69134.31,0,13-24 months,3292.11,4,3,Medium,Low
CUST01900,Female,28,13,One Year,4076.06,Cash,Unknown,4,1,460.19,17,0,8,0,52988.78,0,13-24 months,4076.06,5,1,Medium,High
CUST01901,Female,51,9,Monthly,4503.16,Credit Card,Unknown,2,0,61.43,2,5,9,1,38502.02,0,0-12 months,4278.0019999999995,2,1,Low,High
CUST01902,Male,33,11,Monthly,2607.38,UPI,DSL,1,2,452.28,8,0,2,0,28681.18,1,0-12 months,2607.38,3,2,Low,Low
CUST01903,Male,26,70,Monthly,4538.75,Debit Card,Fiber,6,3,139.39,6,10,1,0,285941.25,1,49-72 months,4084.875,9,3,Low,Low
CUST01904,Male,49,1,One Year,2785.33,Credit Card,Fiber,0,2,115.42,7,0,1,2,2785.33,1,0-12 months,2785.33,2,4,Low,Low
CUST01905,Male,32,70,Monthly,3597.03,Credit Card,DSL,1,1,33.03,24,20,1,1,72487.86,0,49-72 months,2877.6240000000003,2,2,High,Low
CUST01906,Female,29,56,Monthly,4905.63,Credit Card,Fiber,4,0,44.83,28,10,5,3,247243.75,0,49-72 months,4415.067,4,3,High,Medium
CUST01907,Male,50,31,Two Year,1561.78,Bank Transfer,DSL,4,4,39.27,16,5,2,0,45994.42,0,25-48 months,1483.6909999999998,8,4,Medium,Low
CUST01908,Male,62,37,One Year,1258.35,Cash,Fiber,4,2,225.97,5,5,4,1,44231.0,0,25-48 months,1195.4325,6,3,Low,Medium
CUST01909,Female,31,47,Monthly,2039.08,Debit Card,Fiber,5,3,331.03,21,10,1,0,86253.08,1,25-48 months,1835.172,8,3,High,Low
CUST01910,Male,25,47,One Year,1239.8,Debit Card,Fiber,5,0,96.29,18,5,2,2,55357.07,1,25-48 months,1177.81,5,2,Medium,Low
CUST01911,Female,25,69,Two Year,1778.73,Cash,DSL,3,2,112.73,20,10,7,0,110459.13,0,49-72 months,1600.857,5,2,Medium,Medium
CUST01912,Female,44,58,One Year,3843.43,Bank Transfer,Fiber,1,0,90.58,11,10,9,1,200627.05,0,49-72 months,3459.087,1,1,Medium,High
CUST01913,Female,29,36,Monthly,2648.86,Bank Transfer,Fiber,1,1,404.25,2,5,6,1,90591.01,0,25-48 months,2516.417,2,2,Low,Medium
CUST01914,Female,18,32,Monthly,2187.69,Cash,Fiber,3,1,72.9,7,15,10,1,59505.17,0,25-48 months,1859.5365,4,2,Low,High
CUST01915,Female,60,64,One Year,2159.26,Cash,Fiber,0,1,41.34,30,0,10,0,138192.64,0,49-72 months,2159.26,1,1,High,High
CUST01916,Female,57,71,Monthly,1375.38,UPI,Unknown,3,0,23.17,30,0,5,1,97651.98,0,49-72 months,1375.38,3,1,High,Medium
CUST01917,Female,59,42,One Year,2513.35,Bank Transfer,DSL,3,0,24.87,15,5,10,0,100282.66,0,25-48 months,2387.6825,3,0,Medium,High
CUST01918,Female,68,48,Two Year,3310.86,Credit Card,Fiber,3,1,275.6,27,15,7,1,135083.09,0,25-48 months,2814.231,4,2,High,Medium
CUST01919,Male,28,30,Two Year,1126.2,Debit Card,Fiber,3,2,51.52,9,0,9,0,33786.0,0,25-48 months,1126.2,5,2,Low,High
CUST01920,Male,56,21,Monthly,4877.66,Bank Transfer,Unknown,1,1,115.1,27,10,2,3,92187.77,0,13-24 months,4389.894,2,4,High,Low
CUST01921,Male,60,60,Monthly,2494.77,Cash,DSL,1,1,417.18,2,15,6,2,127233.27,0,49-72 months,2120.5544999999997,2,3,Low,Medium
CUST01922,Male,48,13,Monthly,4765.82,Credit Card,Fiber,1,0,484.21,4,5,3,1,58857.88,0,13-24 months,4527.5289999999995,1,1,Low,Low
CUST01923,Female,34,1,One Year,1105.97,UPI,Fiber,4,1,431.12,27,0,10,1,72487.86,0,0-12 months,1105.97,5,2,High,High
CUST01924,Male,50,65,Monthly,3952.47,UPI,Fiber,2,5,480.0,15,5,10,4,244065.02,0,49-72 months,3754.8464999999997,7,9,Medium,High
CUST01925,Female,49,33,Monthly,3279.37,Credit Card,Fiber,2,1,336.87,8,5,4,2,102808.25,1,25-48 months,3115.4015,3,3,Low,Medium
CUST01926,Male,46,38,Monthly,4190.29,Credit Card,DSL,1,2,493.67,25,15,5,0,135346.37,1,25-48 months,3561.7464999999997,3,2,High,Medium
CUST01927,Male,38,25,Monthly,3203.05,Cash,Fiber,2,0,250.69,4,0,5,2,80076.25,0,25-48 months,3203.05,2,2,Low,Medium
CUST01928,Male,38,26,Monthly,4832.76,Cash,DSL,1,1,398.37,8,20,10,1,100521.41,0,25-48 months,3866.2080000000005,2,2,Low,High
CUST01929,Female,57,59,Monthly,3321.19,Debit Card,Fiber,2,2,485.97,7,0,8,1,195950.21,0,49-72 months,3321.19,4,3,Low,High
CUST01930,Male,40,33,One Year,4030.72,Debit Card,Fiber,1,1,356.1,13,20,5,0,106411.01,0,25-48 months,3224.576,2,1,Medium,Medium
CUST01931,Female,23,41,Monthly,4449.12,UPI,DSL,1,1,478.58,5,0,2,1,182413.92,0,25-48 months,4449.12,2,2,Low,Low
CUST01932,Female,39,30,Monthly,3715.63,Credit Card,Fiber,3,2,130.55,20,0,2,0,111468.9,1,25-48 months,3715.63,5,2,Medium,Low
CUST01933,Male,67,57,Two Year,2859.06,UPI,DSL,2,0,153.64,22,0,1,0,162966.42,0,49-72 months,2859.06,2,0,High,Low
CUST01934,Male,55,49,Two Year,1727.68,Cash,DSL,4,1,201.63,22,0,2,1,84656.32,0,49-72 months,1727.68,5,2,High,Low
CUST01935,Male,54,48,Monthly,4345.22,Bank Transfer,Unknown,1,1,234.97,18,10,1,3,187713.5,1,25-48 months,3910.6980000000003,2,4,Medium,Low
CUST01936,Female,62,72,Monthly,2662.6,Cash,Fiber,1,1,449.22,19,10,3,3,172536.48,0,49-72 months,2396.34,2,4,Medium,Low
CUST01937,Male,68,49,One Year,3293.19,Bank Transfer,Fiber,1,1,444.49,11,5,5,1,153297.99,0,49-72 months,3128.5305,2,2,Medium,Medium
CUST01938,Female,25,47,Monthly,856.52,Credit Card,DSL,0,0,330.69,6,0,3,0,40256.44,0,25-48 months,856.52,0,0,Low,Low
CUST01939,Female,58,56,Monthly,2738.08,Unknown,Fiber,1,1,119.99,4,20,7,0,122665.98,0,49-72 months,2190.464,2,1,Low,Medium
CUST01940,Male,66,65,Monthly,3641.71,Credit Card,Fiber,1,0,123.99,3,0,10,1,236711.15,0,49-72 months,3641.71,1,1,Low,High
CUST01941,Male,52,12,Monthly,3128.32,Debit Card,Fiber,4,0,317.71,29,5,2,3,35662.85,1,0-12 months,2971.904,4,3,High,Low
CUST01942,Female,68,69,One Year,2518.5,Debit Card,DSL,2,1,254.18,20,5,5,1,165087.67,0,49-72 months,2392.575,3,2,Medium,Medium
CUST01943,Female,28,6,Two Year,1505.42,Bank Transfer,Fiber,0,0,132.97,6,10,3,0,8129.27,1,0-12 months,1354.8780000000002,0,0,Low,Low
CUST01944,Female,41,65,One Year,1893.52,UPI,DSL,0,0,88.28,15,0,2,0,123078.8,0,49-72 months,1893.52,0,0,Medium,Low
CUST01945,Male,66,25,Monthly,3652.81,UPI,DSL,3,2,362.7,3,0,4,1,91320.25,1,25-48 months,3652.81,5,3,Low,Medium
CUST01946,Female,38,1,Monthly,1508.86,Bank Transfer,Fiber,2,1,407.55,17,20,9,2,1207.09,1,0-12 months,1207.088,3,3,Medium,High
CUST01947,Male,68,32,One Year,3297.77,Debit Card,DSL,0,1,134.35,30,15,9,0,89699.34,0,25-48 months,2803.1045,1,1,High,High
CUST01948,Female,19,3,Monthly,3153.82,Cash,Fiber,1,1,215.34,22,5,6,3,8988.39,1,0-12 months,2996.129,2,4,High,Medium
CUST01949,Female,57,49,Monthly,4866.88,Bank Transfer,Fiber,0,0,358.18,2,0,7,0,238477.12,1,49-72 months,4866.88,0,0,Low,Medium
CUST01950,Male,36,19,One Year,773.52,UPI,Fiber,1,0,237.26,25,15,1,1,12492.35,0,13-24 months,657.492,1,1,High,Low
CUST01951,Female,56,60,Two Year,986.55,Bank Transfer,DSL,0,1,480.82,16,10,3,0,53273.7,0,49-72 months,887.895,1,1,Medium,Low
CUST01952,Male,45,29,Monthly,2777.38,Bank Transfer,Fiber,2,3,69.15,22,5,2,2,76516.82,1,25-48 months,2638.511,5,5,High,Low
CUST01953,Male,34,50,Two Year,2871.99,Credit Card,Fiber,4,0,427.9,17,5,9,1,136419.52,0,49-72 months,2728.3904999999995,4,1,Medium,High
CUST01954,Female,23,2,Monthly,679.67,Debit Card,Unknown,4,0,156.51,11,15,10,1,1155.44,0,0-12 months,577.7194999999999,4,1,Medium,High
CUST01955,Male,36,56,Monthly,4216.35,Credit Card,Fiber,2,0,345.09,4,0,8,1,236115.6,0,49-72 months,4216.35,2,1,Low,High
CUST01956,Male,55,17,Monthly,2726.26,Debit Card,Unknown,2,0,130.58,21,0,3,2,46346.42,0,13-24 months,2726.26,2,2,High,Low
CUST01957,Female,45,60,One Year,2059.9,Bank Transfer,Fiber,3,2,483.4,12,15,10,1,105054.9,0,49-72 months,1750.915,5,3,Medium,High
CUST01958,Male,19,36,Two Year,1934.84,Debit Card,DSL,5,1,29.82,8,10,8,0,62688.82,0,25-48 months,1741.356,6,1,Low,High
CUST01959,Male,55,61,One Year,4376.33,UPI,DSL,1,1,259.22,3,20,10,0,213564.9,0,49-72 months,3501.0640000000003,2,1,Low,High
CUST01960,Male,54,17,Monthly,1385.3,Credit Card,Unknown,2,0,455.7,11,10,8,3,72487.86,1,13-24 months,1246.77,2,3,Medium,High
CUST01961,Female,68,49,Monthly,1221.88,Bank Transfer,Unknown,1,0,237.57,13,0,8,2,59872.12,0,49-72 months,1221.88,1,2,Medium,High
CUST01962,Male,69,60,One Year,1459.3,UPI,Unknown,3,1,420.97,25,0,4,0,87558.0,0,49-72 months,1459.3,4,1,High,Medium
CUST01963,Female,21,20,Monthly,3312.6,Debit Card,Fiber,1,2,475.17,9,0,7,2,66252.0,1,13-24 months,3312.6,3,4,Low,Medium
CUST01964,Female,39,50,Monthly,4149.19,Debit Card,DSL,0,0,38.58,15,15,10,0,176340.58,0,49-72 months,3526.8114999999993,0,0,Medium,High
CUST01965,Male,43,3,Two Year,1989.4,UPI,DSL,0,2,246.96,12,15,8,3,5072.97,0,0-12 months,1690.99,2,5,Medium,High
CUST01966,Male,66,43,One Year,1280.58,Debit Card,Unknown,1,0,344.78,10,10,10,0,49558.45,0,25-48 months,1152.522,1,0,Low,High
CUST01967,Male,60,57,Monthly,1441.37,Credit Card,Unknown,3,1,416.93,27,5,5,2,78050.19,0,49-72 months,1369.3014999999998,4,3,High,Medium
CUST01968,Female,53,50,Monthly,3286.33,Cash,Fiber,1,2,85.76,21,0,9,0,164316.5,0,49-72 months,3286.33,3,2,High,High
CUST01969,Male,30,68,Monthly,1607.16,Debit Card,Fiber,0,1,285.56,4,0,9,1,109286.88,0,49-72 months,1607.16,1,2,Low,High
CUST01970,Male,69,50,One Year,4447.76,Bank Transfer,Fiber,3,0,85.65,7,0,3,1,222388.0,0,49-72 months,4447.76,3,1,Low,Low
CUST01971,Male,49,37,Two Year,967.51,Debit Card,DSL,2,2,378.92,29,15,3,1,30428.19,0,25-48 months,822.3835,4,3,High,Low
CUST01972,Male,34,46,One Year,645.66,Bank Transfer,DSL,1,1,145.9,9,0,8,1,29700.36,0,25-48 months,645.66,2,2,Low,High
CUST01973,Male,58,42,Monthly,897.7,Debit Card,DSL,3,1,138.06,6,15,7,2,32047.89,0,25-48 months,763.0450000000001,4,3,Low,Medium
CUST01974,Female,53,15,Monthly,4305.39,Debit Card,Fiber,0,0,386.05,7,15,9,1,54893.72,0,13-24 months,3659.5815000000002,0,1,Low,High
CUST01975,Female,63,33,Two Year,3430.53,Bank Transfer,DSL,2,1,421.79,17,0,2,1,113207.49,0,25-48 months,3430.53,3,2,Medium,Low
CUST01976,Male,36,11,Two Year,4809.85,Unknown,Unknown,0,0,174.95,4,15,2,0,44972.1,1,0-12 months,4088.3725000000004,0,0,Low,Low
CUST01977,Male,52,20,Monthly,2013.33,Cash,Fiber,1,2,253.05,2,15,7,0,34226.61,0,13-24 months,1711.3304999999998,3,2,Low,Medium
CUST01978,Male,63,24,Monthly,1457.05,Cash,DSL,4,1,348.26,17,10,8,1,31472.28,0,13-24 months,1311.345,5,2,Medium,High
CUST01979,Male,57,64,Monthly,3028.89,Credit Card,Fiber,2,2,373.86,29,5,3,0,184156.51,0,49-72 months,2877.4455,4,2,High,Low
CUST01980,Female,45,65,Two Year,2920.23,Debit Card,Fiber,0,1,386.21,27,10,1,1,72487.86,0,49-72 months,2628.207,1,2,High,Low
CUST01981,Male,18,17,One Year,3159.61,Cash,DSL,4,0,198.24,7,5,10,1,51027.7,0,13-24 months,3001.6295,4,1,Low,High
CUST01982,Female,59,61,One Year,2063.9,Credit Card,Fiber,1,3,270.49,11,5,7,1,119603.0,0,49-72 months,1960.705,4,4,Medium,Medium
CUST01983,Female,35,15,Monthly,526.54,Credit Card,DSL,3,0,59.23,26,20,6,1,6318.48,0,13-24 months,421.23199999999997,3,1,High,Medium
CUST01984,Male,65,51,Monthly,657.64,Cash,DSL,1,2,474.53,20,0,1,1,33539.64,0,49-72 months,657.64,3,3,Medium,Low
CUST01985,Female,57,27,Monthly,3487.22,Bank Transfer,Fiber,6,3,352.2,18,0,9,1,94154.94,0,25-48 months,3487.22,9,4,Medium,High
CUST01986,Female,50,61,Two Year,2854.66,UPI,Fiber,2,2,190.9,21,5,6,1,165427.55,0,49-72 months,2711.9269999999997,4,3,High,Medium
CUST01987,Female,29,58,Monthly,4194.55,Bank Transfer,Unknown,3,3,197.86,7,0,5,0,243283.9,0,49-72 months,4194.55,6,3,Low,Medium
CUST01988,Female,25,31,One Year,1851.84,Debit Card,Fiber,1,1,49.79,18,20,3,2,45925.63,0,25-48 months,1481.472,2,3,Medium,Low
CUST01989,Male,41,12,Monthly,4169.63,Bank Transfer,DSL,1,1,231.18,23,10,9,0,45032.0,0,0-12 months,3752.6670000000004,2,1,High,High
CUST01990,Male,33,46,Two Year,2414.71,UPI,Unknown,2,2,338.15,19,5,7,1,105522.83,0,25-48 months,2293.9745,4,3,Medium,Medium
CUST01991,Female,67,31,Two Year,935.14,UPI,Unknown,1,0,476.51,14,15,4,2,24640.94,0,25-48 months,794.8689999999999,1,2,Medium,Medium
CUST01992,Male,21,32,Monthly,4900.6,Credit Card,DSL,1,2,325.56,8,0,1,0,156819.2,0,25-48 months,4900.6,3,2,Low,Low
CUST01993,Male,55,32,Two Year,2803.71,Debit Card,Fiber,1,0,327.1,7,0,4,1,89718.72,0,25-48 months,2803.71,1,1,Low,Medium
CUST01994,Male,61,53,Monthly,3332.65,Credit Card,Fiber,6,2,394.27,1,20,3,0,141304.36,0,49-72 months,2666.1200000000003,8,2,Low,Low
CUST01995,Male,44,61,Monthly,3518.59,Unknown,Fiber,2,2,257.35,25,5,6,1,203902.29,0,49-72 months,3342.6605,4,3,High,Medium
CUST01996,Male,26,46,Monthly,2130.86,Bank Transfer,DSL,1,1,20.91,6,15,1,2,83316.63,1,25-48 months,1811.231,2,3,Low,Low
CUST01997,Female,64,7,Two Year,3863.88,Cash,Fiber,2,1,445.48,28,20,4,0,21637.73,1,0-12 months,3091.1040000000003,3,1,High,Medium
CUST01998,Male,33,4,Two Year,4416.2,Credit Card,Unknown,0,1,204.22,29,5,1,2,16781.56,0,0-12 months,4195.389999999999,1,3,High,Low
CUST01999,Male,29,52,Monthly,2242.34,Credit Card,DSL,2,3,492.41,4,5,1,0,110771.6,0,49-72 months,2130.223,5,3,Low,Low
CUST02000,Male,48,31,One Year,2706.835,Credit Card,Fiber,2,0,206.16,16,15,6,2,91078.78,0,25-48 months,2300.80975,2,2,Medium,Medium
CUST02001,Male,41,36,One Year,3907.06,Credit Card,Fiber,1,1,335.83,15,0,6,1,140654.16,0,25-48 months,3907.06,2,2,Medium,Medium
CUST02002,Female,31,54,Two Year,1355.57,UPI,DSL,1,0,232.64,22,5,9,1,69540.74,0,49-72 months,1287.7914999999998,1,1,High,High
CUST02003,Female,62,54,Monthly,1996.68,Cash,Fiber,3,3,120.05,18,0,7,1,107820.72,0,49-72 months,1996.68,6,4,Medium,Medium
CUST02004,Female,42,17,Monthly,989.58,Debit Card,DSL,1,3,465.73,18,10,6,3,15140.57,1,13-24 months,890.6220000000001,4,6,Medium,Medium
CUST02005,Female,51,30,One Year,3209.94,Debit Card,Unknown,3,1,315.46,8,0,3,2,96298.2,0,25-48 months,3209.94,4,3,Low,Low
CUST02006,Male,20,22,Monthly,4104.22,Debit Card,Unknown,3,0,228.01,10,5,3,0,85778.2,0,13-24 months,3899.009,3,0,Low,Low
CUST02007,Female,41,43,Monthly,3248.77,UPI,DSL,1,2,76.36,5,15,5,0,118742.54,0,25-48 months,2761.4545,3,2,Low,Medium
CUST02008,Male,59,27,One Year,1309.03,Cash,Unknown,3,0,499.56,7,15,6,0,30042.24,0,25-48 months,1112.6755,3,0,Low,Medium
CUST02009,Male,26,37,Monthly,2958.66,Cash,DSL,2,1,448.1,17,15,6,1,93049.86,0,25-48 months,2514.861,3,2,Medium,Medium
CUST02010,Male,43,46,Two Year,4257.2,UPI,Fiber,3,1,214.28,6,0,8,1,195831.2,0,25-48 months,4257.2,4,2,Low,High
CUST02011,Male,37,35,Monthly,1862.26,Credit Card,DSL,0,1,89.87,11,5,8,2,61920.14,0,25-48 months,1769.147,1,3,Medium,High
CUST02012,Male,57,4,Two Year,4246.93,Bank Transfer,Fiber,2,0,19.69,27,10,1,1,15288.95,0,0-12 months,3822.2370000000005,2,1,High,Low
CUST02013,Female,27,26,Monthly,4030.8,Credit Card,Fiber,3,0,80.16,10,0,3,3,104800.8,0,25-48 months,4030.8,3,3,Low,Low
CUST02014,Female,36,19,Monthly,597.83,Debit Card,DSL,4,0,269.54,7,0,5,0,11358.77,0,13-24 months,597.83,4,0,Low,Medium
CUST02015,Female,20,45,Monthly,1577.55,Credit Card,Unknown,1,1,408.82,26,0,9,0,70989.75,0,25-48 months,1577.55,2,1,High,High
CUST02016,Female,41,26,One Year,2943.24,UPI,DSL,1,1,184.94,7,0,4,4,76524.24,0,25-48 months,2943.24,2,5,Low,Medium
CUST02017,Male,22,22,One Year,3729.28,Debit Card,Fiber,1,2,219.82,10,15,5,1,69737.54,0,13-24 months,3169.888,3,3,Low,Medium
CUST02018,Female,20,58,Monthly,4462.39,Bank Transfer,DSL,6,1,239.27,13,5,1,1,245877.69,0,49-72 months,4239.2705000000005,7,2,Medium,Low
CUST02019,Male,44,63,Monthly,3384.69,Debit Card,Fiber,2,3,13.7,3,15,7,2,181250.15,0,49-72 months,2876.9865,5,5,Low,Medium
CUST02020,Female,33,28,One Year,2211.55,Credit Card,Fiber,3,2,92.64,28,0,2,2,61923.4,0,25-48 months,2211.55,5,4,High,Low
CUST02021,Male,66,65,Monthly,1330.82,Cash,Unknown,1,0,252.95,25,0,1,0,86503.3,0,49-72 months,1330.82,1,0,High,Low
CUST02022,Male,32,44,One Year,3920.16,Cash,Fiber,0,3,143.3,28,15,2,0,146613.98,0,25-48 months,3332.136,3,3,High,Low
CUST02023,Female,52,43,Monthly,1430.52,Cash,Fiber,1,3,264.04,9,5,8,1,58436.74,0,25-48 months,1358.994,4,4,Low,High
CUST02024,Male,29,37,One Year,3629.44,Debit Card,DSL,3,0,58.51,5,5,1,1,127574.82,0,25-48 months,3447.968,3,1,Low,Low
CUST02025,Male,58,66,One Year,1315.45,Cash,Fiber,1,0,402.39,25,5,1,1,82478.72,0,49-72 months,1249.6775,1,1,High,Low
CUST02026,Female,70,17,Two Year,909.74,UPI,DSL,2,3,392.95,16,5,1,1,14692.3,0,13-24 months,864.2529999999999,5,4,Medium,Low
CUST02027,Male,61,40,One Year,1629.95,Bank Transfer,DSL,4,1,336.58,29,15,2,0,55418.3,0,25-48 months,1385.4575,5,1,High,Low
CUST02028,Female,43,38,Monthly,1782.18,Cash,DSL,2,0,268.06,11,5,1,2,64336.7,0,25-48 months,1693.071,2,2,Medium,Low
CUST02029,Female,64,61,Monthly,3412.44,UPI,Fiber,1,1,197.99,23,20,2,1,166527.07,0,49-72 months,2729.952,2,2,High,Low
CUST02030,Female,51,9,One Year,1223.98,UPI,Fiber,5,0,342.91,23,15,7,0,9363.45,0,0-12 months,1040.383,5,0,High,Medium
CUST02031,Male,40,61,Monthly,4686.38,Debit Card,Fiber,1,2,392.0,25,10,1,0,257282.26,0,49-72 months,4217.742,3,2,High,Low
CUST02032,Male,48,16,Two Year,2994.63,Debit Card,DSL,1,2,405.25,18,10,10,0,43122.67,0,13-24 months,2695.1670000000004,3,2,Medium,High
CUST02033,Male,67,2,One Year,2706.835,Bank Transfer,Fiber,5,1,177.05,26,15,2,1,4605.62,1,0-12 months,2300.80975,6,2,High,Low
CUST02034,Female,37,72,Monthly,2456.13,Bank Transfer,Fiber,1,1,101.0,15,15,3,2,150315.16,0,49-72 months,2087.7105,2,3,Medium,Low
CUST02035,Male,29,43,Monthly,3049.71,Credit Card,Unknown,0,1,174.21,5,0,2,0,131137.53,1,25-48 months,3049.71,1,1,Low,Low
CUST02036,Female,40,42,Monthly,601.01,Bank Transfer,Fiber,0,2,8.82,8,5,3,0,23980.3,0,25-48 months,570.9594999999999,2,2,Low,Low
CUST02037,Female,21,57,Monthly,4955.39,Debit Card,DSL,0,0,214.5,8,15,7,2,240088.65,1,49-72 months,4212.0815,0,2,Low,Medium
CUST02038,Male,40,67,Monthly,3008.86,UPI,DSL,1,2,140.37,19,0,2,0,201593.62,0,49-72 months,3008.86,3,2,Medium,Low
CUST02039,Female,65,30,One Year,658.38,Credit Card,Unknown,2,0,396.07,5,5,3,3,18763.83,0,25-48 months,625.461,2,3,Low,Low
CUST02040,Male,65,13,Monthly,3154.9,Bank Transfer,Unknown,2,0,339.03,28,10,6,1,36912.33,1,13-24 months,2839.4100000000003,2,1,High,Medium
CUST02041,Male,18,19,Monthly,2466.85,UPI,DSL,1,0,17.86,4,0,4,1,46870.15,0,13-24 months,2466.85,1,1,Low,Medium
CUST02042,Male,42,7,Monthly,608.17,Debit Card,DSL,1,2,76.42,20,5,1,2,4044.33,1,0-12 months,577.7615,3,4,Medium,Low
CUST02043,Male,19,9,Monthly,4659.93,Cash,DSL,1,1,273.38,18,15,8,1,35648.46,0,0-12 months,3960.9405,2,2,Medium,High
CUST02044,Male,47,54,Monthly,547.55,Credit Card,Fiber,1,1,310.96,22,5,7,1,28089.31,0,49-72 months,520.1724999999999,2,2,High,Medium
CUST02045,Female,20,61,One Year,3100.42,UPI,Fiber,1,0,385.6,12,10,8,1,170213.06,0,49-72 months,2790.378,1,1,Medium,High
CUST02046,Female,38,2,Monthly,4828.06,Debit Card,Fiber,1,0,484.3,1,5,9,2,9173.31,0,0-12 months,4586.657,1,2,Low,High
CUST02047,Female,42,50,One Year,1569.22,Debit Card,Fiber,1,0,352.45,8,15,9,2,66691.85,0,49-72 months,1333.837,1,2,Low,High
CUST02048,Male,37,31,One Year,1643.81,Credit Card,DSL,1,1,274.72,28,5,3,2,48410.2,0,25-48 months,1561.6194999999998,2,3,High,Low
CUST02049,Male,66,33,Two Year,501.9,Credit Card,Unknown,1,0,210.14,26,5,9,0,15734.56,0,25-48 months,476.80499999999995,1,0,High,High
CUST02050,Male,69,11,Monthly,798.58,Bank Transfer,Unknown,1,2,370.41,9,0,6,0,8784.38,1,0-12 months,798.58,3,2,Low,Medium
CUST02051,Female,39,33,Monthly,702.0,Bank Transfer,Fiber,3,0,467.7,27,0,10,1,23166.0,0,25-48 months,702.0,3,1,High,High
CUST02052,Male,38,7,Monthly,4201.95,Credit Card,Fiber,2,0,214.34,21,10,10,1,26472.28,1,0-12 months,3781.755,2,1,High,High
CUST02053,Female,50,31,Monthly,4265.32,Credit Card,DSL,1,0,294.39,13,0,2,0,132224.92,0,25-48 months,4265.32,1,0,Medium,Low
CUST02054,Female,69,48,Two Year,3770.15,UPI,Fiber,1,1,107.48,22,10,1,1,162870.48,1,25-48 months,3393.135,2,2,High,Low
CUST02055,Male,55,47,One Year,2087.35,Bank Transfer,DSL,1,1,429.45,1,0,4,0,98105.45,0,25-48 months,2087.35,2,1,Low,Medium
CUST02056,Male,32,53,One Year,4195.65,Debit Card,DSL,2,0,358.2,6,5,9,2,211250.98,0,49-72 months,3985.8674999999994,2,2,Low,High
CUST02057,Female,63,19,Monthly,2928.99,Bank Transfer,DSL,1,1,180.58,1,5,2,1,52868.27,1,13-24 months,2782.5404999999996,2,2,Low,Low
CUST02058,Male,69,6,One Year,1869.4,Bank Transfer,Fiber,3,0,437.65,14,0,1,2,11216.4,0,0-12 months,1869.4,3,2,Medium,Low
CUST02059,Female,32,49,Monthly,2467.75,Credit Card,Fiber,3,1,485.57,5,10,2,4,108827.78,1,49-72 months,2220.975,4,5,Low,Low
CUST02060,Male,63,50,One Year,795.95,Credit Card,Fiber,3,0,147.82,13,0,7,2,39797.5,0,49-72 months,795.95,3,2,Medium,Medium
CUST02061,Male,42,12,One Year,4752.09,Bank Transfer,DSL,1,3,97.38,25,0,5,2,57025.08,0,0-12 months,4752.09,4,5,High,Medium
CUST02062,Female,38,23,Monthly,3286.02,Cash,Unknown,3,1,416.79,5,5,5,2,71799.54,1,13-24 months,3121.719,4,3,Low,Medium
CUST02063,Male,41,54,Monthly,3790.55,Cash,Fiber,0,0,293.3,15,10,10,0,184220.73,0,49-72 months,3411.4950000000003,0,0,Medium,High
CUST02064,Female,22,69,Two Year,3544.63,Bank Transfer,Fiber,0,0,442.76,30,20,4,1,72487.86,0,49-72 months,2835.704,0,1,High,Medium
CUST02065,Male,23,59,Monthly,3504.87,Cash,DSL,1,3,177.02,3,10,1,1,186108.6,0,49-72 months,3154.383,4,4,Low,Low
CUST02066,Female,66,36,Monthly,577.67,Bank Transfer,Fiber,0,0,292.72,28,5,8,0,19756.31,0,25-48 months,548.7864999999999,0,0,High,High
CUST02067,Female,60,3,Monthly,2864.17,Credit Card,Unknown,2,3,290.72,30,0,1,0,8592.51,1,0-12 months,2864.17,5,3,High,Low
CUST02068,Male,65,58,Monthly,4197.7,Credit Card,Fiber,2,2,98.17,4,0,10,0,243466.6,0,49-72 months,4197.7,4,2,Low,High
CUST02069,Female,61,55,One Year,700.33,Credit Card,Unknown,4,0,496.01,3,0,3,1,72487.86,0,49-72 months,700.33,4,1,Low,Low
CUST02070,Male,64,57,One Year,4802.75,Debit Card,Unknown,2,0,333.71,20,0,2,2,273756.75,1,49-72 months,4802.75,2,2,Medium,Low
CUST02071,Male,40,17,One Year,2408.72,Credit Card,Unknown,4,1,333.75,12,0,2,1,40948.24,0,13-24 months,2408.72,5,2,Medium,Low
CUST02072,Male,21,39,Monthly,1804.53,Credit Card,Fiber,2,3,151.95,28,0,9,2,70376.67,0,25-48 months,1804.53,5,5,High,High
CUST02073,Female,44,68,One Year,2893.2,Bank Transfer,Fiber,3,2,326.94,26,0,9,3,196737.6,0,49-72 months,2893.2,5,5,High,High
CUST02074,Female,35,55,Two Year,4105.46,Cash,DSL,2,2,417.32,14,0,5,0,225800.3,0,49-72 months,4105.46,4,2,Medium,Medium
CUST02075,Male,38,45,Monthly,2636.4,Cash,DSL,2,1,407.68,6,0,2,2,118638.0,0,25-48 months,2636.4,3,3,Low,Low
CUST02076,Male,45,1,Monthly,3402.98,Credit Card,DSL,1,3,460.26,19,5,10,1,3232.83,0,0-12 months,3232.8309999999997,4,4,Medium,High
CUST02077,Female,52,21,Two Year,2749.61,Credit Card,Fiber,2,1,78.6,30,15,7,2,49080.54,0,13-24 months,2337.1685,3,3,High,Medium
CUST02078,Male,39,21,Monthly,3340.73,Credit Card,Fiber,1,2,95.5,5,20,8,0,56124.26,0,13-24 months,2672.5840000000003,3,2,Low,High
CUST02079,Male,57,52,Monthly,1121.14,Bank Transfer,Unknown,2,0,356.53,23,5,9,1,55384.32,1,49-72 months,1065.083,2,1,High,High
CUST02080,Female,40,43,Monthly,673.99,Bank Transfer,Fiber,3,0,404.83,17,15,4,3,24634.33,1,25-48 months,572.8915,3,3,Medium,Medium
CUST02081,Male,20,52,Monthly,2706.835,Bank Transfer,Fiber,3,0,338.78,19,10,1,0,52231.61,0,49-72 months,2436.1515,3,0,Medium,Low
CUST02082,Female,57,67,Monthly,1786.27,Cash,Fiber,4,0,75.71,27,5,7,1,113696.09,0,49-72 months,1696.9565,4,1,High,Medium
CUST02083,Male,67,44,Monthly,1640.1,Debit Card,DSL,2,3,299.5,22,0,7,1,72164.4,0,25-48 months,1640.1,5,4,High,Medium
CUST02084,Female,27,32,One Year,3268.29,Cash,Fiber,1,3,375.45,26,0,1,0,104585.28,1,25-48 months,3268.29,4,3,High,Low
CUST02085,Male,42,10,Monthly,2551.5,Bank Transfer,DSL,1,2,72.81,18,0,4,2,25515.0,1,0-12 months,2551.5,3,4,Medium,Medium
CUST02086,Male,69,64,Two Year,674.65,UPI,Fiber,2,1,32.64,24,0,4,0,43177.6,0,49-72 months,674.65,3,1,High,Medium
CUST02087,Female,66,69,Monthly,656.9,Debit Card,Fiber,3,1,131.13,23,0,1,0,45326.1,0,49-72 months,656.9,4,1,High,Low
CUST02088,Male,25,68,Two Year,907.65,Credit Card,DSL,3,4,49.92,12,0,7,0,72487.86,0,49-72 months,907.65,7,4,Medium,Medium
CUST02089,Female,28,28,Two Year,2088.87,Cash,Fiber,2,3,78.53,18,5,3,2,55563.94,1,25-48 months,1984.4264999999998,5,5,Medium,Low
CUST02090,Male,22,53,One Year,527.82,Debit Card,Fiber,3,1,105.67,5,5,1,0,26575.74,0,49-72 months,501.42900000000003,4,1,Low,Low
CUST02091,Female,62,51,Two Year,2722.94,UPI,DSL,1,1,267.69,13,0,7,1,138869.94,0,49-72 months,2722.94,2,2,Medium,Medium
CUST02092,Female,70,53,One Year,2123.01,Debit Card,Fiber,5,0,82.15,4,10,3,3,101267.58,0,49-72 months,1910.7090000000003,5,3,Low,Low
CUST02093,Female,54,4,Two Year,2999.49,Cash,Fiber,2,0,304.32,18,5,3,2,11398.06,0,0-12 months,2849.5154999999995,2,2,Medium,Low
CUST02094,Female,62,17,Monthly,3743.71,Bank Transfer,Unknown,3,2,148.88,20,0,3,1,63643.07,1,13-24 months,3743.71,5,3,Medium,Low
CUST02095,Male,55,67,Monthly,1629.38,Credit Card,Unknown,4,2,158.72,9,10,4,1,98251.61,1,49-72 months,1466.4420000000002,6,3,Low,Medium
CUST02096,Male,46,47,One Year,1206.88,Bank Transfer,Fiber,1,0,483.86,26,20,5,1,45378.69,0,25-48 months,965.5040000000001,1,1,High,Medium
CUST02097,Female,22,56,Monthly,1751.24,Bank Transfer,Fiber,0,1,403.55,2,15,1,0,83359.02,0,49-72 months,1488.5539999999999,1,1,Low,Low
CUST02098,Female,26,23,Two Year,507.93,Cash,Fiber,5,1,214.95,26,5,3,1,11098.27,0,13-24 months,482.5335,6,2,High,Low
CUST02099,Female,65,18,Two Year,1040.06,Bank Transfer,Unknown,2,0,226.49,10,5,1,0,17785.03,1,13-24 months,988.0569999999999,2,0,Low,Low
CUST02100,Male,19,1,Monthly,3878.74,Bank Transfer,DSL,2,0,61.82,13,0,3,1,3878.74,1,0-12 months,3878.74,2,1,Medium,Low
CUST02101,Male,18,35,Two Year,1502.63,Cash,Fiber,1,2,423.05,6,10,3,0,47332.84,0,25-48 months,1352.3670000000002,3,2,Low,Low
CUST02102,Male,57,64,Monthly,4974.35,Cash,Unknown,1,2,6.97,20,0,4,2,318358.4,0,49-72 months,4974.35,3,4,Medium,Medium
CUST02103,Male,68,58,Monthly,1255.24,UPI,DSL,3,1,76.52,8,10,10,1,72487.86,0,49-72 months,1129.7160000000001,4,2,Low,High
CUST02104,Female,47,59,Monthly,4049.47,Bank Transfer,Fiber,1,1,269.36,13,10,1,0,215026.86,0,49-72 months,3644.5229999999997,2,1,Medium,Low
CUST02105,Female,28,1,Monthly,3672.7,Debit Card,Fiber,0,1,98.27,4,15,5,2,3121.79,1,0-12 months,3121.7949999999996,1,3,Low,Medium
CUST02106,Female,45,3,One Year,1949.59,Credit Card,Fiber,0,1,318.23,25,5,4,1,5556.33,0,0-12 months,1852.1104999999998,1,2,High,Medium
CUST02107,Male,61,67,One Year,1988.33,Credit Card,Unknown,3,2,6.8,26,15,5,0,113235.39,0,49-72 months,1690.0804999999998,5,2,High,Medium
CUST02108,Male,29,37,Monthly,3035.98,Cash,DSL,1,1,53.71,19,10,6,1,101098.13,0,25-48 months,2732.382,2,2,Medium,Medium
CUST02109,Male,56,29,One Year,4335.68,Cash,Fiber,1,0,383.52,7,5,3,0,119447.98,0,25-48 months,4118.896,1,0,Low,Low
CUST02110,Female,43,33,One Year,2237.84,UPI,DSL,2,1,290.38,15,0,3,1,73848.72,0,25-48 months,2237.84,3,2,Medium,Low
CUST02111,Female,30,61,Monthly,775.31,Bank Transfer,DSL,2,1,14.63,5,0,5,0,47293.91,0,49-72 months,775.31,3,1,Low,Medium
CUST02112,Male,25,4,Monthly,2184.89,Cash,Fiber,4,1,106.88,30,15,5,0,7428.63,1,0-12 months,1857.1564999999998,5,1,High,Medium
CUST02113,Female,45,14,Two Year,1432.91,Cash,Fiber,2,0,123.29,27,5,9,1,19057.7,1,13-24 months,1361.2645,2,1,High,High
CUST02114,Male,47,33,Two Year,4726.43,Credit Card,DSL,3,2,425.28,17,10,7,0,140374.97,0,25-48 months,4253.787,5,2,Medium,Medium
CUST02115,Male,26,22,Monthly,3637.73,Bank Transfer,Fiber,1,1,293.36,19,15,6,1,68025.55,0,13-24 months,3092.0705,2,2,Medium,Medium
CUST02116,Female,56,48,Monthly,728.75,UPI,Fiber,2,1,273.01,25,10,2,1,31482.0,0,25-48 months,655.875,3,2,High,Low
CUST02117,Male,48,3,Two Year,1818.45,Cash,Fiber,2,0,47.92,29,15,9,1,4637.05,0,0-12 months,1545.6825,2,1,High,High
CUST02118,Female,38,23,One Year,725.97,Cash,Fiber,2,1,330.19,25,0,10,2,16697.31,0,13-24 months,725.97,3,3,High,High
CUST02119,Male,64,68,Monthly,4235.08,Cash,DSL,3,1,82.17,21,15,3,0,244787.62,1,49-72 months,3599.8179999999998,4,1,High,Low
CUST02120,Female,51,21,One Year,4578.33,Credit Card,Fiber,2,1,263.26,30,15,7,0,81723.19,0,13-24 months,3891.5805,3,1,High,Medium
CUST02121,Female,48,43,Monthly,1005.26,Cash,DSL,3,0,298.35,5,15,8,1,36742.25,0,25-48 months,854.471,3,1,Low,High
CUST02122,Female,69,26,One Year,2481.31,Cash,Fiber,2,2,421.73,11,10,9,1,58062.65,0,25-48 months,2233.179,4,3,Medium,High
CUST02123,Male,42,41,Monthly,4693.47,Credit Card,DSL,0,1,404.19,4,0,5,1,192432.27,0,25-48 months,4693.47,1,2,Low,Medium
CUST02124,Male,29,38,Monthly,1153.45,Cash,Fiber,1,0,99.1,14,0,6,2,43831.1,0,25-48 months,1153.45,1,2,Medium,Medium
CUST02125,Female,18,11,Monthly,1813.57,Bank Transfer,DSL,4,1,458.51,4,0,6,1,19949.27,0,0-12 months,1813.57,5,2,Low,Medium
CUST02126,Female,39,29,Two Year,1869.24,Bank Transfer,DSL,1,1,6.36,4,5,5,2,51497.56,0,25-48 months,1775.778,2,3,Low,Medium
CUST02127,Male,57,60,One Year,635.26,Credit Card,DSL,7,0,168.41,2,5,7,1,36209.82,0,49-72 months,603.497,7,1,Low,Medium
CUST02128,Male,54,67,One Year,663.23,Bank Transfer,DSL,3,0,37.85,7,10,1,1,39992.77,0,49-72 months,596.907,3,1,Low,Low
CUST02129,Male,64,65,One Year,4787.57,UPI,Fiber,2,1,361.88,19,5,5,3,295632.45,0,49-72 months,4548.1915,3,4,Medium,Medium
CUST02130,Female,18,61,Monthly,3069.92,Cash,Unknown,2,2,252.61,1,0,10,1,187265.12,0,49-72 months,3069.92,4,3,Low,High
CUST02131,Male,18,19,Two Year,1879.92,UPI,DSL,1,1,91.6,12,0,6,0,35718.48,0,13-24 months,1879.92,2,1,Medium,Medium
CUST02132,Male,59,46,Monthly,2204.04,Unknown,DSL,4,0,47.14,27,0,3,0,101385.84,0,25-48 months,2204.04,4,0,High,Low
CUST02133,Female,59,49,Two Year,3716.79,Credit Card,Unknown,1,2,116.91,26,0,2,2,182122.71,0,49-72 months,3716.79,3,4,High,Low
CUST02134,Male,38,22,Monthly,2706.835,Credit Card,Fiber,3,1,460.77,19,10,4,1,42556.73,0,13-24 months,2436.1515,4,2,Medium,Medium
CUST02135,Male,32,57,Monthly,1524.92,UPI,Fiber,2,3,340.44,25,0,3,3,86920.44,1,49-72 months,1524.92,5,6,High,Low
CUST02136,Male,34,14,Monthly,958.27,Bank Transfer,DSL,0,1,124.91,12,0,6,0,13415.78,1,13-24 months,958.27,1,1,Medium,Medium
CUST02137,Female,39,44,One Year,3780.2,Cash,Unknown,0,1,447.4,9,10,6,1,149695.92,0,25-48 months,3402.18,1,2,Low,Medium
CUST02138,Female,55,16,Two Year,1312.54,Bank Transfer,Fiber,1,2,72.56,26,15,4,1,17850.54,0,13-24 months,1115.6589999999999,3,3,High,Medium
CUST02139,Female,52,12,One Year,813.42,Bank Transfer,DSL,4,1,345.78,7,0,4,0,9761.04,0,0-12 months,813.42,5,1,Low,Medium
CUST02140,Female,62,55,Monthly,2421.3,Credit Card,DSL,0,1,215.3,1,20,10,1,106537.2,0,49-72 months,1937.0400000000002,1,2,Low,High
CUST02141,Female,33,51,Two Year,678.07,Debit Card,Unknown,4,0,137.82,6,20,10,0,27665.26,0,49-72 months,542.456,4,0,Low,High
CUST02142,Female,25,39,Monthly,4842.49,Cash,Fiber,2,1,134.84,10,5,10,2,179414.25,0,25-48 months,4600.3655,3,3,Low,High
CUST02143,Female,64,33,Two Year,3322.82,Cash,Fiber,1,0,252.9,1,0,2,1,109653.06,1,25-48 months,3322.82,1,1,Low,Low
CUST02144,Male,34,33,One Year,1187.14,Credit Card,Fiber,3,1,466.09,18,0,7,1,39175.62,0,25-48 months,1187.14,4,2,Medium,Medium
CUST02145,Male,34,29,Monthly,1276.04,Bank Transfer,DSL,4,5,372.45,3,15,9,1,31454.39,0,25-48 months,1084.634,9,6,Low,High
CUST02146,Female,43,69,Monthly,3064.23,Credit Card,Unknown,1,2,332.75,11,10,9,1,190288.68,0,49-72 months,2757.8070000000002,3,3,Medium,High
CUST02147,Male,30,70,Monthly,2104.55,Bank Transfer,DSL,0,1,438.38,27,10,10,1,132586.65,0,49-72 months,1894.0950000000003,1,2,High,High
CUST02148,Male,34,31,Monthly,3984.2,Debit Card,Unknown,2,3,287.32,14,15,2,1,104983.67,1,25-48 months,3386.5699999999997,5,4,Medium,Low
CUST02149,Female,55,31,Monthly,2956.13,Debit Card,DSL,4,1,100.01,6,5,9,0,87058.03,0,25-48 months,2808.3235,5,1,Low,High
CUST02150,Male,34,46,Monthly,2450.0,UPI,DSL,2,0,488.7,11,5,5,1,107065.0,1,25-48 months,2327.5,2,1,Medium,Medium
CUST02151,Male,65,52,Monthly,4833.41,Bank Transfer,Fiber,3,2,269.7,7,10,6,0,226203.59,0,49-72 months,4350.069,5,2,Low,Medium
CUST02152,Male,31,10,One Year,2258.28,Credit Card,Fiber,2,2,161.07,8,0,1,4,22582.8,0,0-12 months,2258.28,4,6,Low,Low
CUST02153,Male,62,41,Two Year,2302.75,Credit Card,Fiber,3,0,390.19,25,0,7,0,94412.75,0,25-48 months,2302.75,3,0,High,Medium
CUST02154,Male,23,3,Monthly,3495.98,Credit Card,Fiber,1,1,234.68,23,5,8,2,9963.54,0,0-12 months,3321.181,2,3,High,High
CUST02155,Female,52,59,Monthly,4142.65,UPI,Fiber,2,0,11.17,22,15,5,2,207753.9,0,49-72 months,3521.2524999999996,2,2,High,Medium
CUST02156,Female,63,52,Monthly,3317.97,Cash,Fiber,3,0,163.37,5,10,6,1,155281.0,0,49-72 months,2986.173,3,1,Low,Medium
CUST02157,Female,31,34,Monthly,3643.75,Credit Card,Fiber,2,0,231.31,26,0,4,1,123887.5,0,25-48 months,3643.75,2,1,High,Medium
CUST02158,Male,64,49,Two Year,2178.19,Debit Card,DSL,5,1,189.45,18,0,3,0,106731.31,0,49-72 months,2178.19,6,1,Medium,Low
CUST02159,Female,25,28,One Year,2657.74,Credit Card,Fiber,1,0,278.11,15,5,3,0,70695.88,1,25-48 months,2524.8529999999996,1,0,Medium,Low
CUST02160,Male,32,13,Two Year,1386.66,Credit Card,DSL,2,0,95.76,24,10,2,2,16223.92,0,13-24 months,1247.9940000000001,2,2,High,Low
CUST02161,Male,44,69,Monthly,3561.11,Credit Card,DSL,4,1,288.36,21,10,10,3,221144.93,0,49-72 months,3204.9990000000003,5,4,High,High
CUST02162,Male,30,67,One Year,1496.53,Cash,DSL,3,1,493.33,26,0,6,0,100267.51,0,49-72 months,1496.53,4,1,High,Medium
CUST02163,Male,66,61,Monthly,505.66,Credit Card,DSL,1,0,378.14,18,0,9,1,30845.26,0,49-72 months,505.66,1,1,Medium,High
CUST02164,Female,48,60,Two Year,4701.93,Cash,DSL,2,1,343.85,3,15,3,0,239798.43,0,49-72 months,3996.6405,3,1,Low,Low
CUST02165,Female,70,71,Two Year,1877.07,Cash,Unknown,1,2,104.3,10,5,1,1,126608.37,0,49-72 months,1783.2164999999998,3,3,Low,Low
CUST02166,Male,52,24,One Year,1384.84,UPI,Fiber,2,0,292.98,26,0,10,2,33236.16,0,13-24 months,1384.84,2,2,High,High
CUST02167,Female,23,63,Two Year,1706.66,Debit Card,Fiber,4,0,410.74,28,10,1,2,96767.62,0,49-72 months,1535.9940000000001,4,2,High,Low
CUST02168,Male,22,61,Monthly,1987.01,Credit Card,Fiber,3,0,124.12,15,5,4,1,115147.23,0,49-72 months,1887.6595,3,1,Medium,Medium
CUST02169,Female,39,23,Two Year,2635.46,Credit Card,DSL,5,0,47.96,23,0,1,1,72487.86,0,13-24 months,2635.46,5,1,High,Low
CUST02170,Female,66,30,Monthly,812.08,Credit Card,Fiber,3,0,332.57,26,5,10,1,23144.28,0,25-48 months,771.476,3,1,High,High
CUST02171,Male,40,60,Monthly,737.03,Cash,Fiber,5,1,338.43,8,0,2,1,44221.8,0,49-72 months,737.03,6,2,Low,Low
CUST02172,Female,42,18,Monthly,1818.1,Bank Transfer,Fiber,5,0,403.17,21,0,4,2,32725.8,0,13-24 months,1818.1,5,2,High,Medium
CUST02173,Male,51,56,Two Year,1830.95,Debit Card,DSL,1,1,316.63,26,5,4,1,97406.54,1,49-72 months,1739.4025,2,2,High,Medium
CUST02174,Female,43,53,Two Year,1029.41,Credit Card,DSL,0,1,424.79,8,5,8,2,51830.79,0,49-72 months,977.9395000000001,1,3,Low,High
CUST02175,Male,64,7,Two Year,2321.56,Bank Transfer,Fiber,1,2,136.72,29,10,4,2,14625.83,1,0-12 months,2089.404,3,4,High,Medium
CUST02176,Male,22,69,Two Year,1778.13,Bank Transfer,Fiber,2,0,22.47,14,5,3,0,116556.42,0,49-72 months,1689.2235,2,0,Medium,Low
CUST02177,Female,43,72,Monthly,617.25,Bank Transfer,Unknown,4,1,367.73,10,5,4,0,42219.9,0,49-72 months,586.3874999999999,5,1,Low,Medium
CUST02178,Female,37,52,Two Year,4485.74,Debit Card,DSL,2,1,196.04,13,20,5,0,186606.78,0,49-72 months,3588.592,3,1,Medium,Medium
CUST02179,Male,23,4,Two Year,4487.09,Bank Transfer,Fiber,3,1,108.77,10,15,5,0,15256.11,1,0-12 months,3814.0265,4,1,Low,Medium
CUST02180,Female,23,34,Monthly,1441.32,Credit Card,Unknown,3,0,30.56,6,0,4,0,49004.88,1,25-48 months,1441.32,3,0,Low,Medium
CUST02181,Female,67,69,Monthly,1232.93,Credit Card,Fiber,0,1,378.91,18,0,10,1,85072.17,0,49-72 months,1232.93,1,2,Medium,High
CUST02182,Male,35,33,One Year,2962.82,UPI,Fiber,2,0,414.03,16,10,2,2,87995.75,0,25-48 months,2666.538,2,2,Medium,Low
CUST02183,Male,21,69,Two Year,3338.39,Cash,Fiber,2,0,197.57,28,5,3,0,218831.46,0,49-72 months,3171.4705,2,0,High,Low
CUST02184,Female,34,38,Two Year,4808.94,Bank Transfer,Unknown,0,0,443.12,30,5,10,0,173602.73,0,25-48 months,4568.4929999999995,0,0,High,High
CUST02185,Male,31,26,Two Year,2198.07,Cash,Fiber,2,0,210.7,28,0,10,2,57149.82,0,25-48 months,2198.07,2,2,High,High
CUST02186,Male,31,1,Two Year,3281.9,Cash,Fiber,1,0,476.02,18,5,3,1,3117.8,1,0-12 months,3117.805,1,1,Medium,Low
CUST02187,Male,30,4,Two Year,4451.81,Cash,Unknown,1,2,491.69,24,10,5,4,16026.52,0,0-12 months,4006.6290000000004,3,6,High,Medium
CUST02188,Female,24,39,One Year,2524.79,Cash,DSL,1,2,409.73,20,10,2,0,88620.13,0,25-48 months,2272.311,3,2,Medium,Low
CUST02189,Female,61,54,One Year,1050.56,Cash,DSL,1,1,131.84,24,0,2,1,56730.24,0,49-72 months,1050.56,2,2,High,Low
CUST02190,Male,32,33,Monthly,2198.51,Credit Card,Fiber,2,2,186.33,25,5,10,2,68923.29,0,25-48 months,2088.5845,4,4,High,High
CUST02191,Female,36,33,One Year,1114.55,Debit Card,Fiber,1,1,268.66,6,5,2,0,34941.14,0,25-48 months,1058.8225,2,1,Low,Low
CUST02192,Male,60,72,Monthly,574.88,Bank Transfer,Unknown,1,0,167.7,9,5,6,1,39321.79,0,49-72 months,546.136,1,1,Low,Medium
CUST02193,Female,64,20,Two Year,3881.99,Bank Transfer,DSL,0,0,410.37,16,5,8,1,73757.81,0,13-24 months,3687.8904999999995,0,1,Medium,High
CUST02194,Male,61,16,Monthly,1572.91,Credit Card,DSL,0,1,464.14,6,5,10,1,23908.23,0,13-24 months,1494.2645,1,2,Low,High
CUST02195,Male,52,21,Monthly,509.03,Credit Card,Unknown,1,0,492.96,11,15,6,1,9086.19,0,13-24 months,432.67549999999994,1,1,Medium,Medium
CUST02196,Female,34,45,Monthly,4425.95,Cash,DSL,4,1,171.47,30,5,4,1,189209.36,1,25-48 months,4204.652499999999,5,2,High,Medium
CUST02197,Male,52,62,One Year,2497.05,Debit Card,Fiber,4,2,138.77,3,5,8,0,147076.24,0,49-72 months,2372.1975,6,2,Low,High
CUST02198,Female,36,31,Monthly,1574.87,Bank Transfer,Fiber,3,0,84.73,8,10,4,0,43938.87,0,25-48 months,1417.383,3,0,Low,Medium
CUST02199,Female,37,42,Monthly,1682.55,UPI,Fiber,4,0,28.49,1,15,9,2,60067.03,0,25-48 months,1430.1675,4,2,Low,High
CUST02200,Male,53,12,Monthly,1582.42,Credit Card,Fiber,2,1,92.62,22,10,8,2,17090.14,0,0-12 months,1424.178,3,3,High,High
CUST02201,Male,52,65,Monthly,1375.5,UPI,Unknown,0,2,145.83,15,0,4,3,89407.5,0,49-72 months,1375.5,2,5,Medium,Medium
CUST02202,Female,49,3,Monthly,4285.52,Bank Transfer,Fiber,2,2,198.58,15,5,7,1,12213.73,0,0-12 months,4071.244,4,3,Medium,Medium
CUST02203,Male,65,9,Monthly,1266.49,Credit Card,Unknown,0,1,59.31,19,10,10,0,10258.57,0,0-12 months,1139.8410000000001,1,1,Medium,High
CUST02204,Male,61,51,Monthly,3028.35,Bank Transfer,DSL,2,3,411.02,26,0,9,0,154445.85,0,49-72 months,3028.35,5,3,High,High
CUST02205,Male,57,16,Monthly,847.94,Credit Card,Unknown,2,0,311.42,10,0,6,2,13567.04,0,13-24 months,847.94,2,2,Low,Medium
CUST02206,Male,41,3,Monthly,2706.835,Bank Transfer,Unknown,1,4,283.5,19,0,1,0,14318.55,1,0-12 months,2706.835,5,4,Medium,Low
CUST02207,Male,34,24,Monthly,3214.91,UPI,DSL,3,2,274.91,9,0,6,0,77157.84,0,13-24 months,3214.91,5,2,Low,Medium
CUST02208,Female,24,13,Two Year,4564.19,Debit Card,Unknown,3,3,148.53,7,0,8,2,59334.47,0,13-24 months,4564.19,6,5,Low,High
CUST02209,Female,60,2,Monthly,2290.45,Credit Card,DSL,3,0,469.08,29,20,9,0,3664.72,1,0-12 months,1832.36,3,0,High,High
CUST02210,Male,67,71,Monthly,4148.02,UPI,DSL,1,2,119.71,14,0,1,0,294509.42,0,49-72 months,4148.02,3,2,Medium,Low
CUST02211,Male,18,21,Monthly,4341.45,Bank Transfer,DSL,3,2,336.0,2,0,5,0,91170.45,0,13-24 months,4341.45,5,2,Low,Medium
CUST02212,Male,52,19,Monthly,3663.27,UPI,DSL,2,2,130.29,22,15,5,0,59161.81,0,13-24 months,3113.7795,4,2,High,Medium
CUST02213,Female,49,47,Monthly,918.26,Credit Card,Fiber,1,1,494.86,28,10,8,0,38842.4,0,25-48 months,826.434,2,1,High,High
CUST02214,Male,53,22,Monthly,572.36,UPI,Fiber,2,1,456.27,13,10,7,0,11332.73,0,13-24 months,515.124,3,1,Medium,Medium
CUST02215,Female,30,33,One Year,1258.52,Bank Transfer,Fiber,2,0,135.96,20,5,5,3,39454.6,0,25-48 months,1195.5939999999998,2,3,Medium,Medium
CUST02216,Female,23,32,One Year,1031.44,Cash,Fiber,3,3,493.8,26,0,6,0,72487.86,0,25-48 months,1031.44,6,3,High,Medium
CUST02217,Female,31,64,Monthly,3763.12,Debit Card,Fiber,2,1,314.85,27,15,8,1,204713.73,0,49-72 months,3198.652,3,2,High,High
CUST02218,Male,54,39,One Year,3006.53,Debit Card,Unknown,2,1,365.63,23,15,6,0,99666.47,0,25-48 months,2555.5505000000003,3,1,High,Medium
CUST02219,Female,65,72,Monthly,2866.78,Cash,DSL,2,0,145.04,4,5,10,2,196087.75,0,49-72 months,2723.4410000000003,2,2,Low,High
CUST02220,Male,32,42,Two Year,1637.9,Credit Card,Fiber,0,1,111.9,7,10,5,1,61912.62,0,25-48 months,1474.1100000000001,1,2,Low,Medium
CUST02221,Female,64,9,Monthly,1195.73,UPI,DSL,1,1,429.74,22,5,10,1,10223.49,0,0-12 months,1135.9434999999999,2,2,High,High
CUST02222,Male,21,25,One Year,1429.47,UPI,Unknown,1,0,141.22,8,0,1,3,35736.75,0,25-48 months,1429.47,1,3,Low,Low
CUST02223,Female,57,2,Monthly,2301.25,Cash,DSL,0,0,459.18,23,5,8,2,4372.38,1,0-12 months,2186.1875,0,2,High,High
CUST02224,Male,33,19,Two Year,3830.64,Cash,DSL,2,2,186.49,16,10,8,0,65503.94,0,13-24 months,3447.576,4,2,Medium,High
CUST02225,Female,45,20,Monthly,1645.32,Bank Transfer,Fiber,1,1,9.53,25,0,6,0,32906.4,1,13-24 months,1645.32,2,1,High,Medium
CUST02226,Male,33,70,Monthly,3643.76,Bank Transfer,Fiber,5,0,298.12,20,5,7,1,242310.04,0,49-72 months,3461.572,5,1,Medium,Medium
CUST02227,Male,21,17,One Year,2711.8,Debit Card,DSL,2,0,180.05,9,10,7,0,41490.54,1,13-24 months,2440.6200000000003,2,0,Low,Medium
CUST02228,Male,62,68,Monthly,4484.48,Credit Card,Fiber,3,1,488.11,21,5,2,0,289697.41,0,49-72 months,4260.255999999999,4,1,High,Low
CUST02229,Male,43,3,One Year,1548.12,Credit Card,Fiber,3,0,196.42,29,0,6,0,4644.36,0,0-12 months,1548.12,3,0,High,Medium
CUST02230,Female,45,51,One Year,2528.86,Cash,Unknown,2,2,160.66,11,15,7,0,109626.08,0,49-72 months,2149.531,4,2,Medium,Medium
CUST02231,Female,49,26,Monthly,934.99,Debit Card,Unknown,1,0,285.37,25,10,8,1,21878.77,0,25-48 months,841.491,1,1,High,High
CUST02232,Male,62,56,Monthly,2008.19,Debit Card,Fiber,2,1,366.29,14,10,2,0,101212.78,0,49-72 months,1807.371,3,1,Medium,Low
CUST02233,Female,19,64,Monthly,2780.96,Bank Transfer,Fiber,0,2,483.43,27,10,10,0,160183.3,0,49-72 months,2502.864,2,2,High,High
CUST02234,Male,48,8,One Year,3797.33,UPI,Fiber,1,0,39.46,4,0,8,1,30378.64,0,0-12 months,3797.33,1,1,Low,High
CUST02235,Male,20,37,Monthly,1391.35,Credit Card,Fiber,2,1,212.66,19,5,2,1,48905.95,1,25-48 months,1321.7824999999998,3,2,Medium,Low
CUST02236,Female,25,27,One Year,1481.41,Debit Card,DSL,1,2,333.52,15,0,9,0,39998.07,0,25-48 months,1481.41,3,2,Medium,High
CUST02237,Male,41,45,Two Year,3342.1,Bank Transfer,Fiber,3,0,7.46,14,15,2,1,127835.32,0,25-48 months,2840.785,3,1,Medium,Low
CUST02238,Male,32,4,Monthly,2221.06,Bank Transfer,DSL,2,3,247.07,23,5,3,1,8440.03,1,0-12 months,2110.007,5,4,High,Low
CUST02239,Female,60,37,Two Year,2669.43,Bank Transfer,DSL,2,3,404.23,16,10,8,1,88892.02,0,25-48 months,2402.487,5,4,Medium,High
CUST02240,Male,48,71,One Year,4262.61,UPI,Unknown,5,1,30.18,20,10,6,3,272380.78,0,49-72 months,3836.3489999999997,6,4,Medium,Medium
CUST02241,Male,26,33,Monthly,2745.87,Debit Card,DSL,1,3,173.57,21,5,9,1,86083.02,0,25-48 months,2608.5764999999997,4,4,High,High
CUST02242,Male,56,31,Monthly,3436.25,Cash,Fiber,4,2,203.45,3,15,8,0,90545.19,0,25-48 months,2920.8125,6,2,Low,High
CUST02243,Male,62,55,One Year,3455.49,Cash,DSL,0,0,359.56,6,10,10,0,171046.75,0,49-72 months,3109.941,0,0,Low,High
CUST02244,Female,19,12,Monthly,4116.25,Bank Transfer,DSL,2,1,151.38,29,0,6,2,49395.0,1,0-12 months,4116.25,3,3,High,Medium
CUST02245,Female,25,11,Monthly,3371.63,Bank Transfer,DSL,1,0,126.9,4,0,3,1,37087.93,0,0-12 months,3371.63,1,1,Low,Low
CUST02246,Female,24,72,Monthly,791.64,UPI,Fiber,1,1,62.17,1,15,3,0,48448.37,0,49-72 months,672.894,2,1,Low,Low
CUST02247,Male,61,32,One Year,2039.78,Bank Transfer,Fiber,2,3,497.96,18,15,2,0,55482.02,0,25-48 months,1733.8129999999999,5,3,Medium,Low
CUST02248,Male,68,57,One Year,4951.92,Debit Card,Fiber,1,1,238.47,8,5,8,0,268146.47,0,49-72 months,4704.324,2,1,Low,High
CUST02249,Female,56,38,One Year,1384.3,Unknown,DSL,0,0,28.86,16,5,10,2,49973.23,0,25-48 months,1315.0849999999998,0,2,Medium,High
CUST02250,Male,59,60,Monthly,3140.28,Bank Transfer,DSL,4,0,42.88,20,10,5,2,169575.12,1,49-72 months,2826.2520000000004,4,2,Medium,Medium
CUST02251,Male,33,19,Two Year,4293.23,Debit Card,DSL,1,2,68.34,28,5,9,2,77492.8,0,13-24 months,4078.5684999999994,3,4,High,High
CUST02252,Male,52,56,Two Year,3139.51,Unknown,DSL,5,1,109.81,16,15,5,1,149440.68,0,49-72 months,2668.5835,6,2,Medium,Medium
CUST02253,Male,47,14,Monthly,2175.22,Cash,Fiber,1,0,371.51,15,15,5,1,25885.12,1,13-24 months,1848.9369999999997,1,1,Medium,Medium
CUST02254,Female,27,33,Monthly,861.03,Bank Transfer,Unknown,4,2,281.55,26,5,8,1,26993.29,0,25-48 months,817.9784999999999,6,3,High,High
CUST02255,Female,55,10,Two Year,2127.49,Debit Card,DSL,0,0,389.45,2,15,8,0,18083.66,1,0-12 months,1808.3664999999999,0,0,Low,High
CUST02256,Female,35,64,Two Year,1319.3,Cash,Fiber,1,1,14.81,29,0,2,0,84435.2,0,49-72 months,1319.3,2,1,High,Low
CUST02257,Male,67,64,One Year,4823.88,UPI,DSL,4,0,136.23,12,5,8,3,293291.9,0,49-72 months,4582.686,4,3,Medium,High
CUST02258,Female,22,62,Two Year,3717.64,Credit Card,DSL,1,0,205.74,4,0,7,1,230493.68,0,49-72 months,3717.64,1,1,Low,Medium
CUST02259,Female,70,68,One Year,3872.22,Bank Transfer,Fiber,2,0,217.36,23,15,6,0,223814.32,0,49-72 months,3291.3869999999997,2,0,High,Medium
CUST02260,Male,46,43,Monthly,2461.86,Credit Card,DSL,1,1,31.51,11,20,3,2,84687.98,1,25-48 months,1969.4880000000003,2,3,Medium,Low
CUST02261,Male,56,59,One Year,994.84,Bank Transfer,Unknown,1,0,258.2,2,5,5,1,55760.78,1,49-72 months,945.098,1,1,Low,Medium
CUST02262,Female,51,52,One Year,1700.22,Bank Transfer,Fiber,3,0,146.88,6,10,2,1,79570.3,0,49-72 months,1530.198,3,1,Low,Low
CUST02263,Female,60,19,Two Year,1668.7,Bank Transfer,Fiber,2,0,99.78,17,5,9,0,30120.03,0,13-24 months,1585.2649999999999,2,0,Medium,High
CUST02264,Female,62,21,Monthly,2690.51,Credit Card,Unknown,1,1,337.22,28,5,5,3,53675.67,0,13-24 months,2555.9845,2,4,High,Medium
CUST02265,Female,40,22,One Year,2574.41,UPI,Unknown,2,0,46.51,19,0,8,0,56637.02,0,13-24 months,2574.41,2,0,Medium,High
CUST02266,Male,22,9,One Year,2450.34,Debit Card,Fiber,1,0,434.17,9,10,5,1,19847.75,0,0-12 months,2205.306,1,1,Low,Medium
CUST02267,Female,47,9,Monthly,2731.9,Debit Card,Fiber,3,1,450.41,5,0,10,1,24587.1,0,0-12 months,2731.9,4,2,Low,High
CUST02268,Female,23,27,Monthly,4941.6,UPI,Fiber,0,1,166.14,14,0,9,4,133423.2,0,25-48 months,4941.6,1,5,Medium,High
CUST02269,Male,63,17,Two Year,1842.59,UPI,Fiber,0,1,493.52,16,15,1,2,26625.43,0,13-24 months,1566.2015,1,3,Medium,Low
CUST02270,Female,61,44,Monthly,2706.835,Bank Transfer,Fiber,2,0,203.63,27,15,6,2,122249.75,0,25-48 months,2300.80975,2,2,High,Medium
CUST02271,Male,21,45,One Year,1577.78,Bank Transfer,Fiber,1,2,481.35,24,15,8,1,60350.09,0,25-48 months,1341.1129999999998,3,3,High,High
CUST02272,Male,46,8,Two Year,2599.73,Debit Card,Fiber,0,3,493.5,1,15,7,3,17678.16,1,0-12 months,2209.7705,3,6,Low,Medium
CUST02273,Male,40,18,Monthly,1400.22,Bank Transfer,Unknown,2,1,414.32,20,10,2,0,22683.56,1,13-24 months,1260.198,3,1,Medium,Low
CUST02274,Female,23,33,Two Year,3011.87,Bank Transfer,Unknown,1,0,66.79,3,15,2,0,84482.95,0,25-48 months,2560.0895,1,0,Low,Low
CUST02275,Female,49,1,One Year,1692.55,UPI,Unknown,1,0,294.29,10,0,10,0,1692.55,0,0-12 months,1692.55,1,0,Low,High
CUST02276,Male,59,6,Monthly,665.55,Credit Card,Fiber,0,1,367.3,25,15,1,0,3394.3,1,0-12 months,565.7175,1,1,High,Low
CUST02277,Female,35,41,Monthly,4168.72,Cash,DSL,1,0,43.34,15,15,1,1,145279.89,0,25-48 months,3543.4120000000003,1,1,Medium,Low
CUST02278,Female,32,55,Two Year,1077.15,Cash,DSL,1,2,447.35,23,10,3,1,53318.93,0,49-72 months,969.4350000000001,3,3,High,Low
CUST02279,Male,57,5,Monthly,2156.17,Bank Transfer,Fiber,1,0,426.64,28,5,3,0,10241.81,0,0-12 months,2048.3615,1,0,High,Low
CUST02280,Male,49,59,Monthly,2706.835,Bank Transfer,Fiber,0,1,467.26,3,0,8,0,156190.7,0,49-72 months,2706.835,1,1,Low,High
CUST02281,Female,26,18,Monthly,2446.16,Cash,DSL,3,1,259.58,30,15,9,3,37426.25,0,13-24 months,2079.236,4,4,High,High
CUST02282,Male,54,49,Monthly,3765.5,UPI,Fiber,5,0,165.53,1,5,5,0,175284.02,1,49-72 months,3577.225,5,0,Low,Medium
CUST02283,Female,27,65,Monthly,3185.49,Cash,DSL,1,2,255.64,13,10,1,3,186351.16,1,49-72 months,2866.941,3,5,Medium,Low
CUST02284,Female,37,54,Two Year,1829.17,Cash,DSL,1,1,366.03,15,10,2,1,88897.66,0,49-72 months,1646.2530000000002,2,2,Medium,Low
CUST02285,Female,23,61,Two Year,732.66,Cash,DSL,1,1,211.02,21,15,4,0,37988.42,0,49-72 months,622.761,2,1,High,Medium
CUST02286,Female,65,8,Monthly,3954.18,Bank Transfer,DSL,1,0,179.12,10,0,9,0,31633.44,0,0-12 months,3954.18,1,0,Low,High
CUST02287,Male,20,3,Monthly,2086.37,Bank Transfer,DSL,4,0,43.14,3,0,5,0,6259.11,0,0-12 months,2086.37,4,0,Low,Medium
CUST02288,Male,59,25,One Year,4503.76,Cash,Unknown,1,2,226.38,27,0,9,1,112594.0,0,25-48 months,4503.76,3,3,High,High
CUST02289,Male,28,69,Monthly,2277.76,Bank Transfer,DSL,1,0,199.48,18,5,1,1,149307.17,1,49-72 months,2163.8720000000003,1,1,Medium,Low
CUST02290,Male,60,55,Two Year,3729.46,Cash,Fiber,1,3,333.33,19,5,9,1,194864.28,0,49-72 months,3542.987,4,4,Medium,High
CUST02291,Female,34,40,Two Year,4728.04,UPI,DSL,3,0,222.18,21,5,8,1,179665.52,0,25-48 months,4491.638,3,1,High,High
CUST02292,Female,49,50,Two Year,3430.19,Bank Transfer,DSL,4,0,7.0,5,0,1,2,171509.5,0,49-72 months,3430.19,4,2,Low,Low
CUST02293,Male,21,33,Monthly,2360.7,Credit Card,DSL,2,0,244.76,10,10,7,1,70112.79,1,25-48 months,2124.63,2,1,Low,Medium
CUST02294,Female,21,18,Monthly,3053.3,Bank Transfer,Fiber,4,0,387.99,24,0,5,1,54959.4,1,13-24 months,3053.3,4,1,High,Medium
CUST02295,Female,34,57,Monthly,2945.5,UPI,Fiber,4,0,472.93,16,15,10,0,142709.48,0,49-72 months,2503.6749999999997,4,0,Medium,High
CUST02296,Female,58,16,Monthly,3131.69,UPI,Unknown,3,3,100.51,20,15,8,1,42590.98,0,13-24 months,2661.9365,6,4,Medium,High
CUST02297,Male,36,38,Monthly,1160.69,Bank Transfer,Unknown,3,0,214.16,18,0,4,1,44106.22,0,25-48 months,1160.69,3,1,Medium,Medium
CUST02298,Male,22,41,Two Year,3643.29,Debit Card,Fiber,2,0,424.49,8,0,2,1,149374.89,1,25-48 months,3643.29,2,1,Low,Low
CUST02299,Male,49,7,Two Year,1152.69,Cash,Fiber,4,1,26.21,13,10,1,2,7261.95,1,0-12 months,1037.421,5,3,Medium,Low
CUST02300,Female,39,53,Two Year,565.78,Cash,DSL,1,0,178.2,8,0,7,3,29986.34,0,49-72 months,565.78,1,3,Low,Medium
CUST02301,Male,23,63,Two Year,3311.51,UPI,Fiber,1,0,297.59,26,5,1,0,198193.87,0,49-72 months,3145.9345,1,0,High,Low
CUST02302,Male,52,32,Monthly,1026.11,Bank Transfer,Fiber,0,0,174.55,13,0,9,3,32835.52,0,25-48 months,1026.11,0,3,Medium,High
CUST02303,Male,39,38,One Year,3966.85,Debit Card,DSL,2,0,247.25,24,5,1,2,143203.28,0,25-48 months,3768.5074999999997,2,2,High,Low
CUST02304,Male,18,22,Monthly,4396.85,Credit Card,DSL,1,1,469.86,12,5,6,2,91894.16,1,13-24 months,4177.0075,2,3,Medium,Medium
CUST02305,Male,37,16,Monthly,4751.32,Unknown,Fiber,0,0,16.84,13,5,2,2,72220.06,1,13-24 months,4513.754,0,2,Medium,Low
CUST02306,Male,39,52,One Year,3490.15,Debit Card,DSL,1,1,43.57,30,5,6,2,172413.41,0,49-72 months,3315.6425,2,3,High,Medium
CUST02307,Female,65,29,One Year,2669.07,Cash,DSL,1,0,102.5,27,0,6,1,77403.03,1,25-48 months,2669.07,1,1,High,Medium
CUST02308,Female,28,16,One Year,2085.26,Bank Transfer,DSL,1,0,195.53,17,15,5,1,28359.54,0,13-24 months,1772.4710000000002,1,1,Medium,Medium
CUST02309,Male,30,17,Monthly,2709.16,Cash,Fiber,0,0,238.04,15,0,5,1,46055.72,0,13-24 months,2709.16,0,1,Medium,Medium
CUST02310,Male,59,64,Monthly,1356.59,Credit Card,Fiber,3,0,23.15,28,0,8,0,86821.76,0,49-72 months,1356.59,3,0,High,High
CUST02311,Female,20,13,Monthly,2067.9,Bank Transfer,Fiber,3,1,441.87,9,5,7,0,25538.56,0,13-24 months,1964.5049999999999,4,1,Low,Medium
CUST02312,Female,26,72,Monthly,3730.69,UPI,Fiber,2,0,380.5,20,15,5,0,228318.23,0,49-72 months,3171.0865,2,0,Medium,Medium
CUST02313,Male,29,56,Monthly,1478.4,Debit Card,Fiber,0,3,137.67,4,0,4,0,82790.4,1,49-72 months,1478.4,3,3,Low,Medium
CUST02314,Male,40,5,One Year,1688.3,Cash,Fiber,4,0,132.1,24,5,1,2,8019.42,1,0-12 months,1603.885,4,2,High,Low
CUST02315,Male,31,12,Two Year,3871.98,Bank Transfer,Fiber,2,0,17.66,12,5,2,0,44140.57,0,0-12 months,3678.381,2,0,Medium,Low
CUST02316,Male,50,41,Monthly,1300.26,Bank Transfer,Fiber,1,1,202.57,24,0,10,1,53310.66,0,25-48 months,1300.26,2,2,High,High
CUST02317,Female,35,3,One Year,1606.49,Cash,Fiber,2,0,130.97,22,15,7,0,4096.55,0,0-12 months,1365.5165,2,0,High,Medium
CUST02318,Male,66,33,Monthly,578.96,UPI,Fiber,2,4,311.12,4,10,10,1,17195.11,0,25-48 months,521.0640000000001,6,5,Low,High
CUST02319,Male,58,50,Two Year,3740.23,Cash,DSL,2,0,276.2,13,0,1,4,187011.5,0,49-72 months,3740.23,2,4,Medium,Low
CUST02320,Male,26,56,Monthly,3280.57,UPI,Fiber,1,1,478.78,3,0,9,0,183711.92,0,49-72 months,3280.57,2,1,Low,High
CUST02321,Male,40,9,Two Year,3624.73,Cash,Fiber,0,1,398.65,5,0,6,0,32622.57,0,0-12 months,3624.73,1,1,Low,Medium
CUST02322,Female,27,50,Two Year,1464.47,Bank Transfer,Fiber,1,0,45.03,13,20,5,1,58578.8,0,49-72 months,1171.576,1,1,Medium,Medium
CUST02323,Female,36,29,Two Year,3593.19,Credit Card,DSL,0,0,353.62,14,5,6,1,98992.38,0,25-48 months,3413.5305,0,1,Medium,Medium
CUST02324,Female,64,39,Monthly,3183.69,Credit Card,Fiber,2,3,58.02,8,15,1,0,105539.32,1,25-48 months,2706.1365,5,3,Low,Low
CUST02325,Male,22,45,One Year,2147.55,Bank Transfer,Unknown,1,1,164.93,23,5,2,1,91807.76,0,25-48 months,2040.1725000000001,2,2,High,Low
CUST02326,Male,64,17,Monthly,2470.22,Credit Card,DSL,2,2,279.73,11,0,7,0,41993.74,0,13-24 months,2470.22,4,2,Medium,Medium
CUST02327,Female,69,56,Monthly,3055.64,UPI,Fiber,0,1,250.38,8,0,6,2,171115.84,0,49-72 months,3055.64,1,3,Low,Medium
CUST02328,Male,40,46,Monthly,2719.81,Bank Transfer,DSL,2,1,348.2,30,5,7,2,118855.7,0,25-48 months,2583.8194999999996,3,3,High,Medium
CUST02329,Male,47,67,Two Year,3388.23,UPI,DSL,5,1,405.96,12,0,6,2,72487.86,0,49-72 months,3388.23,6,3,Medium,Medium
CUST02330,Female,42,69,Two Year,1314.41,Bank Transfer,Fiber,3,0,415.55,11,0,7,0,90694.29,0,49-72 months,1314.41,3,0,Medium,Medium
CUST02331,Female,45,14,Monthly,2933.19,UPI,Fiber,3,1,33.88,17,0,7,1,41064.66,0,13-24 months,2933.19,4,2,Medium,Medium
CUST02332,Female,51,67,Monthly,2526.26,UPI,DSL,0,2,322.62,27,5,6,0,160796.45,0,49-72 months,2399.947,2,2,High,Medium
CUST02333,Female,62,23,Two Year,2574.59,Credit Card,Unknown,4,0,480.88,13,0,8,0,59215.57,0,13-24 months,2574.59,4,0,Medium,High
CUST02334,Male,65,61,Monthly,2612.22,Bank Transfer,Fiber,1,1,378.74,4,20,7,0,127476.34,1,49-72 months,2089.776,2,1,Low,Medium
CUST02335,Male,64,23,Monthly,4466.62,Cash,Fiber,1,0,262.35,13,5,9,1,97595.65,0,13-24 months,4243.289,1,1,Medium,High
CUST02336,Female,42,27,Monthly,4183.82,Credit Card,Fiber,0,1,499.28,9,0,5,0,72487.86,0,25-48 months,4183.82,1,1,Low,Medium
CUST02337,Male,27,54,One Year,3333.06,UPI,DSL,1,1,26.77,22,5,8,1,170985.98,0,49-72 months,3166.4069999999997,2,2,High,High
CUST02338,Female,31,10,Monthly,3724.19,UPI,DSL,4,4,48.64,14,10,8,2,33517.71,0,0-12 months,3351.771,8,6,Medium,High
CUST02339,Female,59,16,One Year,692.61,Cash,Fiber,3,2,385.23,12,5,8,0,10527.67,0,13-24 months,657.9795,5,2,Medium,High
CUST02340,Male,63,41,Monthly,3847.96,Cash,DSL,2,3,277.13,26,0,4,0,157766.36,0,25-48 months,3847.96,5,3,High,Medium
CUST02341,Female,47,55,Monthly,2687.74,UPI,Fiber,0,1,66.59,24,0,9,0,147825.7,0,49-72 months,2687.74,1,1,High,High
CUST02342,Male,58,61,Monthly,1929.86,Unknown,DSL,0,2,190.78,30,5,10,0,111835.39,0,49-72 months,1833.3669999999997,2,2,High,High
CUST02343,Male,42,49,Monthly,1129.0,Debit Card,Fiber,0,1,36.82,13,0,4,1,55321.0,0,49-72 months,1129.0,1,2,Medium,Medium
CUST02344,Male,31,52,Monthly,838.44,Credit Card,DSL,1,3,265.58,8,5,6,1,41418.94,0,49-72 months,796.518,4,4,Low,Medium
CUST02345,Male,52,2,Monthly,701.99,Bank Transfer,DSL,1,0,56.51,5,0,6,2,1403.98,0,0-12 months,701.99,1,2,Low,Medium
CUST02346,Female,69,50,Two Year,1228.08,Cash,DSL,2,3,8.41,11,10,2,0,55263.6,0,49-72 months,1105.272,5,3,Medium,Low
CUST02347,Male,65,43,Monthly,635.65,Cash,Fiber,3,2,164.6,24,10,7,1,24599.66,1,25-48 months,572.085,5,3,High,Medium
CUST02348,Female,51,8,One Year,3796.89,Debit Card,DSL,7,0,120.76,20,0,7,2,30375.12,0,0-12 months,3796.89,7,2,Medium,Medium
CUST02349,Female,27,59,Two Year,1618.76,Bank Transfer,Unknown,3,0,184.24,6,0,1,0,95506.84,0,49-72 months,1618.76,3,0,Low,Low
CUST02350,Female,52,65,Two Year,2159.33,Debit Card,Unknown,2,0,178.48,7,0,5,1,140356.45,0,49-72 months,2159.33,2,1,Low,Medium
CUST02351,Female,28,12,Two Year,4202.22,Bank Transfer,Fiber,0,1,316.86,22,5,9,0,47905.31,1,0-12 months,3992.109,1,1,High,High
CUST02352,Male,28,4,One Year,1015.96,Credit Card,DSL,2,1,341.61,22,10,10,1,3657.46,0,0-12 months,914.364,3,2,High,High
CUST02353,Male,38,41,Monthly,4260.17,Cash,Fiber,3,0,68.04,24,5,5,1,72487.86,0,25-48 months,4047.1614999999997,3,1,High,Medium
CUST02354,Female,38,7,Two Year,3377.93,Credit Card,Fiber,3,1,246.89,30,5,10,2,22463.23,0,0-12 months,3209.0334999999995,4,3,High,High
CUST02355,Female,39,69,Two Year,2039.13,Bank Transfer,Fiber,2,0,445.13,15,15,7,0,119594.97,0,49-72 months,1733.2605,2,0,Medium,Medium
CUST02356,Male,62,69,Two Year,1030.13,Cash,Fiber,2,2,78.46,5,5,9,1,67525.02,0,49-72 months,978.6235,4,3,Low,High
CUST02357,Female,24,30,One Year,911.72,Debit Card,Fiber,2,1,483.6,24,5,1,0,25984.02,0,25-48 months,866.134,3,1,High,Low
CUST02358,Male,34,6,One Year,2009.81,UPI,Fiber,1,1,14.58,9,5,9,2,11455.92,0,0-12 months,1909.3194999999998,2,3,Low,High
CUST02359,Female,19,19,Monthly,1131.54,Debit Card,Fiber,1,0,54.36,28,5,4,3,20424.3,0,13-24 months,1074.963,1,3,High,Medium
CUST02360,Male,29,66,One Year,1704.7,UPI,DSL,3,2,92.9,20,10,1,2,101259.18,0,49-72 months,1534.23,5,4,Medium,Low
CUST02361,Female,59,10,Monthly,738.3,Unknown,Fiber,2,1,237.55,19,0,8,0,72487.86,0,0-12 months,738.3,3,1,Medium,High
CUST02362,Female,35,16,Monthly,3177.54,Bank Transfer,DSL,2,0,153.08,5,5,3,2,48298.61,0,13-24 months,3018.663,2,2,Low,Low
CUST02363,Male,28,37,One Year,1153.74,Credit Card,DSL,2,1,211.99,13,0,8,0,42688.38,0,25-48 months,1153.74,3,1,Medium,High
CUST02364,Female,33,32,Monthly,3905.3,UPI,Unknown,1,1,470.7,26,5,6,1,118721.12,0,25-48 months,3710.035,2,2,High,Medium
CUST02365,Female,66,47,Monthly,1481.79,Bank Transfer,DSL,2,0,173.98,26,20,6,0,55715.3,0,25-48 months,1185.432,2,0,High,Medium
CUST02366,Male,68,72,Two Year,4090.89,Credit Card,Fiber,1,2,424.82,12,5,8,0,279816.88,0,49-72 months,3886.3455,3,2,Medium,High
CUST02367,Female,35,43,Two Year,1354.47,Credit Card,DSL,2,0,41.04,5,20,9,1,46593.77,0,25-48 months,1083.576,2,1,Low,High
CUST02368,Male,52,36,One Year,3746.15,Cash,Unknown,3,0,406.91,30,10,8,2,121375.26,0,25-48 months,3371.5350000000003,3,2,High,High
CUST02369,Male,70,26,Monthly,1998.84,Cash,DSL,4,0,451.27,7,10,7,1,46772.86,0,25-48 months,1798.956,4,1,Low,Medium
CUST02370,Female,43,10,Two Year,3124.04,Cash,DSL,4,1,146.07,3,0,3,1,31240.4,0,0-12 months,3124.04,5,2,Low,Low
CUST02371,Female,33,31,Monthly,673.98,UPI,DSL,2,0,275.81,13,0,4,2,20893.38,0,25-48 months,673.98,2,2,Medium,Medium
CUST02372,Female,23,29,One Year,2728.6,UPI,Fiber,1,2,97.64,11,5,9,0,75172.93,0,25-48 months,2592.1699999999996,3,2,Medium,High
CUST02373,Female,61,5,Monthly,1169.1,Credit Card,DSL,4,0,49.97,10,20,4,0,4676.4,0,0-12 months,935.28,4,0,Low,Medium
CUST02374,Female,60,1,Monthly,2688.44,UPI,DSL,0,1,386.35,30,10,8,2,2419.6,0,0-12 months,2419.596,1,3,High,High
CUST02375,Female,64,3,One Year,2706.835,Credit Card,Fiber,1,0,316.77,9,10,6,1,3067.52,0,0-12 months,2436.1515,1,1,Low,Medium
CUST02376,Female,64,67,One Year,2466.9,Bank Transfer,DSL,3,0,377.36,30,5,5,0,157018.18,0,49-72 months,2343.555,3,0,High,Medium
CUST02377,Male,65,71,Monthly,2706.835,Debit Card,DSL,3,1,222.64,29,15,7,0,60216.63,0,49-72 months,2300.80975,4,1,High,Medium
CUST02378,Female,59,35,Monthly,1489.78,Credit Card,DSL,2,2,128.56,6,10,1,3,46928.07,1,25-48 months,1340.802,4,5,Low,Low
CUST02379,Male,29,15,Monthly,3177.86,Credit Card,Unknown,3,1,216.29,14,10,10,1,42901.11,0,13-24 months,2860.074,4,2,Medium,High
CUST02380,Female,30,67,Monthly,4894.97,Bank Transfer,Fiber,2,1,37.07,10,0,3,0,327962.99,0,49-72 months,4894.97,3,1,Low,Low
CUST02381,Female,21,30,One Year,2521.33,Cash,DSL,2,1,145.35,25,20,5,1,60511.92,0,25-48 months,2017.064,3,2,High,Medium
CUST02382,Male,56,43,Monthly,3592.28,Cash,DSL,1,1,152.27,17,0,4,1,154468.04,0,25-48 months,3592.28,2,2,Medium,Medium
CUST02383,Female,19,60,Monthly,2927.41,Cash,DSL,3,0,358.69,2,5,3,2,166862.37,0,49-72 months,2781.0395,3,2,Low,Low
CUST02384,Female,43,40,Monthly,2742.61,Credit Card,Unknown,3,0,31.3,26,0,3,1,109704.4,0,25-48 months,2742.61,3,1,High,Low
CUST02385,Male,44,65,Monthly,791.17,Credit Card,Fiber,2,0,126.41,2,0,9,0,51426.05,0,49-72 months,791.17,2,0,Low,High
CUST02386,Female,44,29,One Year,1149.34,UPI,DSL,0,3,141.92,27,0,5,1,33330.86,0,25-48 months,1149.34,3,4,High,Medium
CUST02387,Female,32,19,One Year,4473.76,UPI,Fiber,1,0,277.92,24,0,3,4,85001.44,0,13-24 months,4473.76,1,4,High,Low
CUST02388,Female,25,3,Monthly,2345.74,Debit Card,Unknown,1,3,126.12,4,10,5,2,6333.5,1,0-12 months,2111.1659999999997,4,5,Low,Medium
CUST02389,Male,24,36,Monthly,3264.5,Debit Card,Fiber,3,0,70.55,7,20,9,0,94017.6,0,25-48 months,2611.6000000000004,3,0,Low,High
CUST02390,Female,64,43,One Year,2877.05,UPI,DSL,1,1,132.7,20,15,3,0,105156.18,0,25-48 months,2445.4925000000003,2,1,Medium,Low
CUST02391,Female,63,15,Monthly,2204.97,Credit Card,Fiber,3,2,213.83,4,0,5,0,33074.55,0,13-24 months,2204.97,5,2,Low,Medium
CUST02392,Female,57,41,Monthly,2245.17,Bank Transfer,DSL,1,3,265.11,8,0,2,4,92051.97,0,25-48 months,2245.17,4,7,Low,Low
CUST02393,Female,29,36,Monthly,2999.59,UPI,Unknown,2,0,23.1,14,10,8,0,97186.72,0,25-48 months,2699.6310000000003,2,0,Medium,High
CUST02394,Male,30,33,Monthly,1135.14,Credit Card,Fiber,1,1,158.36,27,0,6,1,37459.62,0,25-48 months,1135.14,2,2,High,Medium
CUST02395,Male,60,5,Monthly,2242.67,UPI,DSL,4,1,383.26,26,15,8,3,9531.35,0,0-12 months,1906.2695,5,4,High,High
CUST02396,Female,34,14,Two Year,2511.39,Cash,Fiber,0,1,300.82,20,15,1,2,29885.54,0,13-24 months,2134.6814999999997,1,3,Medium,Low
CUST02397,Female,34,68,One Year,4933.07,UPI,DSL,1,0,230.74,3,10,2,0,301903.88,0,49-72 months,4439.763,1,0,Low,Low
CUST02398,Male,53,47,One Year,2081.55,Cash,DSL,4,2,229.22,11,5,7,1,92941.21,0,25-48 months,1977.4725,6,3,Medium,Medium
CUST02399,Male,38,54,Monthly,3400.61,Credit Card,Fiber,1,0,187.61,26,20,7,1,146906.35,0,49-72 months,2720.4880000000003,1,1,High,Medium
CUST02400,Female,25,4,One Year,1118.37,Cash,Fiber,3,1,174.31,25,5,9,1,4249.81,1,0-12 months,1062.4515,4,2,High,High
CUST02401,Male,22,9,Two Year,794.67,UPI,DSL,1,2,203.31,3,20,6,1,5721.62,0,0-12 months,635.736,3,3,Low,Medium
CUST02402,Female,43,53,One Year,4421.94,Cash,Fiber,0,1,435.26,5,15,7,0,199208.4,0,49-72 months,3758.6489999999994,1,1,Low,Medium
CUST02403,Male,33,60,Monthly,3788.31,Bank Transfer,Fiber,4,3,237.07,16,0,4,0,227298.6,1,49-72 months,3788.31,7,3,Medium,Medium
CUST02404,Male,53,46,One Year,1928.75,Cash,DSL,2,0,336.29,11,15,2,1,75414.12,0,25-48 months,1639.4375,2,1,Medium,Low
CUST02405,Male,45,54,Monthly,2770.6,Cash,Fiber,3,0,404.89,1,0,9,0,149612.4,0,49-72 months,2770.6,3,0,Low,High
CUST02406,Male,46,37,One Year,1110.85,Debit Card,DSL,1,3,218.82,9,10,1,2,36991.3,0,25-48 months,999.765,4,5,Low,Low
CUST02407,Female,64,23,Monthly,3682.22,Bank Transfer,DSL,2,0,420.39,22,0,6,0,84691.06,0,13-24 months,3682.22,2,0,High,Medium
CUST02408,Male,29,27,Two Year,816.49,Credit Card,Fiber,2,1,496.38,5,0,10,1,22045.23,0,25-48 months,816.49,3,2,Low,High
CUST02409,Male,54,70,One Year,3906.65,Cash,Fiber,1,1,254.56,20,10,9,2,246118.95,0,49-72 months,3515.985,2,3,Medium,High
CUST02410,Female,47,66,Monthly,2960.76,Bank Transfer,DSL,1,2,204.36,24,20,10,1,156328.13,1,49-72 months,2368.608,3,3,High,High
CUST02411,Male,40,61,Monthly,1754.83,Credit Card,Fiber,0,0,403.87,11,0,10,3,107044.63,1,49-72 months,1754.83,0,3,Medium,High
CUST02412,Male,33,51,Monthly,4381.58,Bank Transfer,Fiber,4,1,326.34,2,5,2,1,212287.55,1,49-72 months,4162.500999999999,5,2,Low,Low
CUST02413,Female,31,50,Monthly,4937.32,Debit Card,DSL,2,2,308.53,30,5,2,3,234522.7,1,49-72 months,4690.454,4,5,High,Low
CUST02414,Male,27,19,Monthly,1644.57,Credit Card,DSL,1,1,443.63,10,20,9,2,24997.46,1,13-24 months,1315.656,2,3,Low,High
CUST02415,Female,24,1,Monthly,4128.11,Credit Card,Fiber,2,2,326.48,5,5,10,2,3921.7,1,0-12 months,3921.7044999999994,4,4,Low,High
CUST02416,Female,62,40,Monthly,3875.75,Cash,DSL,2,1,322.58,24,15,10,0,131775.5,0,25-48 months,3294.3875,3,1,High,High
CUST02417,Female,69,32,Two Year,3862.36,UPI,DSL,0,0,107.42,17,20,9,0,98876.42,0,25-48 months,3089.8880000000004,0,0,Medium,High
CUST02418,Female,54,22,Monthly,4807.56,Credit Card,DSL,0,0,345.67,12,15,4,0,89901.37,1,13-24 months,4086.4260000000004,0,0,Medium,Medium
CUST02419,Male,46,66,Monthly,2689.78,Credit Card,DSL,3,2,456.93,3,10,8,0,159772.93,0,49-72 months,2420.802,5,2,Low,High
CUST02420,Female,20,40,Monthly,3533.76,Debit Card,Unknown,0,1,290.29,7,0,8,2,141350.4,0,25-48 months,3533.76,1,3,Low,High
CUST02421,Male,32,38,Monthly,4207.45,Debit Card,Fiber,1,1,452.17,11,10,2,0,72487.86,1,25-48 months,3786.705,2,1,Medium,Low
CUST02422,Male,53,48,Monthly,2657.91,Debit Card,Fiber,2,0,173.09,11,10,4,1,114821.71,1,25-48 months,2392.119,2,1,Medium,Medium
CUST02423,Male,64,55,One Year,2666.44,Cash,Fiber,4,1,26.08,26,20,6,0,117323.36,0,49-72 months,2133.152,5,1,High,Medium
CUST02424,Male,63,55,Monthly,1933.95,Credit Card,Fiber,5,0,225.34,12,10,4,1,95730.52,0,49-72 months,1740.555,5,1,Medium,Medium
CUST02425,Male,69,51,One Year,4013.72,Debit Card,Fiber,4,0,6.96,5,5,7,0,194464.73,0,49-72 months,3813.0339999999997,4,0,Low,Medium
CUST02426,Male,36,60,Two Year,3587.88,Debit Card,Fiber,0,0,81.63,10,0,10,1,215272.8,0,49-72 months,3587.88,0,1,Low,High
CUST02427,Male,30,8,Monthly,2530.13,Unknown,DSL,4,1,99.34,25,5,5,0,19228.99,1,0-12 months,2403.6235,5,1,High,Medium
CUST02428,Male,59,68,Monthly,2387.01,Bank Transfer,Fiber,1,2,269.25,12,10,4,1,146085.01,0,49-72 months,2148.309,3,3,Medium,Medium
CUST02429,Male,38,72,Monthly,826.65,Debit Card,DSL,1,0,475.22,14,0,6,1,59518.8,0,49-72 months,826.65,1,1,Medium,Medium
CUST02430,Male,54,9,One Year,529.26,Cash,Fiber,2,0,14.81,1,5,6,3,4525.17,0,0-12 months,502.79699999999997,2,3,Low,Medium
CUST02431,Female,44,2,Monthly,2880.02,UPI,Unknown,4,0,122.16,27,0,5,1,5760.04,0,0-12 months,2880.02,4,1,High,Medium
CUST02432,Female,69,70,One Year,2378.72,Bank Transfer,DSL,1,1,484.88,14,15,6,0,141533.84,0,49-72 months,2021.9119999999998,2,1,Medium,Medium
CUST02433,Female,46,59,One Year,4082.17,Bank Transfer,DSL,1,0,441.42,7,0,5,4,240848.03,0,49-72 months,4082.17,1,4,Low,Medium
CUST02434,Male,37,19,One Year,2941.94,Credit Card,Unknown,3,0,418.25,10,5,7,0,53102.02,0,13-24 months,2794.843,3,0,Low,Medium
CUST02435,Female,42,28,Monthly,4715.18,Credit Card,Unknown,1,1,50.44,12,5,5,0,125423.79,0,25-48 months,4479.421,2,1,Medium,Medium
CUST02436,Female,23,72,Monthly,1382.63,Debit Card,DSL,1,0,323.83,6,20,4,0,79639.49,0,49-72 months,1106.104,1,0,Low,Medium
CUST02437,Female,53,14,One Year,2706.835,Credit Card,Fiber,3,1,105.55,16,15,9,0,58972.59,0,13-24 months,2300.80975,4,1,Medium,High
CUST02438,Male,19,24,Two Year,1840.64,Credit Card,DSL,3,0,327.26,10,10,5,3,39757.82,0,13-24 months,1656.576,3,3,Low,Medium
CUST02439,Male,39,44,Two Year,3390.91,Unknown,Fiber,2,1,216.63,20,5,6,1,141740.04,0,25-48 months,3221.3644999999997,3,2,Medium,Medium
CUST02440,Male,49,56,Two Year,2758.34,Cash,Fiber,2,0,319.66,27,5,2,3,146743.69,0,49-72 months,2620.4230000000002,2,3,High,Low
CUST02441,Male,33,51,One Year,2118.09,Debit Card,Fiber,0,3,217.29,12,0,1,0,108022.59,0,49-72 months,2118.09,3,3,Medium,Low
CUST02442,Female,35,32,One Year,1126.89,UPI,Fiber,3,1,454.31,27,0,3,0,36060.48,0,25-48 months,1126.89,4,1,High,Low
CUST02443,Female,22,50,One Year,1106.75,Debit Card,Fiber,5,1,17.53,10,15,7,0,47036.88,0,49-72 months,940.7375,6,1,Low,Medium
CUST02444,Female,53,41,Monthly,3701.78,Cash,Fiber,1,0,99.83,10,10,1,3,136595.68,1,25-48 months,3331.6020000000003,1,3,Low,Low
CUST02445,Female,47,66,One Year,2199.39,Debit Card,Fiber,2,2,417.33,22,15,1,0,123385.78,0,49-72 months,1869.4814999999999,4,2,High,Low
CUST02446,Male,62,25,Monthly,4825.84,Credit Card,Fiber,0,0,369.69,26,15,8,1,102549.1,1,25-48 months,4101.964,0,1,High,High
CUST02447,Male,36,61,Monthly,1965.42,Cash,Fiber,3,2,97.21,11,0,3,1,119890.62,0,49-72 months,1965.42,5,3,Medium,Low
CUST02448,Male,40,66,One Year,4925.86,UPI,DSL,4,2,65.11,9,0,2,0,325106.76,0,49-72 months,4925.86,6,2,Low,Low
CUST02449,Female,51,42,Monthly,1424.4,UPI,Fiber,3,1,159.07,9,10,8,2,53842.32,0,25-48 months,1281.96,4,3,Low,High
CUST02450,Male,30,65,Monthly,962.66,Bank Transfer,Unknown,4,1,243.52,12,15,10,0,53186.96,0,49-72 months,818.261,5,1,Medium,High
CUST02451,Male,60,36,Monthly,1906.56,UPI,Fiber,4,1,28.23,2,15,2,2,58340.74,1,25-48 months,1620.576,5,3,Low,Low
CUST02452,Female,46,9,Two Year,4485.13,Bank Transfer,Unknown,2,1,423.57,14,5,10,0,38347.86,0,0-12 months,4260.8735,3,1,Medium,High
CUST02453,Female,53,36,One Year,2848.33,Credit Card,Fiber,1,1,262.87,9,15,7,0,87158.9,0,25-48 months,2421.0805,2,1,Low,Medium
CUST02454,Male,39,38,Monthly,2706.835,UPI,Unknown,3,0,460.14,29,0,7,1,42196.34,0,25-48 months,2706.835,3,1,High,Medium
CUST02455,Male,69,33,Monthly,1411.25,Cash,Fiber,3,2,166.22,18,5,10,0,44242.69,0,25-48 months,1340.6875,5,2,Medium,High
CUST02456,Male,69,42,Monthly,1900.67,Bank Transfer,DSL,0,0,29.17,22,0,6,0,79828.14,0,25-48 months,1900.67,0,0,High,Medium
CUST02457,Male,64,61,Monthly,3155.75,UPI,Fiber,2,0,436.32,29,0,1,1,192500.75,0,49-72 months,3155.75,2,1,High,Low
CUST02458,Male,53,46,Monthly,1995.71,Credit Card,DSL,2,1,79.06,23,0,1,0,91802.66,1,25-48 months,1995.71,3,1,High,Low
CUST02459,Male,26,61,One Year,3861.74,Cash,Fiber,2,0,171.14,30,0,3,2,235566.14,1,49-72 months,3861.74,2,2,High,Low
CUST02460,Female,56,18,Monthly,3273.32,Cash,DSL,2,0,234.85,25,0,4,1,58919.76,0,13-24 months,3273.32,2,1,High,Medium
CUST02461,Female,68,70,Monthly,4432.21,Credit Card,DSL,3,2,248.51,27,0,9,2,310254.7,1,49-72 months,4432.21,5,4,High,High
CUST02462,Female,36,15,Monthly,2754.33,UPI,Unknown,3,1,16.62,13,0,7,1,41314.95,0,13-24 months,2754.33,4,2,Medium,Medium
CUST02463,Male,55,48,Monthly,1990.29,Debit Card,DSL,3,0,265.74,22,0,1,0,95533.92,0,25-48 months,1990.29,3,0,High,Low
CUST02464,Female,23,72,Monthly,4983.22,UPI,Fiber,3,1,43.13,16,10,4,0,322912.66,1,49-72 months,4484.898,4,1,Medium,Medium
CUST02465,Male,69,13,One Year,2100.35,Bank Transfer,Fiber,1,2,166.79,13,0,6,0,27304.55,1,13-24 months,2100.35,3,2,Medium,Medium
CUST02466,Male,64,43,Monthly,2428.71,Bank Transfer,DSL,4,1,487.86,8,10,6,0,93991.08,0,25-48 months,2185.839,5,1,Low,Medium
CUST02467,Female,32,60,Two Year,4141.07,UPI,Fiber,1,1,143.78,26,0,7,0,248464.2,0,49-72 months,4141.07,2,1,High,Medium
CUST02468,Male,37,57,One Year,898.86,Bank Transfer,DSL,0,0,407.37,12,5,9,1,48673.27,0,49-72 months,853.9169999999999,0,1,Medium,High
CUST02469,Male,26,71,Monthly,2239.21,Debit Card,Fiber,4,0,257.61,19,10,6,2,143085.52,0,49-72 months,2015.289,4,2,Medium,Medium
CUST02470,Female,49,17,Monthly,885.7,Debit Card,DSL,1,0,105.2,10,10,1,1,13551.21,1,13-24 months,797.1300000000001,1,1,Low,Low
CUST02471,Female,21,50,One Year,1126.88,Cash,DSL,1,2,362.36,22,10,3,3,50709.6,0,49-72 months,1014.1920000000001,3,5,High,Low
CUST02472,Female,67,32,Monthly,520.88,Bank Transfer,Fiber,3,0,279.79,2,0,1,0,16668.16,1,25-48 months,520.88,3,0,Low,Low
CUST02473,Male,35,22,One Year,542.95,UPI,DSL,2,2,268.85,15,15,6,2,10153.17,0,13-24 months,461.50750000000005,4,4,Medium,Medium
CUST02474,Female,22,55,Two Year,2211.3,Cash,Fiber,2,3,19.8,17,20,7,2,97297.2,0,49-72 months,1769.0400000000002,5,5,Medium,Medium
CUST02475,Female,37,57,Monthly,4141.24,Debit Card,Fiber,1,0,170.25,28,0,3,0,236050.68,1,49-72 months,4141.24,1,0,High,Low
CUST02476,Male,40,13,One Year,3141.52,Cash,Unknown,0,3,368.68,6,15,10,1,34713.8,0,13-24 months,2670.292,3,4,Low,High
CUST02477,Female,28,47,Two Year,3357.11,Credit Card,Fiber,1,3,399.06,28,5,9,0,149894.96,1,25-48 months,3189.2545,4,3,High,High
CUST02478,Female,54,62,Monthly,2836.62,Bank Transfer,DSL,2,1,408.33,3,10,1,2,158283.4,0,49-72 months,2552.958,3,3,Low,Low
CUST02479,Female,39,54,One Year,4189.07,UPI,DSL,1,1,23.51,11,5,1,0,214899.29,0,49-72 months,3979.6164999999996,2,1,Medium,Low
CUST02480,Male,21,29,Monthly,4461.7,Debit Card,DSL,2,1,85.54,28,10,7,1,116450.37,1,25-48 months,4015.5299999999997,3,2,High,Medium
CUST02481,Male,46,22,Monthly,4323.83,Cash,Fiber,1,0,492.86,5,0,5,1,95124.26,0,13-24 months,4323.83,1,1,Low,Medium
CUST02482,Male,61,65,One Year,4154.59,UPI,DSL,3,0,81.95,22,0,5,3,270048.35,0,49-72 months,4154.59,3,3,High,Medium
CUST02483,Male,51,29,One Year,1322.21,Bank Transfer,Fiber,0,2,110.44,13,0,5,0,38344.09,0,25-48 months,1322.21,2,2,Medium,Medium
CUST02484,Female,30,48,Two Year,3172.44,UPI,Fiber,2,0,402.3,16,15,5,0,129435.55,0,25-48 months,2696.574,2,0,Medium,Medium
CUST02485,Male,59,5,Monthly,3119.73,Bank Transfer,Unknown,1,0,199.75,26,0,2,0,15598.65,1,0-12 months,3119.73,1,0,High,Low
CUST02486,Male,26,35,Monthly,2875.75,Bank Transfer,Fiber,0,0,62.58,22,5,1,1,95618.69,0,25-48 months,2731.9625,0,1,High,Low
CUST02487,Female,59,71,Monthly,2663.66,Bank Transfer,DSL,2,1,66.92,28,10,5,0,170207.87,0,49-72 months,2397.294,3,1,High,Medium
CUST02488,Female,48,46,Monthly,901.27,Cash,Fiber,2,1,46.47,10,5,10,1,39385.5,0,25-48 months,856.2064999999999,3,2,Low,High
CUST02489,Female,24,35,Monthly,959.73,Bank Transfer,Fiber,2,1,94.43,13,5,9,2,31911.02,0,25-48 months,911.7434999999999,3,3,Medium,High
CUST02490,Male,21,45,Monthly,4560.27,UPI,Fiber,2,1,251.01,23,0,8,1,205212.15,0,25-48 months,4560.27,3,2,High,High
CUST02491,Male,36,13,Monthly,3335.84,Credit Card,Fiber,0,0,12.46,23,0,9,1,43365.92,0,13-24 months,3335.84,0,1,High,High
CUST02492,Male,59,10,Monthly,1680.43,UPI,Fiber,4,0,62.98,11,0,3,0,16804.3,1,0-12 months,1680.43,4,0,Medium,Low
CUST02493,Female,47,66,Monthly,1756.85,Cash,Fiber,1,0,454.03,16,0,2,0,115952.1,0,49-72 months,1756.85,1,0,Medium,Low
CUST02494,Female,48,70,Two Year,3245.88,Bank Transfer,DSL,1,1,438.91,6,5,5,0,215851.02,0,49-72 months,3083.586,2,1,Low,Medium
CUST02495,Male,52,72,One Year,2331.21,Credit Card,Fiber,3,1,417.37,28,0,7,0,167847.12,0,49-72 months,2331.21,4,1,High,Medium
CUST02496,Female,38,25,Monthly,2485.96,Cash,Fiber,2,1,354.61,1,0,4,0,62149.0,1,25-48 months,2485.96,3,1,Low,Medium
CUST02497,Female,48,44,Two Year,772.92,Debit Card,Fiber,1,0,332.45,8,0,2,0,34008.48,0,25-48 months,772.92,1,0,Low,Low
CUST02498,Female,36,60,One Year,1124.33,Debit Card,DSL,2,2,141.38,26,10,9,0,60713.82,0,49-72 months,1011.8969999999999,4,2,High,High
CUST02499,Male,48,47,Two Year,2270.08,Debit Card,Fiber,2,2,170.82,30,0,6,1,106693.76,0,25-48 months,2270.08,4,3,High,Medium
CUST02500,Female,70,40,Monthly,3648.59,Credit Card,Unknown,2,3,121.72,20,0,3,0,145943.6,1,25-48 months,3648.59,5,3,Medium,Low
CUST02501,Female,49,7,Monthly,2706.835,UPI,Fiber,1,1,490.26,17,15,1,0,4260.85,0,0-12 months,2300.80975,2,1,Medium,Low
CUST02502,Male,19,46,Two Year,2005.51,Credit Card,Fiber,1,0,318.98,10,0,1,1,92253.46,0,25-48 months,2005.51,1,1,Low,Low
CUST02503,Male,69,23,Monthly,3627.82,Credit Card,Fiber,0,1,483.05,29,0,8,1,83439.86,0,13-24 months,3627.82,1,2,High,High
CUST02504,Female,27,46,Two Year,4064.23,Credit Card,Fiber,2,1,139.53,2,5,4,0,177606.85,1,25-48 months,3861.0184999999997,3,1,Low,Medium
CUST02505,Female,19,13,Two Year,1355.99,Debit Card,DSL,3,1,312.5,19,5,9,0,16746.48,1,13-24 months,1288.1905,4,1,Medium,High
CUST02506,Male,19,21,Two Year,3791.69,UPI,Fiber,6,1,380.68,6,20,5,1,63700.39,0,13-24 months,3033.3520000000003,7,2,Low,Medium
CUST02507,Male,41,1,Monthly,4799.35,Credit Card,Fiber,4,3,51.9,2,15,5,0,4079.45,1,0-12 months,4079.4475,7,3,Low,Medium
CUST02508,Female,34,19,Monthly,4580.65,UPI,Fiber,0,1,335.15,18,10,8,1,78329.11,1,13-24 months,4122.585,1,2,Medium,High
CUST02509,Female,49,60,Monthly,4052.19,Bank Transfer,Fiber,1,0,88.69,14,0,7,0,243131.4,0,49-72 months,4052.19,1,0,Medium,Medium
CUST02510,Female,33,33,Two Year,3705.47,Unknown,Unknown,2,1,167.4,6,5,8,1,116166.48,0,25-48 months,3520.1964999999996,3,2,Low,High
CUST02511,Female,33,4,Monthly,1558.12,Credit Card,DSL,4,1,359.5,12,0,4,0,6232.48,0,0-12 months,1558.12,5,1,Medium,Medium
CUST02512,Male,63,3,One Year,3352.56,Credit Card,Fiber,3,0,222.83,20,15,10,1,8549.03,0,0-12 months,2849.676,3,1,Medium,High
CUST02513,Female,56,52,Monthly,3394.73,Bank Transfer,Fiber,4,0,460.98,21,10,2,0,158873.36,1,49-72 months,3055.257,4,0,High,Low
CUST02514,Female,70,28,Monthly,2330.7,Bank Transfer,Unknown,0,4,124.4,27,5,6,0,61996.62,0,25-48 months,2214.1649999999995,4,4,High,Medium
CUST02515,Male,48,70,Monthly,2718.57,Debit Card,DSL,4,0,81.12,8,5,7,0,180784.91,0,49-72 months,2582.6415,4,0,Low,Medium
CUST02516,Female,60,70,Monthly,3623.13,Cash,Unknown,0,1,171.9,3,5,6,2,240938.14,0,49-72 months,3441.9735,1,3,Low,Medium
CUST02517,Male,41,55,Two Year,4784.46,UPI,Fiber,1,2,426.7,5,5,3,1,249988.03,1,49-72 months,4545.237,3,3,Low,Low
CUST02518,Female,18,57,Monthly,1828.88,Cash,Fiber,1,0,424.48,17,0,3,2,104246.16,0,49-72 months,1828.88,1,2,Medium,Low
CUST02519,Female,28,16,Two Year,1608.63,Credit Card,DSL,1,0,187.81,26,10,5,3,23164.27,0,13-24 months,1447.767,1,3,High,Medium
CUST02520,Male,38,24,One Year,3208.13,Credit Card,DSL,2,1,405.87,20,20,7,0,61596.1,0,13-24 months,2566.5040000000004,3,1,Medium,Medium
CUST02521,Male,21,69,One Year,1088.6,Debit Card,DSL,2,0,43.51,30,0,2,2,75113.4,0,49-72 months,1088.6,2,2,High,Low
CUST02522,Female,24,41,One Year,3121.4,Cash,Fiber,3,0,8.76,30,20,4,1,102381.92,0,25-48 months,2497.1200000000003,3,1,High,Medium
CUST02523,Female,43,47,Monthly,899.83,Credit Card,DSL,2,1,433.08,5,15,8,1,35948.21,0,25-48 months,764.8555,3,2,Low,High
CUST02524,Female,64,69,Monthly,2707.63,Cash,Fiber,0,3,437.67,14,15,3,1,158802.5,0,49-72 months,2301.4855000000002,3,4,Medium,Low
CUST02525,Male,67,31,One Year,3291.86,Debit Card,Fiber,2,2,75.98,29,15,7,5,86740.51,1,25-48 months,2798.081,4,7,High,Medium
CUST02526,Female,29,30,Monthly,815.49,Cash,DSL,1,0,152.37,20,15,10,0,20795.0,0,25-48 months,693.1665,1,0,Medium,High
CUST02527,Male,48,18,Monthly,1431.29,UPI,DSL,2,0,426.05,28,0,3,0,25763.22,0,13-24 months,1431.29,2,0,High,Low
CUST02528,Male,34,44,Monthly,2009.18,Debit Card,DSL,1,1,46.46,14,5,8,1,83983.72,0,25-48 months,1908.721,2,2,Medium,High
CUST02529,Female,50,27,One Year,2158.69,Cash,Unknown,4,2,432.23,9,5,7,0,55370.4,0,25-48 months,2050.7554999999998,6,2,Low,Medium
CUST02530,Male,28,26,Monthly,3542.47,Credit Card,DSL,3,1,289.47,8,0,1,0,92104.22,1,25-48 months,3542.47,4,1,Low,Low
CUST02531,Female,45,60,Monthly,2880.6,Bank Transfer,DSL,1,2,330.35,11,20,4,1,138268.8,0,49-72 months,2304.48,3,3,Medium,Medium
CUST02532,Female,49,18,Monthly,2219.49,Bank Transfer,DSL,3,0,299.44,28,10,7,1,35955.74,0,13-24 months,1997.541,3,1,High,Medium
CUST02533,Female,18,56,Two Year,2528.04,Debit Card,Fiber,1,0,293.35,29,5,5,0,134491.73,0,49-72 months,2401.638,1,0,High,Medium
CUST02534,Female,64,31,Monthly,558.4,Bank Transfer,DSL,2,1,96.61,18,20,3,1,13848.32,0,25-48 months,446.72,3,2,Medium,Low
CUST02535,Female,45,59,One Year,3967.36,UPI,Fiber,3,2,121.85,9,0,2,1,234074.24,0,49-72 months,3967.36,5,3,Low,Low
CUST02536,Male,70,2,One Year,684.52,Debit Card,DSL,4,1,292.13,2,0,9,0,1369.04,0,0-12 months,684.52,5,1,Low,High
CUST02537,Male,59,39,One Year,4231.93,Credit Card,Fiber,1,1,203.7,22,0,10,2,165045.27,0,25-48 months,4231.93,2,3,High,High
CUST02538,Female,24,61,Monthly,2934.48,Credit Card,Fiber,6,3,272.94,2,0,6,0,179003.28,0,49-72 months,2934.48,9,3,Low,Medium
CUST02539,Female,19,63,One Year,2875.19,Debit Card,Fiber,1,1,130.42,6,0,10,1,181136.97,0,49-72 months,2875.19,2,2,Low,High
CUST02540,Male,59,18,Monthly,3670.6,Bank Transfer,DSL,0,1,234.59,6,10,1,0,59463.72,0,13-24 months,3303.54,1,1,Low,Low
CUST02541,Male,41,17,Monthly,4368.02,Bank Transfer,Fiber,0,2,75.99,11,0,5,0,74256.34,1,13-24 months,4368.02,2,2,Medium,Medium
CUST02542,Male,21,39,One Year,4741.91,Credit Card,Fiber,0,1,24.01,23,20,7,3,147947.59,0,25-48 months,3793.5280000000002,1,4,High,Medium
CUST02543,Male,61,71,One Year,2945.16,UPI,DSL,4,0,475.8,10,15,8,0,177740.41,0,49-72 months,2503.386,4,0,Low,High
CUST02544,Female,36,54,One Year,1177.96,Bank Transfer,Fiber,2,1,362.91,13,0,5,1,63609.84,0,49-72 months,1177.96,3,2,Medium,Medium
CUST02545,Female,43,35,Two Year,4453.84,UPI,Fiber,4,4,251.54,21,15,10,2,132501.74,0,25-48 months,3785.764,8,6,High,High
CUST02546,Male,28,11,Monthly,683.02,Bank Transfer,Fiber,3,1,277.75,28,0,10,2,7513.22,0,0-12 months,683.02,4,3,High,High
CUST02547,Female,57,61,Two Year,4133.02,Debit Card,DSL,2,1,258.03,19,0,1,1,252114.22,0,49-72 months,4133.02,3,2,Medium,Low
CUST02548,Male,67,44,Monthly,3561.9,Unknown,DSL,3,1,449.91,28,10,2,1,141051.24,1,25-48 months,3205.71,4,2,High,Low
CUST02549,Female,60,68,One Year,4571.27,Credit Card,Unknown,6,0,387.95,2,15,4,1,264219.41,0,49-72 months,3885.5795000000003,6,1,Low,Medium
CUST02550,Male,28,25,Monthly,2706.835,Debit Card,Fiber,2,1,165.95,29,20,10,0,90771.6,0,25-48 months,2165.4680000000003,3,1,High,High
CUST02551,Female,62,48,Monthly,739.19,Bank Transfer,Fiber,1,2,113.0,20,5,1,3,33707.06,1,25-48 months,702.2305,3,5,Medium,Low
CUST02552,Male,20,32,Monthly,3242.51,Credit Card,Fiber,1,0,37.93,29,5,4,0,98572.3,0,25-48 months,3080.3845,1,0,High,Medium
CUST02553,Male,29,4,Monthly,1061.02,Cash,Unknown,2,0,78.16,14,10,6,0,3819.67,0,0-12 months,954.918,2,0,Medium,Medium
CUST02554,Female,20,38,Monthly,853.11,Cash,DSL,1,2,247.58,28,10,6,2,29176.36,0,25-48 months,767.799,3,4,High,Medium
CUST02555,Male,59,63,Monthly,2517.25,Bank Transfer,DSL,2,1,105.27,1,5,2,2,150657.41,0,49-72 months,2391.3875,3,3,Low,Low
CUST02556,Female,44,47,Monthly,939.19,Credit Card,Unknown,3,2,159.63,27,0,1,0,44141.93,0,25-48 months,939.19,5,2,High,Low
CUST02557,Female,66,1,One Year,3775.56,Bank Transfer,Fiber,4,2,71.0,12,0,8,0,3775.56,0,0-12 months,3775.56,6,2,Medium,High
CUST02558,Male,19,3,Monthly,4860.23,Cash,Fiber,3,1,461.79,18,15,9,1,12393.59,0,0-12 months,4131.1955,4,2,Medium,High
CUST02559,Female,66,62,Monthly,3063.12,Debit Card,DSL,2,1,21.69,24,5,9,1,180417.77,0,49-72 months,2909.964,3,2,High,High
CUST02560,Female,33,64,Monthly,1558.26,Debit Card,DSL,4,0,179.15,16,0,7,0,99728.64,1,49-72 months,1558.26,4,0,Medium,Medium
CUST02561,Female,19,17,Monthly,4294.43,UPI,DSL,5,1,132.79,5,20,4,2,58404.25,1,13-24 months,3435.5440000000003,6,3,Low,Medium
CUST02562,Female,47,62,Two Year,4338.97,Cash,DSL,0,3,9.11,21,15,2,0,228663.72,0,49-72 months,3688.1245,3,3,High,Low
CUST02563,Female,37,35,Two Year,3797.54,Cash,DSL,1,1,464.66,19,20,7,0,106331.12,0,25-48 months,3038.032,2,1,Medium,Medium
CUST02564,Male,55,13,Monthly,3268.09,Bank Transfer,Unknown,1,1,160.24,14,0,6,1,42485.17,0,13-24 months,3268.09,2,2,Medium,Medium
CUST02565,Female,45,35,One Year,4405.07,UPI,DSL,2,3,253.63,11,5,7,3,146468.58,0,25-48 months,4184.8165,5,6,Medium,Medium
CUST02566,Female,42,43,One Year,1234.81,UPI,Fiber,4,2,293.39,17,15,1,3,45132.31,1,25-48 months,1049.5884999999998,6,5,Medium,Low
CUST02567,Female,49,2,Monthly,4692.2,Credit Card,DSL,2,3,307.19,22,5,4,2,8915.18,0,0-12 months,4457.589999999999,5,5,High,Medium
CUST02568,Female,27,56,One Year,4762.41,Bank Transfer,DSL,3,1,232.83,15,5,1,2,253360.21,1,49-72 months,4524.2895,4,3,Medium,Low
CUST02569,Female,59,51,Monthly,4423.97,Debit Card,DSL,2,2,298.95,16,0,7,1,225622.47,0,49-72 months,4423.97,4,3,Medium,Medium
CUST02570,Male,57,54,Monthly,1627.98,Credit Card,Fiber,2,0,377.12,14,5,6,0,83515.37,0,49-72 months,1546.581,2,0,Medium,Medium
CUST02571,Female,50,16,Monthly,4361.8,UPI,Fiber,4,2,476.28,28,5,10,2,66299.36,0,13-24 months,4143.71,6,4,High,High
CUST02572,Male,30,18,Monthly,2739.37,Debit Card,Fiber,1,0,330.23,17,10,8,4,44377.79,0,13-24 months,2465.433,1,4,Medium,High
CUST02573,Male,58,7,One Year,3177.19,Cash,Unknown,0,0,233.8,4,10,2,0,20016.3,0,0-12 months,2859.471,0,0,Low,Low
CUST02574,Male,59,45,Monthly,4282.7,Bank Transfer,Fiber,0,1,225.08,14,0,8,1,192721.5,0,25-48 months,4282.7,1,2,Medium,High
CUST02575,Male,64,36,Monthly,633.12,UPI,Fiber,4,0,356.38,4,10,8,0,20513.09,0,25-48 months,569.808,4,0,Low,High
CUST02576,Female,54,41,Monthly,2133.24,Cash,DSL,2,2,315.38,27,10,2,2,78716.56,0,25-48 months,1919.916,4,4,High,Low
CUST02577,Male,33,42,One Year,2706.835,UPI,Unknown,0,1,213.09,3,5,7,1,166407.74,0,25-48 months,2571.49325,1,2,Low,Medium
CUST02578,Male,62,7,Two Year,4162.8,Debit Card,DSL,2,0,171.26,4,0,3,2,29139.6,0,0-12 months,4162.8,2,2,Low,Low
CUST02579,Female,39,15,One Year,4319.1,Credit Card,Unknown,1,1,496.61,30,5,5,1,61547.18,0,13-24 months,4103.145,2,2,High,Medium
CUST02580,Female,37,60,Monthly,2706.835,Debit Card,DSL,1,2,384.56,22,0,8,1,75688.2,0,49-72 months,2706.835,3,3,High,High
CUST02581,Female,67,40,One Year,3676.49,Bank Transfer,Unknown,4,1,107.35,6,5,1,0,139706.62,0,25-48 months,3492.6654999999996,5,1,Low,Low
CUST02582,Male,60,37,Monthly,1159.27,Bank Transfer,Fiber,5,0,149.62,30,0,1,2,42892.99,1,25-48 months,1159.27,5,2,High,Low
CUST02583,Female,44,66,Monthly,4032.94,UPI,Fiber,1,1,447.38,27,5,10,0,252865.34,1,49-72 months,3831.2929999999997,2,1,High,High
CUST02584,Female,58,55,Monthly,1603.07,Debit Card,DSL,3,0,332.11,22,15,8,1,74943.52,0,49-72 months,1362.6094999999998,3,1,High,High
CUST02585,Male,33,56,Monthly,3820.18,Credit Card,Fiber,0,1,158.82,22,15,6,1,181840.57,0,49-72 months,3247.153,1,2,High,Medium
CUST02586,Female,51,44,One Year,2547.51,Bank Transfer,Unknown,0,2,185.28,4,20,3,3,89672.35,0,25-48 months,2038.0080000000003,2,5,Low,Low
CUST02587,Female,49,57,Two Year,4938.19,Credit Card,Fiber,2,0,192.56,27,5,8,0,267402.99,0,49-72 months,4691.2805,2,0,High,High
CUST02588,Female,43,6,One Year,3109.52,Cash,Fiber,2,0,97.22,7,0,8,0,18657.12,0,0-12 months,3109.52,2,0,Low,High
CUST02589,Female,42,32,Monthly,3346.61,UPI,Fiber,1,2,258.03,7,15,9,1,91027.79,0,25-48 months,2844.6185,3,3,Low,High
CUST02590,Male,19,18,Monthly,2156.74,Credit Card,DSL,2,2,383.96,18,5,10,2,36880.25,0,13-24 months,2048.903,4,4,Medium,High
CUST02591,Female,29,68,Monthly,3805.34,UPI,Fiber,1,2,284.21,12,10,10,0,72487.86,0,49-72 months,3424.806,3,2,Medium,High
CUST02592,Female,57,7,One Year,2726.99,Cash,Fiber,3,0,329.69,16,0,6,0,19088.93,0,0-12 months,2726.99,3,0,Medium,Medium
CUST02593,Male,26,8,One Year,581.3,Credit Card,Unknown,3,2,299.72,6,0,7,2,4650.4,0,0-12 months,581.3,5,4,Low,Medium
CUST02594,Female,29,64,Two Year,3238.62,Credit Card,Unknown,1,1,34.15,5,0,6,0,207271.68,0,49-72 months,3238.62,2,1,Low,Medium
CUST02595,Male,43,7,Monthly,4237.07,Cash,Fiber,2,0,98.09,10,5,3,0,28176.52,1,0-12 months,4025.2164999999995,2,0,Low,Low
CUST02596,Female,26,41,Two Year,1565.61,Debit Card,DSL,0,0,178.42,17,20,9,2,51352.01,0,25-48 months,1252.488,0,2,Medium,High
CUST02597,Male,27,40,One Year,1494.79,Credit Card,DSL,2,1,445.17,30,10,1,0,53812.44,1,25-48 months,1345.311,3,1,High,Low
CUST02598,Male,49,3,Two Year,3239.99,Credit Card,Fiber,1,0,177.6,3,5,5,0,72487.86,0,0-12 months,3077.9904999999994,1,0,Low,Medium
CUST02599,Male,51,17,One Year,4180.91,Bank Transfer,DSL,2,0,166.92,9,10,6,0,63967.92,0,13-24 months,3762.819,2,0,Low,Medium
CUST02600,Male,65,66,One Year,1623.29,Debit Card,Fiber,4,1,44.89,29,0,6,1,107137.14,0,49-72 months,1623.29,5,2,High,Medium
CUST02601,Female,37,52,One Year,4695.18,Credit Card,Fiber,6,0,486.18,27,0,1,0,244149.36,0,49-72 months,4695.18,6,0,High,Low
CUST02602,Male,56,22,One Year,4673.24,Cash,DSL,1,1,390.38,25,15,8,0,87389.59,0,13-24 months,3972.254,2,1,High,High
CUST02603,Female,19,4,Monthly,1402.42,UPI,DSL,1,1,384.13,10,20,1,0,4487.74,1,0-12 months,1121.9360000000001,2,1,Low,Low
CUST02604,Male,18,6,Monthly,1687.03,Cash,Fiber,4,0,194.93,25,5,3,1,9616.07,1,0-12 months,1602.6785,4,1,High,Low
CUST02605,Male,68,38,Monthly,3652.69,Debit Card,DSL,2,1,43.79,27,0,8,1,138802.22,1,25-48 months,3652.69,3,2,High,High
CUST02606,Male,53,26,Monthly,4782.8,Bank Transfer,DSL,0,0,135.44,10,0,8,1,124352.8,0,25-48 months,4782.8,0,1,Low,High
CUST02607,Female,41,11,One Year,3694.47,Bank Transfer,DSL,3,5,427.19,21,15,1,2,34543.29,1,0-12 months,3140.2994999999996,8,7,High,Low
CUST02608,Male,44,17,Monthly,2502.05,Bank Transfer,DSL,3,0,94.25,6,0,1,1,42534.85,1,13-24 months,2502.05,3,1,Low,Low
CUST02609,Female,19,31,Monthly,1260.51,Cash,DSL,2,1,447.65,25,10,8,0,35168.23,0,25-48 months,1134.459,3,1,High,High
CUST02610,Female,48,35,Monthly,2574.54,UPI,Fiber,3,1,270.2,4,10,2,1,81098.01,0,25-48 months,2317.0860000000002,4,2,Low,Low
CUST02611,Female,31,16,One Year,3230.46,Unknown,Fiber,1,1,358.7,11,10,5,2,46518.62,1,13-24 months,2907.414,2,3,Medium,Medium
CUST02612,Female,19,18,Monthly,1989.28,Credit Card,DSL,3,1,229.55,20,0,8,1,35807.04,0,13-24 months,1989.28,4,2,Medium,High
CUST02613,Female,46,62,Monthly,2796.16,UPI,DSL,5,4,466.49,28,0,5,1,173361.92,0,49-72 months,2796.16,9,5,High,Medium
CUST02614,Female,32,27,Monthly,1085.96,UPI,Fiber,2,0,123.63,9,0,7,0,29320.92,0,25-48 months,1085.96,2,0,Low,Medium
CUST02615,Female,29,35,Monthly,2534.85,Credit Card,Fiber,2,0,288.35,12,10,6,2,79847.78,0,25-48 months,2281.365,2,2,Medium,Medium
CUST02616,Female,54,45,Two Year,908.49,Cash,DSL,3,2,39.21,23,10,5,2,36793.84,0,25-48 months,817.6410000000001,5,4,High,Medium
CUST02617,Female,45,35,Monthly,720.9,Cash,Fiber,1,0,242.81,22,15,3,3,21446.78,0,25-48 months,612.765,1,3,High,Low
CUST02618,Male,37,28,One Year,4357.58,Debit Card,Fiber,3,0,486.49,10,5,6,1,115911.63,0,25-48 months,4139.701,3,1,Low,Medium
CUST02619,Male,56,9,One Year,1422.87,Cash,Unknown,1,0,48.63,6,5,9,2,12165.54,0,0-12 months,1351.7264999999998,1,2,Low,High
CUST02620,Male,41,15,Two Year,3088.2,Bank Transfer,Fiber,2,0,255.83,13,10,7,3,41690.7,0,13-24 months,2779.38,2,3,Medium,Medium
CUST02621,Male,38,21,Monthly,1170.42,Bank Transfer,Fiber,3,1,303.14,5,5,10,1,23349.88,0,13-24 months,1111.8990000000001,4,2,Low,High
CUST02622,Male,27,52,Monthly,1681.37,Unknown,Fiber,4,3,466.21,28,20,1,0,69944.99,0,49-72 months,1345.096,7,3,High,Low
CUST02623,Female,63,35,Monthly,2126.03,UPI,DSL,1,1,152.22,27,10,5,1,66969.95,1,25-48 months,1913.4270000000001,2,2,High,Medium
CUST02624,Female,31,51,Monthly,1146.54,Debit Card,Fiber,1,1,253.96,4,10,7,0,52626.19,0,49-72 months,1031.886,2,1,Low,Medium
CUST02625,Female,54,55,One Year,706.83,Credit Card,DSL,3,2,493.66,3,15,7,1,33044.3,0,49-72 months,600.8055,5,3,Low,Medium
CUST02626,Female,35,44,Monthly,4447.22,Debit Card,DSL,2,1,385.66,30,10,7,2,176109.91,0,25-48 months,4002.4980000000005,3,3,High,Medium
CUST02627,Female,41,65,Monthly,553.25,Debit Card,Fiber,1,2,406.16,23,0,6,1,35961.25,0,49-72 months,553.25,3,3,High,Medium
CUST02628,Female,31,25,Two Year,775.94,Bank Transfer,Fiber,1,1,391.35,5,0,2,2,19398.5,1,25-48 months,775.94,2,3,Low,Low
CUST02629,Female,51,47,One Year,4122.82,Credit Card,DSL,2,1,260.04,18,10,2,1,174395.29,1,25-48 months,3710.538,3,2,Medium,Low
CUST02630,Male,29,56,Monthly,1769.04,Credit Card,Fiber,0,2,220.01,3,5,10,2,94112.93,0,49-72 months,1680.588,2,4,Low,High
CUST02631,Male,39,38,Monthly,3752.69,Debit Card,Fiber,1,0,131.13,5,15,6,1,121211.89,0,25-48 months,3189.7865,1,1,Low,Medium
CUST02632,Male,23,11,Monthly,1158.02,Credit Card,Fiber,2,1,235.65,9,0,1,1,12738.22,1,0-12 months,1158.02,3,2,Low,Low
CUST02633,Male,53,67,Two Year,1567.77,Credit Card,Fiber,0,2,15.15,28,0,6,0,105040.59,0,49-72 months,1567.77,2,2,High,Medium
CUST02634,Female,62,15,Two Year,3077.49,Cash,DSL,4,1,53.07,6,0,5,0,46162.35,0,13-24 months,3077.49,5,1,Low,Medium
CUST02635,Female,53,1,Two Year,4948.86,Credit Card,DSL,2,1,147.19,15,20,1,0,3959.09,1,0-12 months,3959.0879999999997,3,1,Medium,Low
CUST02636,Female,39,7,Two Year,830.5,UPI,Fiber,2,1,170.15,27,0,5,1,5813.5,0,0-12 months,830.5,3,2,High,Medium
CUST02637,Male,31,1,Monthly,2302.5,Credit Card,Unknown,0,0,355.22,18,20,4,2,1842.0,0,0-12 months,1842.0,0,2,Medium,Medium
CUST02638,Female,33,49,Monthly,693.86,Bank Transfer,Fiber,0,2,89.94,8,10,9,1,30599.23,0,49-72 months,624.474,2,3,Low,High
CUST02639,Female,53,29,Monthly,1396.52,Cash,DSL,1,0,398.91,12,0,1,0,40499.08,1,25-48 months,1396.52,1,0,Medium,Low
CUST02640,Female,42,26,One Year,4583.62,Bank Transfer,DSL,1,1,401.4,30,0,10,0,119174.12,0,25-48 months,4583.62,2,1,High,High
CUST02641,Male,49,45,Two Year,934.07,Bank Transfer,DSL,1,0,295.58,22,0,3,1,42033.15,0,25-48 months,934.07,1,1,High,Low
CUST02642,Female,50,71,Monthly,4355.85,UPI,Fiber,1,2,248.29,6,0,2,1,309265.35,0,49-72 months,4355.85,3,3,Low,Low
CUST02643,Male,62,12,Monthly,1300.11,Cash,DSL,5,2,236.36,29,20,1,1,12481.06,1,0-12 months,1040.088,7,3,High,Low
CUST02644,Male,53,32,Two Year,4378.03,Debit Card,Fiber,4,1,213.17,30,10,2,2,126087.26,0,25-48 months,3940.227,5,3,High,Low
CUST02645,Male,37,20,Monthly,2921.1,Credit Card,Fiber,0,2,48.84,8,0,7,1,58422.0,0,13-24 months,2921.1,2,3,Low,Medium
CUST02646,Male,35,51,Two Year,4451.93,UPI,Fiber,3,2,329.44,23,5,5,0,215696.01,0,49-72 months,4229.3335,5,2,High,Medium
CUST02647,Female,55,36,Monthly,1182.67,UPI,DSL,2,0,290.76,15,15,2,1,36189.7,0,25-48 months,1005.2695,2,1,Medium,Low
CUST02648,Male,20,67,Monthly,3929.16,Debit Card,Fiber,2,2,12.8,16,5,4,1,250091.03,0,49-72 months,3732.7019999999998,4,3,Medium,Medium
CUST02649,Male,40,1,Monthly,3563.14,UPI,Fiber,4,0,105.33,29,10,6,2,3206.83,1,0-12 months,3206.826,4,2,High,Medium
CUST02650,Female,49,27,One Year,2943.2,Debit Card,Fiber,1,1,220.98,5,10,8,0,71519.76,0,25-48 months,2648.88,2,1,Low,High
CUST02651,Female,62,40,One Year,4147.64,Debit Card,Fiber,4,0,451.15,11,0,6,0,165905.6,1,25-48 months,4147.64,4,0,Medium,Medium
CUST02652,Male,33,14,Monthly,3417.24,Debit Card,Fiber,3,1,495.19,30,15,6,0,40665.16,0,13-24 months,2904.6539999999995,4,1,High,Medium
CUST02653,Female,22,69,Two Year,4446.71,UPI,Unknown,4,2,376.91,25,5,6,1,291481.84,0,49-72 months,4224.3745,6,3,High,Medium
CUST02654,Male,21,6,One Year,2214.78,Debit Card,Fiber,1,2,375.92,17,0,5,1,13288.68,0,0-12 months,2214.78,3,3,Medium,Medium
CUST02655,Male,38,33,One Year,3154.65,UPI,Fiber,2,2,210.56,13,15,5,1,88487.93,0,25-48 months,2681.4525,4,3,Medium,Medium
CUST02656,Male,57,55,Monthly,4417.7,Cash,DSL,3,1,287.62,20,5,6,0,230824.82,0,49-72 months,4196.815,4,1,Medium,Medium
CUST02657,Male,68,19,Two Year,1466.66,Debit Card,DSL,1,0,120.24,26,0,6,1,27866.54,0,13-24 months,1466.66,1,1,High,Medium
CUST02658,Female,31,29,Monthly,2685.84,UPI,DSL,1,1,370.39,28,0,1,0,77889.36,1,25-48 months,2685.84,2,1,High,Low
CUST02659,Male,56,61,Monthly,4823.34,UPI,DSL,1,0,34.59,27,5,7,1,279512.55,0,49-72 months,4582.173,1,1,High,Medium
CUST02660,Female,48,70,Monthly,2631.21,UPI,Unknown,2,2,211.54,25,5,6,2,174975.46,0,49-72 months,2499.6495,4,4,High,Medium
CUST02661,Female,31,24,Monthly,1637.73,Credit Card,DSL,0,0,416.52,16,0,6,1,39305.52,0,13-24 months,1637.73,0,1,Medium,Medium
CUST02662,Female,23,23,Two Year,2079.84,Credit Card,DSL,5,2,490.03,18,5,1,2,45444.5,1,13-24 months,1975.848,7,4,Medium,Low
CUST02663,Female,29,10,Monthly,4482.88,Debit Card,DSL,3,1,349.8,13,0,7,1,44828.8,1,0-12 months,4482.88,4,2,Medium,Medium
CUST02664,Male,33,54,Monthly,4796.97,Cash,Unknown,2,0,102.65,29,0,6,0,259036.38,0,49-72 months,4796.97,2,0,High,Medium
CUST02665,Female,34,41,Two Year,4775.48,Debit Card,DSL,2,0,287.68,3,15,10,1,166425.48,0,25-48 months,4059.1579999999994,2,1,Low,High
CUST02666,Male,62,49,One Year,3645.24,Bank Transfer,DSL,2,1,282.45,3,0,2,1,178616.76,0,49-72 months,3645.24,3,2,Low,Low
CUST02667,Female,40,17,One Year,2793.21,Bank Transfer,Fiber,1,2,483.05,6,10,8,1,42736.11,0,13-24 months,2513.889,3,3,Low,High
CUST02668,Female,31,56,Monthly,1322.1,Cash,Fiber,1,0,420.89,15,0,8,1,74037.6,1,49-72 months,1322.1,1,1,Medium,High
CUST02669,Male,24,45,One Year,1054.49,Cash,Unknown,0,0,29.26,19,0,7,1,47452.05,1,25-48 months,1054.49,0,1,Medium,Medium
CUST02670,Male,63,30,Monthly,768.95,Cash,DSL,4,0,113.95,3,0,7,0,23068.5,0,25-48 months,768.95,4,0,Low,Medium
CUST02671,Male,49,44,Two Year,579.72,Credit Card,Fiber,1,2,421.75,21,5,7,1,24232.3,0,25-48 months,550.734,3,3,High,Medium
CUST02672,Female,32,55,One Year,4451.53,Credit Card,DSL,4,1,486.37,29,0,4,1,244834.15,0,49-72 months,4451.53,5,2,High,Medium
CUST02673,Female,61,19,One Year,4140.89,Bank Transfer,Fiber,0,2,150.86,3,0,1,2,78676.91,1,13-24 months,4140.89,2,4,Low,Low
CUST02674,Male,34,29,Monthly,3055.2,Cash,DSL,2,0,346.91,21,10,9,1,79740.72,0,25-48 months,2749.68,2,1,High,High
CUST02675,Male,58,2,Monthly,4994.25,UPI,Unknown,1,1,157.36,3,0,1,0,9988.5,1,0-12 months,4994.25,2,1,Low,Low
CUST02676,Male,64,36,Monthly,4788.73,Bank Transfer,Fiber,3,1,25.34,18,5,5,0,163774.57,1,25-48 months,4549.2935,4,1,Medium,Medium
CUST02677,Male,61,19,Monthly,3447.99,Cash,Fiber,3,2,415.59,8,5,10,1,62236.22,0,13-24 months,3275.5905,5,3,Low,High
CUST02678,Female,51,7,Monthly,2590.59,UPI,Fiber,1,1,370.73,16,15,9,3,15414.01,0,0-12 months,2202.0015,2,4,Medium,High
CUST02679,Male,22,26,One Year,1184.77,Cash,Unknown,3,1,31.39,3,10,2,3,27723.62,0,25-48 months,1066.2930000000001,4,4,Low,Low
CUST02680,Male,62,38,Monthly,2706.835,Debit Card,DSL,1,0,77.0,22,5,5,1,101808.14,0,25-48 months,2571.49325,1,1,High,Medium
CUST02681,Male,44,3,One Year,1209.85,UPI,DSL,1,0,499.77,11,5,1,0,3448.07,0,0-12 months,1149.3574999999998,1,0,Medium,Low
CUST02682,Male,69,66,Monthly,2293.03,Debit Card,DSL,2,0,327.13,16,5,2,1,143772.98,0,49-72 months,2178.3785000000003,2,1,Medium,Low
CUST02683,Female,40,71,Monthly,2706.835,Credit Card,Fiber,2,0,401.21,2,5,1,2,319842.5,0,49-72 months,2571.49325,2,2,Low,Low
CUST02684,Male,57,43,One Year,2038.91,Bank Transfer,Fiber,3,1,197.37,1,10,3,0,78905.82,1,25-48 months,1835.019,4,1,Low,Low
CUST02685,Female,31,62,One Year,1187.54,Cash,DSL,2,0,261.53,8,10,4,1,66264.73,0,49-72 months,1068.786,2,1,Low,Medium
CUST02686,Male,32,71,Monthly,3120.78,Bank Transfer,Unknown,4,0,311.84,12,5,1,0,210496.61,0,49-72 months,2964.741,4,0,Medium,Low
CUST02687,Male,60,24,Monthly,3210.64,Cash,Fiber,0,3,403.98,19,0,10,1,77055.36,0,13-24 months,3210.64,3,4,Medium,High
CUST02688,Female,50,39,One Year,1372.12,Debit Card,Fiber,2,1,172.76,18,0,1,2,53512.68,0,25-48 months,1372.12,3,3,Medium,Low
CUST02689,Male,70,68,Monthly,1384.64,UPI,Fiber,0,0,337.77,18,0,2,0,94155.52,0,49-72 months,1384.64,0,0,Medium,Low
CUST02690,Female,48,44,Monthly,4952.97,UPI,DSL,1,1,388.95,21,10,4,0,196137.61,1,25-48 months,4457.673000000001,2,1,High,Medium
CUST02691,Female,52,5,One Year,1594.76,Cash,Fiber,2,0,403.54,22,5,2,0,7575.11,0,0-12 months,1515.022,2,0,High,Low
CUST02692,Male,34,55,Monthly,4271.86,Debit Card,Unknown,2,0,252.12,11,20,2,1,187961.84,1,49-72 months,3417.488,2,1,Medium,Low
CUST02693,Female,45,30,Monthly,2706.835,Cash,Fiber,2,1,239.32,30,20,8,0,62795.04,0,25-48 months,2165.4680000000003,3,1,High,High
CUST02694,Female,36,29,Two Year,2457.45,Cash,Fiber,2,0,56.74,18,10,8,3,64139.44,0,25-48 months,2211.705,2,3,Medium,High
CUST02695,Female,63,26,One Year,1827.33,Cash,Fiber,5,1,251.37,6,5,7,3,45135.05,1,25-48 months,1735.9634999999998,6,4,Low,Medium
CUST02696,Female,40,26,Monthly,3982.22,UPI,Unknown,2,0,352.46,1,0,4,0,103537.72,0,25-48 months,3982.22,2,0,Low,Medium
CUST02697,Female,49,37,Monthly,4462.97,Cash,Fiber,3,1,460.69,9,0,7,1,165129.89,0,25-48 months,4462.97,4,2,Low,Medium
CUST02698,Female,57,53,Monthly,1675.07,UPI,Fiber,1,0,66.97,20,0,6,1,88778.71,0,49-72 months,1675.07,1,1,Medium,Medium
CUST02699,Female,30,30,Two Year,927.94,Credit Card,Fiber,2,1,484.6,16,20,7,2,22270.56,1,25-48 months,742.3520000000001,3,3,Medium,Medium
CUST02700,Female,37,3,One Year,1116.14,Debit Card,DSL,1,1,120.87,29,5,1,1,3181.0,0,0-12 months,1060.333,2,2,High,Low
CUST02701,Male,52,43,Monthly,4067.62,Credit Card,Fiber,1,0,92.05,30,0,5,1,174907.66,0,25-48 months,4067.62,1,1,High,Medium
CUST02702,Male,22,7,Monthly,2461.22,Cash,DSL,4,0,61.69,29,0,5,0,17228.54,1,0-12 months,2461.22,4,0,High,Medium
CUST02703,Female,26,49,Monthly,1093.62,UPI,Fiber,0,1,495.12,5,5,7,1,50908.01,0,49-72 months,1038.9389999999999,1,2,Low,Medium
CUST02704,Male,46,41,Monthly,2706.835,Debit Card,Unknown,0,0,282.7,19,5,4,1,79119.13,0,25-48 months,2571.49325,0,1,Medium,Medium
CUST02705,Female,23,54,One Year,2814.06,Bank Transfer,DSL,3,2,138.95,22,5,1,0,144361.28,0,49-72 months,2673.357,5,2,High,Low
CUST02706,Female,42,69,Monthly,4334.23,Debit Card,Fiber,2,0,162.18,17,15,3,1,254202.59,1,49-72 months,3684.0954999999994,2,1,Medium,Low
CUST02707,Male,48,27,Monthly,3387.84,Debit Card,Unknown,4,0,475.38,23,10,4,1,82324.51,0,25-48 months,3049.056,4,1,High,Medium
CUST02708,Female,39,8,Monthly,1292.15,Cash,Fiber,1,2,450.48,8,0,5,2,10337.2,0,0-12 months,1292.15,3,4,Low,Medium
CUST02709,Female,19,32,Monthly,1214.16,Credit Card,DSL,2,1,178.24,19,5,8,0,36910.46,0,25-48 months,1153.452,3,1,Medium,High
CUST02710,Female,62,64,Monthly,2355.5,Credit Card,Fiber,2,0,36.47,18,5,8,0,143214.4,0,49-72 months,2237.725,2,0,Medium,High
CUST02711,Female,22,10,One Year,838.37,Bank Transfer,Fiber,2,0,417.59,12,5,2,1,7964.52,0,0-12 months,796.4515,2,1,Medium,Low
CUST02712,Male,44,13,One Year,3900.1,Cash,Fiber,3,1,457.64,16,0,10,1,50701.3,0,13-24 months,3900.1,4,2,Medium,High
CUST02713,Female,42,63,Two Year,2306.54,Debit Card,DSL,0,0,419.58,14,10,4,2,130780.82,0,49-72 months,2075.886,0,2,Medium,Medium
CUST02714,Female,25,35,Two Year,2043.61,Credit Card,Fiber,2,2,456.92,4,10,2,0,64373.72,1,25-48 months,1839.249,4,2,Low,Low
CUST02715,Female,18,61,One Year,2790.99,Credit Card,DSL,1,0,290.07,8,20,5,1,136200.31,0,49-72 months,2232.792,1,1,Low,Medium
CUST02716,Male,37,54,One Year,3690.31,UPI,Fiber,3,2,420.63,27,5,4,1,189312.9,0,49-72 months,3505.7945,5,3,High,Medium
CUST02717,Female,61,8,Two Year,3062.06,Debit Card,DSL,1,2,472.24,24,15,2,2,20822.01,1,0-12 months,2602.7509999999997,3,4,High,Low
CUST02718,Male,40,29,Monthly,4110.81,Cash,DSL,1,1,445.5,30,15,3,0,101331.47,1,25-48 months,3494.1885,2,1,High,Low
CUST02719,Male,49,41,Monthly,3332.13,Credit Card,DSL,1,0,295.65,12,5,3,2,129786.46,1,25-48 months,3165.5235,1,2,Medium,Low
CUST02720,Female,28,30,Monthly,4045.87,Cash,DSL,4,2,374.53,11,0,7,2,121376.1,1,25-48 months,4045.87,6,4,Medium,Medium
CUST02721,Female,56,21,One Year,3635.52,Debit Card,Fiber,0,0,362.04,13,0,4,1,76345.92,1,13-24 months,3635.52,0,1,Medium,Medium
CUST02722,Male,64,11,One Year,1369.05,Debit Card,Fiber,1,0,402.47,8,5,1,2,14306.57,1,0-12 months,1300.5974999999999,1,2,Low,Low
CUST02723,Female,41,2,Monthly,735.6,Credit Card,Fiber,2,0,118.28,18,15,5,2,1250.52,0,0-12 months,625.26,2,2,Medium,Medium
CUST02724,Male,28,50,Monthly,4565.29,Bank Transfer,Unknown,4,0,6.08,13,10,6,2,205438.05,0,49-72 months,4108.761,4,2,Medium,Medium
CUST02725,Male,46,41,Monthly,4755.45,Cash,DSL,3,0,257.4,4,0,6,2,194973.45,0,25-48 months,4755.45,3,2,Low,Medium
CUST02726,Female,43,66,Monthly,3771.2,Cash,DSL,1,1,383.95,26,10,10,3,224009.28,0,49-72 months,3394.08,2,4,High,High
CUST02727,Female,33,3,Monthly,3758.93,UPI,Unknown,1,1,66.94,1,15,2,0,9585.27,0,0-12 months,3195.0905,2,1,Low,Low
CUST02728,Male,52,51,Monthly,1715.66,Debit Card,Unknown,1,2,268.73,27,0,5,2,87498.66,0,49-72 months,1715.66,3,4,High,Medium
CUST02729,Male,37,68,Monthly,2940.99,Debit Card,DSL,1,0,160.63,23,0,4,0,199987.32,0,49-72 months,2940.99,1,0,High,Medium
CUST02730,Male,63,25,Two Year,4965.08,Credit Card,DSL,3,1,419.93,10,0,5,1,124127.0,1,25-48 months,4965.08,4,2,Low,Medium
CUST02731,Male,20,30,Two Year,4352.65,Credit Card,Unknown,3,2,54.63,6,10,7,3,117521.55,0,25-48 months,3917.3849999999998,5,5,Low,Medium
CUST02732,Female,18,11,Two Year,1869.77,Credit Card,DSL,2,1,424.71,11,15,3,0,17482.35,0,0-12 months,1589.3045,3,1,Medium,Low
CUST02733,Female,70,17,One Year,1854.71,UPI,DSL,2,1,307.33,7,5,8,0,29953.57,0,13-24 months,1761.9745,3,1,Low,High
CUST02734,Female,64,26,One Year,2676.1,Bank Transfer,DSL,4,2,460.13,10,15,9,0,59141.81,0,25-48 months,2274.685,6,2,Low,High
CUST02735,Female,18,23,One Year,2320.69,Credit Card,DSL,1,2,468.14,12,10,1,1,48038.28,0,13-24 months,2088.621,3,3,Medium,Low
CUST02736,Female,34,56,One Year,2170.19,Credit Card,Fiber,1,1,405.39,21,10,1,0,109377.58,0,49-72 months,1953.171,2,1,High,Low
CUST02737,Male,19,52,One Year,3321.37,Credit Card,DSL,0,1,267.4,22,5,9,2,164075.68,0,49-72 months,3155.3014999999996,1,3,High,High
CUST02738,Female,46,48,Monthly,551.72,UPI,DSL,1,0,75.57,28,0,10,1,26482.56,0,25-48 months,551.72,1,1,High,High
CUST02739,Female,37,20,Monthly,3935.03,Cash,Fiber,3,2,116.58,6,15,1,1,66895.51,1,13-24 months,3344.7755,5,3,Low,Low
CUST02740,Female,23,2,One Year,3830.24,Bank Transfer,Fiber,4,5,211.79,6,5,2,3,7277.46,0,0-12 months,3638.7279999999996,9,8,Low,Low
CUST02741,Female,25,31,Monthly,4236.47,Cash,Unknown,3,0,365.87,25,15,3,2,111630.98,1,25-48 months,3600.9995,3,2,High,Low
CUST02742,Female,46,27,Monthly,4286.53,Debit Card,DSL,1,0,274.7,30,15,7,2,98375.86,0,25-48 months,3643.5505,1,2,High,Medium
CUST02743,Male,65,2,Monthly,3048.8,Debit Card,Fiber,3,1,221.96,4,20,10,0,4878.08,1,0-12 months,2439.0400000000004,4,1,Low,High
CUST02744,Male,68,4,Monthly,4010.33,Credit Card,Fiber,1,2,241.38,2,0,3,0,16041.32,1,0-12 months,4010.33,3,2,Low,Low
CUST02745,Male,50,13,Two Year,2715.78,Cash,DSL,4,0,372.04,25,20,9,0,28244.11,0,13-24 months,2172.6240000000003,4,0,High,High
CUST02746,Female,20,35,Monthly,4781.88,UPI,Fiber,4,0,22.01,26,0,2,1,167365.8,0,25-48 months,4781.88,4,1,High,Low
CUST02747,Male,52,72,Monthly,1358.14,Bank Transfer,Fiber,3,2,224.1,7,5,3,1,92896.78,0,49-72 months,1290.233,5,3,Low,Low
CUST02748,Male,22,66,Monthly,4620.28,Cash,DSL,0,2,288.49,21,10,9,1,274444.63,0,49-72 months,4158.2519999999995,2,3,High,High
CUST02749,Female,44,6,Two Year,1663.39,Cash,DSL,2,2,296.41,22,0,6,1,9980.34,0,0-12 months,1663.39,4,3,High,Medium
CUST02750,Female,61,31,One Year,962.26,Bank Transfer,Unknown,1,1,311.25,27,0,9,0,29830.06,0,25-48 months,962.26,2,1,High,High
CUST02751,Female,29,10,One Year,2475.97,Cash,Fiber,1,1,31.46,7,10,5,2,22283.73,0,0-12 months,2228.373,2,3,Low,Medium
CUST02752,Male,37,21,Two Year,3267.13,Cash,Fiber,1,0,281.18,21,20,4,1,54887.78,1,13-24 months,2613.704,1,1,High,Medium
CUST02753,Male,62,23,Monthly,1539.45,Bank Transfer,Fiber,0,1,277.52,21,10,2,3,31866.62,1,13-24 months,1385.505,1,4,High,Low
CUST02754,Female,37,3,Monthly,3001.08,UPI,Fiber,3,1,428.15,22,15,1,0,7652.75,0,0-12 months,2550.9179999999997,4,1,High,Low
CUST02755,Female,26,32,Monthly,4135.52,Bank Transfer,Fiber,1,2,381.24,24,0,5,2,132336.64,1,25-48 months,4135.52,3,4,High,Medium
CUST02756,Male,56,20,One Year,1656.88,Credit Card,DSL,2,0,20.46,29,5,1,0,31480.72,1,13-24 months,1574.036,2,0,High,Low
CUST02757,Male,21,29,One Year,3111.45,Credit Card,Fiber,2,1,280.18,2,15,6,2,76697.24,0,25-48 months,2644.7324999999996,3,3,Low,Medium
CUST02758,Female,68,52,Monthly,2026.91,Credit Card,Unknown,0,1,347.02,27,10,6,1,94859.39,0,49-72 months,1824.219,1,2,High,Medium
CUST02759,Female,36,46,Monthly,2883.96,Credit Card,Fiber,2,1,292.17,10,10,7,0,119395.94,0,25-48 months,2595.5640000000003,3,1,Low,Medium
CUST02760,Male,55,34,Monthly,3501.14,Debit Card,DSL,2,1,339.8,25,0,9,2,119038.76,0,25-48 months,3501.14,3,3,High,High
CUST02761,Female,44,61,One Year,2076.9,UPI,Unknown,1,0,62.74,14,15,6,2,107687.26,0,49-72 months,1765.365,1,2,Medium,Medium
CUST02762,Male,62,72,Monthly,4975.17,Debit Card,Fiber,4,0,88.77,26,15,3,0,304480.4,1,49-72 months,4228.8945,4,0,High,Low
CUST02763,Male,60,71,Monthly,3036.99,Cash,Fiber,4,0,293.45,5,10,8,1,194063.66,0,49-72 months,2733.2909999999997,4,1,Low,High
CUST02764,Male,30,70,Monthly,4210.08,Cash,DSL,2,1,401.34,20,5,5,1,279970.32,1,49-72 months,3999.5759999999996,3,2,Medium,Medium
CUST02765,Male,30,11,One Year,2706.835,Bank Transfer,DSL,7,0,17.86,8,15,8,1,35185.08,0,0-12 months,2300.80975,7,1,Low,High
CUST02766,Female,39,63,One Year,4337.62,Credit Card,DSL,1,2,220.94,20,5,8,2,259606.56,1,49-72 months,4120.739,3,4,Medium,High
CUST02767,Female,45,21,Monthly,1282.1,Bank Transfer,Fiber,2,1,496.07,18,15,3,3,22885.48,1,13-24 months,1089.7849999999999,3,4,Medium,Low
CUST02768,Male,69,3,One Year,1501.49,Cash,DSL,3,1,384.04,21,5,7,1,4279.25,0,0-12 months,1426.4154999999998,4,2,High,Medium
CUST02769,Male,64,10,Monthly,2693.35,Credit Card,DSL,2,1,227.84,5,5,4,1,25586.82,1,0-12 months,2558.6825,3,2,Low,Medium
CUST02770,Male,70,27,Two Year,4335.48,UPI,Fiber,3,2,53.53,4,10,9,1,105352.16,0,25-48 months,3901.932,5,3,Low,High
CUST02771,Male,62,12,Monthly,2706.835,Cash,Unknown,5,0,182.8,19,0,7,2,16670.76,0,0-12 months,2706.835,5,2,Medium,Medium
CUST02772,Male,39,7,One Year,4869.8,Bank Transfer,DSL,2,2,81.44,11,0,10,0,34088.6,0,0-12 months,4869.8,4,2,Medium,High
CUST02773,Female,60,17,Monthly,1074.21,Bank Transfer,DSL,0,1,460.79,5,10,2,1,72487.86,0,13-24 months,966.7890000000001,1,2,Low,Low
CUST02774,Female,36,65,Monthly,1287.85,Cash,DSL,2,0,344.39,16,20,1,1,66968.2,0,49-72 months,1030.28,2,1,Medium,Low
CUST02775,Female,25,64,One Year,1252.55,Debit Card,DSL,2,0,428.57,9,5,6,0,76155.04,0,49-72 months,1189.9225,2,0,Low,Medium
CUST02776,Female,69,26,Monthly,3137.03,UPI,Fiber,4,1,449.24,25,15,6,0,69328.36,0,25-48 months,2666.4755,5,1,High,Medium
CUST02777,Male,25,15,Monthly,4628.93,Cash,DSL,1,4,305.41,25,5,10,0,65962.25,1,13-24 months,4397.4835,5,4,High,High
CUST02778,Male,59,33,Monthly,1648.0,Cash,DSL,0,0,8.27,6,20,5,1,43507.2,0,25-48 months,1318.4,0,1,Low,Medium
CUST02779,Male,43,62,Monthly,2988.67,Bank Transfer,DSL,2,0,280.26,8,10,2,1,166767.79,0,49-72 months,2689.8030000000003,2,1,Low,Low
CUST02780,Male,65,47,Monthly,1290.98,Credit Card,Unknown,1,2,402.24,1,15,9,1,51574.65,0,25-48 months,1097.333,3,3,Low,High
CUST02781,Male,68,35,Monthly,3340.12,Credit Card,Fiber,0,3,160.67,1,10,6,1,105213.78,0,25-48 months,3006.108,3,4,Low,Medium
CUST02782,Female,43,65,One Year,1054.61,Credit Card,Fiber,3,0,464.24,23,15,4,0,58267.2,0,49-72 months,896.4184999999999,3,0,High,Medium
CUST02783,Male,40,72,One Year,2710.9,Bank Transfer,DSL,4,2,498.43,28,5,7,0,185425.56,0,49-72 months,2575.355,6,2,High,Medium
CUST02784,Female,60,25,Monthly,3448.32,Credit Card,DSL,6,1,276.89,5,5,9,0,81897.6,0,25-48 months,3275.904,7,1,Low,High
CUST02785,Female,30,57,One Year,3106.08,Cash,Fiber,1,0,267.96,18,15,8,1,150489.58,0,49-72 months,2640.1679999999997,1,1,Medium,High
CUST02786,Female,45,32,Two Year,1130.0,Unknown,DSL,2,1,329.32,4,0,1,0,36160.0,0,25-48 months,1130.0,3,1,Low,Low
CUST02787,Female,26,63,Monthly,1226.18,Debit Card,Fiber,4,1,285.34,16,5,3,0,73386.87,1,49-72 months,1164.871,5,1,Medium,Low
CUST02788,Male,37,12,Monthly,3521.26,Debit Card,Fiber,0,1,84.43,20,15,10,3,35916.85,0,0-12 months,2993.071,1,4,Medium,High
CUST02789,Female,36,63,One Year,4140.09,Credit Card,Unknown,1,0,139.2,22,0,2,2,260825.67,0,49-72 months,4140.09,1,2,High,Low
CUST02790,Female,65,1,One Year,4586.33,Debit Card,Unknown,2,0,104.89,24,20,3,0,3669.06,1,0-12 months,3669.0640000000003,2,0,High,Low
CUST02791,Female,56,51,Monthly,4161.25,Credit Card,Unknown,4,3,40.7,29,10,5,0,191001.38,1,49-72 months,3745.125,7,3,High,Medium
CUST02792,Male,68,70,Monthly,4882.66,Cash,Fiber,4,0,74.49,19,10,6,0,307607.58,0,49-72 months,4394.394,4,0,Medium,Medium
CUST02793,Male,29,8,Monthly,2706.835,Cash,Fiber,2,0,486.3,28,10,3,0,16827.34,0,0-12 months,2436.1515,2,0,High,Low
CUST02794,Male,32,68,Two Year,1990.25,Bank Transfer,DSL,1,0,279.72,28,5,2,1,128570.15,0,49-72 months,1890.7375,1,1,High,Low
CUST02795,Female,48,5,Monthly,626.83,Bank Transfer,DSL,2,1,67.32,30,5,5,0,2977.44,0,0-12 months,595.4885,3,1,High,Medium
CUST02796,Female,31,39,Two Year,2524.53,UPI,Fiber,2,1,357.98,7,15,4,0,83688.17,0,25-48 months,2145.8505,3,1,Low,Medium
CUST02797,Male,28,23,Monthly,3431.17,Unknown,Fiber,1,2,241.01,15,0,5,2,78916.91,0,13-24 months,3431.17,3,4,Medium,Medium
CUST02798,Female,43,68,Monthly,4169.34,Credit Card,DSL,2,0,116.21,18,5,10,1,269339.36,0,49-72 months,3960.873,2,1,Medium,High
CUST02799,Male,59,52,Monthly,1703.55,UPI,Fiber,2,2,472.07,9,0,4,0,88584.6,0,49-72 months,1703.55,4,2,Low,Medium
CUST02800,Male,44,4,One Year,2811.16,Cash,Unknown,2,1,116.15,28,20,4,0,8995.71,0,0-12 months,2248.928,3,1,High,Medium
CUST02801,Female,28,47,Monthly,3479.04,Credit Card,Fiber,2,2,53.31,7,0,8,0,163514.88,0,25-48 months,3479.04,4,2,Low,High
CUST02802,Female,55,21,Monthly,2982.21,Cash,DSL,4,0,106.86,1,0,6,0,62626.41,0,13-24 months,2982.21,4,0,Low,Medium
CUST02803,Female,51,56,Two Year,1733.09,Cash,Fiber,4,0,456.4,13,20,2,0,77642.43,0,49-72 months,1386.472,4,0,Medium,Low
CUST02804,Female,60,66,Two Year,4083.27,Credit Card,DSL,1,0,429.61,4,5,3,2,256021.03,0,49-72 months,3879.1065,1,2,Low,Low
CUST02805,Male,36,59,Monthly,1280.12,Cash,DSL,2,0,447.69,2,0,8,1,75527.08,0,49-72 months,1280.12,2,1,Low,High
CUST02806,Male,23,7,Monthly,4572.41,Cash,Fiber,3,4,458.51,10,5,1,0,30406.53,1,0-12 months,4343.7895,7,4,Low,Low
CUST02807,Male,63,49,One Year,4786.69,Cash,DSL,2,2,43.36,5,0,6,0,234547.81,0,49-72 months,4786.69,4,2,Low,Medium
CUST02808,Male,69,16,One Year,2145.08,Bank Transfer,Fiber,5,0,357.11,25,15,3,1,29173.09,0,13-24 months,1823.318,5,1,High,Low
CUST02809,Male,55,17,Monthly,2192.82,Debit Card,Fiber,1,1,333.94,3,10,9,1,33550.15,0,13-24 months,1973.5380000000002,2,2,Low,High
CUST02810,Female,66,34,Two Year,3844.75,Cash,Fiber,1,1,496.49,5,0,10,2,130721.5,0,25-48 months,3844.75,2,3,Low,High
CUST02811,Male,59,33,Monthly,2553.3,Credit Card,Unknown,2,1,358.76,11,5,1,1,80045.96,0,25-48 months,2425.635,3,2,Medium,Low
CUST02812,Male,45,26,One Year,628.75,Cash,Fiber,1,0,397.06,26,0,2,2,16347.5,1,25-48 months,628.75,1,2,High,Low
CUST02813,Male,18,66,Monthly,4639.45,Bank Transfer,DSL,2,0,358.92,18,10,6,1,275583.33,1,49-72 months,4175.505,2,1,Medium,Medium
CUST02814,Female,52,63,One Year,2438.38,Bank Transfer,DSL,0,0,312.19,20,10,4,2,138256.15,0,49-72 months,2194.5420000000004,0,2,Medium,Medium
CUST02815,Female,57,41,Monthly,1415.73,Cash,Fiber,1,0,278.75,2,5,10,1,55142.68,0,25-48 months,1344.9434999999999,1,1,Low,High
CUST02816,Female,25,58,One Year,3000.49,UPI,Fiber,1,2,484.78,24,20,1,0,139222.74,1,49-72 months,2400.392,3,2,High,Low
CUST02817,Female,69,10,Two Year,1485.08,Debit Card,Fiber,0,0,468.49,23,15,10,2,12623.18,0,0-12 months,1262.318,0,2,High,High
CUST02818,Male,64,15,Monthly,1427.1,Credit Card,Fiber,0,2,221.74,16,0,4,0,21406.5,0,13-24 months,1427.1,2,2,Medium,Medium
CUST02819,Male,24,42,Monthly,2955.79,Credit Card,Fiber,0,1,145.66,23,0,2,1,124143.18,1,25-48 months,2955.79,1,2,High,Low
CUST02820,Female,28,57,Monthly,2259.69,Credit Card,DSL,3,1,256.99,23,10,9,2,115922.1,0,49-72 months,2033.721,4,3,High,High
CUST02821,Female,56,17,Two Year,3078.47,Credit Card,DSL,1,0,374.33,25,5,7,1,49717.29,0,13-24 months,2924.5464999999995,1,1,High,Medium
CUST02822,Male,21,60,Two Year,4985.71,Bank Transfer,Fiber,2,1,203.47,18,0,6,2,299142.6,0,49-72 months,4985.71,3,3,Medium,Medium
CUST02823,Male,42,9,One Year,4365.58,Debit Card,Unknown,2,3,270.93,6,15,9,2,33396.69,1,0-12 months,3710.743,5,5,Low,High
CUST02824,Female,29,36,Monthly,534.52,Cash,Fiber,3,0,152.86,15,20,8,1,15394.18,0,25-48 months,427.616,3,1,Medium,High
CUST02825,Female,43,36,Two Year,727.5,Cash,DSL,0,1,216.71,12,15,2,1,22261.5,0,25-48 months,618.375,1,2,Medium,Low
CUST02826,Female,55,48,Monthly,3245.36,UPI,Unknown,1,1,478.86,29,5,3,3,147988.42,0,25-48 months,3083.092,2,4,High,Low
CUST02827,Female,63,51,Monthly,3318.15,Cash,Fiber,3,1,111.35,30,10,7,0,152303.08,0,49-72 months,2986.335,4,1,High,Medium
CUST02828,Male,29,70,Monthly,4451.86,Debit Card,DSL,2,1,494.42,4,0,10,1,311630.2,0,49-72 months,4451.86,3,2,Low,High
CUST02829,Male,60,68,Monthly,3330.76,Cash,DSL,3,0,111.69,29,20,4,1,181193.34,0,49-72 months,2664.608,3,1,High,Medium
CUST02830,Male,68,22,Two Year,1524.72,Bank Transfer,DSL,3,2,163.02,12,0,6,3,33543.84,1,13-24 months,1524.72,5,5,Medium,Medium
CUST02831,Female,70,6,One Year,2608.32,Cash,Fiber,0,1,48.15,26,0,9,1,15649.92,0,0-12 months,2608.32,1,2,High,High
CUST02832,Female,54,26,Monthly,4140.43,Credit Card,Fiber,2,2,377.29,11,0,7,1,107651.18,0,25-48 months,4140.43,4,3,Medium,Medium
CUST02833,Male,63,3,Monthly,4652.71,Credit Card,Fiber,2,0,13.73,22,5,3,0,13260.22,0,0-12 months,4420.0745,2,0,High,Low
CUST02834,Male,70,52,Monthly,1566.12,Credit Card,Fiber,0,1,394.98,9,15,6,0,69222.5,0,49-72 months,1331.2019999999998,1,1,Low,Medium
CUST02835,Male,41,60,One Year,2928.22,Credit Card,DSL,1,1,290.68,27,0,7,0,175693.2,0,49-72 months,2928.22,2,1,High,Medium
CUST02836,Male,33,63,Monthly,1215.17,Bank Transfer,Fiber,0,2,375.64,1,0,1,0,76555.71,0,49-72 months,1215.17,2,2,Low,Low
CUST02837,Female,30,65,Monthly,2736.5,Bank Transfer,DSL,1,1,392.64,18,0,7,2,177872.5,0,49-72 months,2736.5,2,3,Medium,Medium
CUST02838,Male,42,52,One Year,905.51,Bank Transfer,Fiber,1,2,66.57,6,10,5,1,42377.87,0,49-72 months,814.9590000000001,3,3,Low,Medium
CUST02839,Male,69,14,Two Year,4737.78,Cash,Fiber,0,0,15.59,12,5,7,0,63012.47,1,13-24 months,4500.891,0,0,Medium,Medium
CUST02840,Male,21,72,Two Year,3371.25,Credit Card,DSL,2,3,88.54,28,0,7,2,242730.0,0,49-72 months,3371.25,5,5,High,Medium
CUST02841,Male,28,68,Two Year,4343.98,UPI,Fiber,1,1,195.11,23,5,6,0,280621.11,0,49-72 months,4126.780999999999,2,1,High,Medium
CUST02842,Male,49,28,One Year,4992.33,UPI,DSL,1,0,41.29,29,0,3,0,139785.24,0,25-48 months,4992.33,1,0,High,Low
CUST02843,Male,66,71,Monthly,1322.0,Credit Card,Fiber,0,1,231.09,3,15,9,0,79782.7,0,49-72 months,1123.7,1,1,Low,High
CUST02844,Male,24,10,Two Year,3623.65,Debit Card,Unknown,3,1,146.12,1,0,5,2,36236.5,0,0-12 months,3623.65,4,3,Low,Medium
CUST02845,Female,63,57,Monthly,4491.44,Cash,Fiber,5,1,185.1,7,5,9,2,243211.48,0,49-72 months,4266.8679999999995,6,3,Low,High
CUST02846,Female,28,66,One Year,3091.72,UPI,Fiber,0,1,470.48,28,5,3,0,193850.84,0,49-72 months,2937.1339999999996,1,1,High,Low
CUST02847,Female,45,50,Monthly,3378.63,Bank Transfer,Unknown,0,0,363.51,18,5,7,3,160484.92,0,49-72 months,3209.6985,0,3,Medium,Medium
CUST02848,Female,58,14,Two Year,2334.52,Debit Card,Fiber,1,2,330.79,12,10,5,0,29414.95,0,13-24 months,2101.068,3,2,Medium,Medium
CUST02849,Male,40,16,Monthly,2706.835,Bank Transfer,Unknown,5,1,328.51,29,10,7,1,50924.45,0,13-24 months,2436.1515,6,2,High,Medium
CUST02850,Female,62,54,Monthly,2280.1,Debit Card,Fiber,3,2,279.91,22,0,8,1,123125.4,0,49-72 months,2280.1,5,3,High,High
CUST02851,Female,40,43,One Year,2644.79,Debit Card,DSL,3,1,258.93,20,0,8,0,113725.97,0,25-48 months,2644.79,4,1,Medium,High
CUST02852,Male,67,42,Monthly,963.1,Cash,DSL,4,1,441.67,16,10,5,0,36405.18,0,25-48 months,866.7900000000001,5,1,Medium,Medium
CUST02853,Male,45,22,Two Year,535.14,Bank Transfer,Unknown,0,1,42.13,26,0,5,1,11773.08,0,13-24 months,535.14,1,2,High,Medium
CUST02854,Female,60,68,Monthly,748.18,Bank Transfer,DSL,1,0,147.82,20,15,8,0,43244.8,0,49-72 months,635.953,1,0,Medium,High
CUST02855,Female,64,19,One Year,1366.35,UPI,Unknown,1,2,56.54,25,10,6,1,23364.58,0,13-24 months,1229.715,3,3,High,Medium
CUST02856,Male,43,66,Two Year,2554.72,Credit Card,DSL,1,2,10.47,7,20,6,3,134889.22,0,49-72 months,2043.7759999999998,3,5,Low,Medium
CUST02857,Female,42,39,One Year,594.47,Credit Card,Fiber,2,0,11.86,17,10,2,1,20865.9,0,25-48 months,535.023,2,1,Medium,Low
CUST02858,Male,46,19,Monthly,1201.71,UPI,Unknown,1,0,16.88,4,0,7,0,22832.49,0,13-24 months,1201.71,1,0,Low,Medium
CUST02859,Male,36,16,Monthly,4016.5,Debit Card,Unknown,1,1,342.46,10,0,10,0,72487.86,0,13-24 months,4016.5,2,1,Low,High
CUST02860,Male,50,54,Monthly,3929.75,UPI,Fiber,0,1,60.15,6,0,7,2,212206.5,0,49-72 months,3929.75,1,3,Low,Medium
CUST02861,Male,53,25,Two Year,4053.79,UPI,Unknown,2,0,105.19,2,10,6,0,91210.28,1,25-48 months,3648.411,2,0,Low,Medium
CUST02862,Female,31,18,One Year,4646.93,Bank Transfer,DSL,3,0,212.4,4,0,2,1,83644.74,0,13-24 months,4646.93,3,1,Low,Low
CUST02863,Male,31,23,Two Year,1035.82,UPI,Unknown,3,3,138.28,18,10,5,1,21441.47,0,13-24 months,932.2379999999999,6,4,Medium,Medium
CUST02864,Male,52,11,Monthly,1234.13,Debit Card,Unknown,3,0,409.27,1,5,6,0,12896.66,1,0-12 months,1172.4235,3,0,Low,Medium
CUST02865,Female,47,39,Monthly,2000.99,Credit Card,Unknown,2,0,313.61,1,10,4,2,70234.75,0,25-48 months,1800.891,2,2,Low,Medium
CUST02866,Male,45,68,Monthly,4618.14,Cash,Unknown,2,2,169.99,16,5,10,1,298331.84,0,49-72 months,4387.233,4,3,Medium,High
CUST02867,Female,34,25,One Year,3989.65,UPI,Fiber,3,0,162.3,25,0,6,0,99741.25,0,25-48 months,3989.65,3,0,High,Medium
CUST02868,Female,20,63,Monthly,1958.55,UPI,Fiber,2,3,343.43,13,0,5,1,123388.65,0,49-72 months,1958.55,5,4,Medium,Medium
CUST02869,Female,33,30,Monthly,894.36,Bank Transfer,Fiber,3,0,89.48,14,15,10,1,22806.18,0,25-48 months,760.206,3,1,Medium,High
CUST02870,Male,63,45,One Year,3273.71,Bank Transfer,Fiber,1,0,143.87,11,15,9,1,125219.41,0,25-48 months,2782.6535,1,1,Medium,High
CUST02871,Female,47,61,Monthly,1655.69,UPI,Fiber,4,0,179.95,25,0,6,3,100997.09,0,49-72 months,1655.69,4,3,High,Medium
CUST02872,Female,69,51,One Year,2890.19,UPI,DSL,2,0,230.05,20,20,1,3,117919.75,0,49-72 months,2312.152,2,3,Medium,Low
CUST02873,Male,46,9,Monthly,4738.12,Debit Card,Fiber,3,0,99.31,30,10,10,3,38378.77,0,0-12 months,4264.308,3,3,High,High
CUST02874,Female,62,2,Monthly,3076.78,Credit Card,DSL,1,1,82.83,29,15,10,3,5230.53,1,0-12 months,2615.263,2,4,High,High
CUST02875,Female,32,5,Monthly,4657.25,Credit Card,DSL,3,2,495.03,8,5,1,3,22121.94,1,0-12 months,4424.3875,5,5,Low,Low
CUST02876,Female,63,62,Two Year,2268.67,Cash,DSL,1,0,457.03,28,0,2,1,140657.54,0,49-72 months,2268.67,1,1,High,Low
CUST02877,Female,42,69,Monthly,3350.08,Credit Card,Fiber,1,2,264.19,10,0,2,1,231155.52,0,49-72 months,3350.08,3,3,Low,Low
CUST02878,Female,68,52,Monthly,4522.5,Cash,Fiber,6,1,383.95,16,10,4,0,211653.0,0,49-72 months,4070.25,7,1,Medium,Medium
CUST02879,Male,55,5,Monthly,3145.94,Bank Transfer,Unknown,2,0,338.63,27,10,10,2,14156.73,0,0-12 months,2831.346,2,2,High,High
CUST02880,Female,59,59,Monthly,3267.04,Cash,Fiber,3,1,42.18,7,0,2,0,192755.36,0,49-72 months,3267.04,4,1,Low,Low
CUST02881,Female,64,68,Two Year,3723.39,Cash,DSL,3,4,261.36,5,5,8,0,240530.99,0,49-72 months,3537.2205,7,4,Low,High
CUST02882,Male,70,9,Monthly,4469.48,Credit Card,DSL,2,0,96.04,10,0,8,0,40225.32,0,0-12 months,4469.48,2,0,Low,High
CUST02883,Male,69,22,Two Year,896.81,UPI,DSL,2,0,294.11,18,15,2,0,16770.35,0,13-24 months,762.2884999999999,2,0,Medium,Low
CUST02884,Male,55,27,Monthly,2015.87,Bank Transfer,Unknown,1,0,35.59,25,5,9,1,51707.07,0,25-48 months,1915.0765,1,1,High,High
CUST02885,Female,40,10,Two Year,2289.58,Debit Card,Fiber,2,2,85.64,7,15,9,0,19461.43,1,0-12 months,1946.1429999999998,4,2,Low,High
CUST02886,Male,42,61,One Year,4593.69,Cash,DSL,5,1,391.95,4,0,9,1,280215.09,0,49-72 months,4593.69,6,2,Low,High
CUST02887,Female,59,51,One Year,4802.04,Cash,Fiber,2,1,422.41,10,0,9,0,244904.04,0,49-72 months,4802.04,3,1,Low,High
CUST02888,Female,24,10,One Year,1041.71,Cash,DSL,1,1,454.19,30,10,7,1,9375.39,0,0-12 months,937.5390000000001,2,2,High,Medium
CUST02889,Male,39,6,Monthly,1035.98,UPI,DSL,3,1,448.88,18,0,9,1,6215.88,0,0-12 months,1035.98,4,2,Medium,High
CUST02890,Male,34,62,One Year,4706.88,Debit Card,Fiber,1,0,453.98,18,15,8,1,248052.58,0,49-72 months,4000.848,1,1,Medium,High
CUST02891,Female,35,5,Monthly,1830.97,Credit Card,DSL,2,4,51.88,3,20,10,3,7323.88,1,0-12 months,1464.776,6,7,Low,High
CUST02892,Male,66,70,Monthly,1588.16,Bank Transfer,DSL,3,0,331.45,13,0,8,0,111171.2,0,49-72 months,1588.16,3,0,Medium,High
CUST02893,Female,58,63,One Year,660.3,UPI,DSL,2,1,352.02,14,5,7,0,39518.95,0,49-72 months,627.285,3,1,Medium,Medium
CUST02894,Male,27,56,Monthly,1740.18,Debit Card,Fiber,0,1,137.76,22,20,2,1,77960.06,0,49-72 months,1392.1440000000002,1,2,High,Low
CUST02895,Male,27,59,Two Year,3620.87,Bank Transfer,DSL,1,1,496.5,14,5,2,3,202949.76,0,49-72 months,3439.8264999999997,2,4,Medium,Low
CUST02896,Male,24,63,Monthly,2417.16,Credit Card,Fiber,3,0,146.49,1,5,8,2,144667.03,0,49-72 months,2296.3019999999997,3,2,Low,High
CUST02897,Female,65,59,Monthly,2825.92,Bank Transfer,DSL,4,1,289.57,5,10,2,2,150056.35,0,49-72 months,2543.328,5,3,Low,Low
CUST02898,Male,67,51,Two Year,4627.83,Cash,Fiber,1,1,436.82,10,5,2,0,224218.36,0,49-72 months,4396.438499999999,2,1,Low,Low
CUST02899,Female,55,50,One Year,1016.1,Cash,Fiber,5,2,148.15,14,5,7,0,48264.75,0,49-72 months,965.295,7,2,Medium,Medium
CUST02900,Female,44,4,One Year,820.58,UPI,Fiber,1,0,305.22,19,5,7,1,3118.2,0,0-12 months,779.551,1,1,Medium,Medium
CUST02901,Female,69,48,One Year,4333.69,Bank Transfer,Fiber,1,0,361.41,23,10,1,1,187215.41,0,25-48 months,3900.321,1,1,High,Low
CUST02902,Female,50,32,Two Year,3986.85,Cash,Fiber,5,0,315.22,7,0,7,1,127579.2,0,25-48 months,3986.85,5,1,Low,Medium
CUST02903,Male,18,51,Monthly,1686.8,UPI,Fiber,1,0,205.95,26,5,5,0,81725.46,0,49-72 months,1602.4599999999998,1,0,High,Medium
CUST02904,Female,61,52,One Year,1959.05,UPI,Unknown,2,1,472.65,15,0,5,0,72487.86,0,49-72 months,1959.05,3,1,Medium,Medium
CUST02905,Female,70,34,Monthly,1896.25,UPI,Fiber,4,5,308.09,28,10,2,0,58025.25,0,25-48 months,1706.625,9,5,High,Low
CUST02906,Male,51,36,Monthly,3415.14,Credit Card,Unknown,1,3,116.06,21,15,6,1,104503.28,1,25-48 months,2902.8689999999997,4,4,High,Medium
CUST02907,Female,21,70,Monthly,775.45,Cash,Unknown,2,1,404.03,9,0,4,0,54281.5,0,49-72 months,775.45,3,1,Low,Medium
CUST02908,Male,34,43,Monthly,2702.31,Cash,Fiber,0,1,329.66,27,0,7,0,116199.33,0,25-48 months,2702.31,1,1,High,Medium
CUST02909,Female,21,16,One Year,1102.43,Debit Card,Fiber,2,1,59.21,29,5,2,0,16756.94,0,13-24 months,1047.3085,3,1,High,Low
CUST02910,Male,60,59,Two Year,4188.82,Unknown,Fiber,3,1,142.68,10,5,8,0,234783.36,0,49-72 months,3979.3789999999995,4,1,Low,High
CUST02911,Female,43,53,One Year,2212.98,Cash,Unknown,1,2,83.28,8,10,5,0,105559.15,0,49-72 months,1991.682,3,2,Low,Medium
CUST02912,Male,21,19,One Year,2874.07,Cash,DSL,2,0,40.97,9,0,8,3,54607.33,0,13-24 months,2874.07,2,3,Low,High
CUST02913,Female,18,41,Monthly,631.93,Debit Card,Unknown,3,1,118.95,11,15,7,0,22022.76,0,25-48 months,537.1405,4,1,Medium,Medium
CUST02914,Female,24,47,Monthly,762.19,Bank Transfer,Fiber,0,2,142.68,22,5,3,1,34031.78,0,25-48 months,724.0805,2,3,High,Low
CUST02915,Male,47,54,Monthly,3537.75,Bank Transfer,Unknown,0,0,235.93,8,5,9,1,181486.58,0,49-72 months,3360.8624999999997,0,1,Low,High
CUST02916,Male,67,55,One Year,3950.47,Credit Card,Fiber,3,1,484.79,26,0,9,1,217275.85,0,49-72 months,3950.47,4,2,High,High
CUST02917,Male,26,19,Monthly,3695.16,UPI,Unknown,1,0,471.92,18,5,2,0,66697.64,0,13-24 months,3510.4019999999996,1,0,Medium,Low
CUST02918,Male,52,62,Monthly,3816.58,Debit Card,Fiber,2,0,378.07,5,0,3,0,236627.96,0,49-72 months,3816.58,2,0,Low,Low
CUST02919,Female,25,59,Two Year,970.79,Debit Card,DSL,2,0,325.02,8,10,10,2,51548.95,0,49-72 months,873.711,2,2,Low,High
CUST02920,Female,41,65,One Year,3620.53,Cash,DSL,1,4,473.9,2,10,10,0,211801.0,0,49-72 months,3258.4770000000003,5,4,Low,High
CUST02921,Male,36,68,One Year,1317.86,Unknown,DSL,2,0,75.51,18,20,1,3,71691.58,0,49-72 months,1054.288,2,3,Medium,Low
CUST02922,Female,53,28,One Year,941.07,Debit Card,Fiber,1,2,168.51,19,5,1,2,25032.46,0,25-48 months,894.0165,3,4,Medium,Low
CUST02923,Male,67,18,Monthly,3907.22,UPI,DSL,3,1,278.9,18,10,3,1,63296.96,1,13-24 months,3516.498,4,2,Medium,Low
CUST02924,Male,69,26,Monthly,4502.33,Bank Transfer,Fiber,5,2,407.9,20,15,3,0,99501.49,0,25-48 months,3826.9804999999997,7,2,Medium,Low
CUST02925,Female,60,19,Two Year,3725.19,Credit Card,DSL,1,1,313.77,16,10,5,0,63700.75,0,13-24 months,3352.6710000000003,2,1,Medium,Medium
CUST02926,Female,44,55,One Year,4125.08,Bank Transfer,DSL,3,2,405.39,4,0,6,1,226879.4,0,49-72 months,4125.08,5,3,Low,Medium
CUST02927,Female,49,57,One Year,4959.9,Credit Card,Fiber,0,1,80.77,17,10,4,0,254442.87,0,49-72 months,4463.91,1,1,Medium,Medium
CUST02928,Female,31,6,Monthly,1106.4,UPI,DSL,1,0,100.4,6,5,10,2,6306.48,0,0-12 months,1051.08,1,2,Low,High
CUST02929,Female,35,1,One Year,4843.19,Debit Card,Fiber,2,2,371.58,12,5,7,4,4601.03,0,0-12 months,4601.0305,4,6,Medium,Medium
CUST02930,Female,45,8,Monthly,3205.39,UPI,Fiber,2,1,177.42,7,5,3,0,24360.96,1,0-12 months,3045.1204999999995,3,1,Low,Low
CUST02931,Female,46,51,Monthly,2706.835,Debit Card,Fiber,0,1,220.87,23,5,4,2,201534.56,0,49-72 months,2571.49325,1,3,High,Medium
CUST02932,Male,33,25,Monthly,3425.76,Cash,Unknown,2,1,396.87,14,10,5,0,77079.6,0,25-48 months,3083.184,3,1,Medium,Medium
CUST02933,Male,52,47,Monthly,3065.17,Credit Card,DSL,0,1,39.67,12,0,8,3,144062.99,1,25-48 months,3065.17,1,4,Medium,High
CUST02934,Male,64,55,Monthly,3666.29,Cash,DSL,2,0,88.15,21,0,9,1,201645.95,0,49-72 months,3666.29,2,1,High,High
CUST02935,Male,48,64,Monthly,1941.16,Unknown,DSL,3,0,151.43,20,5,3,1,118022.53,0,49-72 months,1844.102,3,1,Medium,Low
CUST02936,Male,21,10,One Year,2706.835,Credit Card,DSL,3,1,442.33,2,5,1,0,44262.59,0,0-12 months,2571.49325,4,1,Low,Low
CUST02937,Female,54,56,One Year,1018.82,Credit Card,Fiber,2,0,205.42,21,0,2,0,57053.92,0,49-72 months,1018.82,2,0,High,Low
CUST02938,Male,34,12,Monthly,1931.14,Cash,DSL,5,0,129.79,4,15,2,1,19697.63,1,0-12 months,1641.469,5,1,Low,Low
CUST02939,Male,56,33,Monthly,640.23,Credit Card,Unknown,2,0,340.82,8,15,3,0,17958.45,0,25-48 months,544.1955,2,0,Low,Low
CUST02940,Male,65,71,Two Year,1720.95,Debit Card,DSL,3,2,19.99,10,10,2,0,109968.7,0,49-72 months,1548.855,5,2,Low,Low
CUST02941,Male,63,17,Monthly,1481.96,Debit Card,Fiber,0,0,388.68,17,15,1,2,21414.32,0,13-24 months,1259.666,0,2,Medium,Low
CUST02942,Male,43,61,Monthly,723.34,Cash,Unknown,1,1,350.46,7,10,6,1,39711.37,0,49-72 months,651.0060000000001,2,2,Low,Medium
CUST02943,Male,65,10,One Year,2712.98,UPI,DSL,1,0,32.27,21,5,7,1,25773.31,0,0-12 months,2577.3309999999997,1,1,High,Medium
CUST02944,Male,56,31,Monthly,2608.86,Debit Card,Unknown,1,2,251.52,10,5,1,0,76830.93,1,25-48 months,2478.417,3,2,Low,Low
CUST02945,Female,58,60,One Year,849.85,Debit Card,Fiber,2,3,205.05,21,0,9,1,50991.0,0,49-72 months,849.85,5,4,High,High
CUST02946,Female,21,70,One Year,2706.835,Credit Card,Fiber,1,3,83.28,17,0,7,2,117483.1,0,49-72 months,2706.835,4,5,Medium,Medium
CUST02947,Male,47,17,Two Year,4789.95,Credit Card,Fiber,5,0,81.25,16,0,4,1,81429.15,0,13-24 months,4789.95,5,1,Medium,Medium
CUST02948,Female,47,50,Two Year,2706.835,Debit Card,DSL,0,1,84.3,25,5,3,0,47419.72,0,49-72 months,2571.49325,1,1,High,Low
CUST02949,Female,39,37,Two Year,1872.58,Cash,DSL,0,1,301.83,13,0,6,0,69285.46,0,25-48 months,1872.58,1,1,Medium,Medium
CUST02950,Female,28,62,Monthly,661.38,UPI,Fiber,2,2,89.7,23,20,3,0,32804.45,0,49-72 months,529.104,4,2,High,Low
CUST02951,Female,19,72,Two Year,1169.99,Credit Card,Fiber,2,0,34.5,18,0,4,1,84239.28,0,49-72 months,1169.99,2,1,Medium,Medium
CUST02952,Male,61,29,Monthly,3647.29,Credit Card,Fiber,0,1,479.0,27,15,9,1,89905.7,0,25-48 months,3100.1965,1,2,High,High
CUST02953,Female,29,32,One Year,2150.22,UPI,DSL,3,3,24.39,5,15,5,0,58485.98,0,25-48 months,1827.6869999999997,6,3,Low,Medium
CUST02954,Female,47,11,One Year,2534.34,Credit Card,Fiber,2,0,333.63,8,0,10,1,27877.74,0,0-12 months,2534.34,2,1,Low,High
CUST02955,Female,53,6,Monthly,1206.4,Cash,Unknown,0,1,468.34,30,10,5,1,72487.86,0,0-12 months,1085.7600000000002,1,2,High,Medium
CUST02956,Male,35,35,One Year,3569.63,Credit Card,Fiber,3,1,23.78,27,15,9,0,106196.49,1,25-48 months,3034.1855,4,1,High,High
CUST02957,Male,43,33,Monthly,3881.85,Credit Card,DSL,5,1,483.04,7,15,2,0,108885.89,0,25-48 months,3299.5724999999998,6,1,Low,Low
CUST02958,Male,70,18,Monthly,1315.0,Debit Card,DSL,1,0,253.66,30,20,7,1,18936.0,0,13-24 months,1052.0,1,1,High,Medium
CUST02959,Male,24,37,Two Year,702.47,Cash,Fiber,2,3,393.62,18,15,7,0,22092.68,0,25-48 months,597.0995,5,3,Medium,Medium
CUST02960,Male,18,13,Monthly,864.24,Cash,DSL,0,2,314.44,23,0,6,1,11235.12,0,13-24 months,864.24,2,3,High,Medium
CUST02961,Male,43,64,Monthly,3456.71,Debit Card,Fiber,1,2,310.34,6,0,4,0,221229.44,0,49-72 months,3456.71,3,2,Low,Medium
CUST02962,Male,40,1,Monthly,1109.8,Bank Transfer,DSL,3,1,395.44,28,5,7,2,1054.31,1,0-12 months,1054.31,4,3,High,Medium
CUST02963,Female,43,63,Two Year,2722.63,UPI,DSL,0,1,37.39,13,5,3,2,162949.41,0,49-72 months,2586.4985,1,3,Medium,Low
CUST02964,Female,62,34,Monthly,1186.89,Cash,Fiber,3,0,199.23,24,0,9,1,40354.26,0,25-48 months,1186.89,3,1,High,High
CUST02965,Female,23,10,Monthly,1265.67,Bank Transfer,DSL,2,0,484.94,9,0,1,0,12656.7,0,0-12 months,1265.67,2,0,Low,Low
CUST02966,Male,23,7,Two Year,519.62,UPI,DSL,3,0,32.02,30,10,6,0,3273.61,0,0-12 months,467.658,3,0,High,Medium
CUST02967,Male,61,56,Monthly,1943.71,Cash,DSL,2,2,135.08,23,0,1,0,108847.76,0,49-72 months,1943.71,4,2,High,Low
CUST02968,Male,25,37,Monthly,904.09,Credit Card,Fiber,3,0,337.69,30,15,6,0,28433.63,0,25-48 months,768.4765,3,0,High,Medium
CUST02969,Male,41,29,One Year,2272.83,Cash,Fiber,1,0,54.72,8,0,5,1,65912.07,0,25-48 months,2272.83,1,1,Low,Medium
CUST02970,Male,39,12,Monthly,3190.03,UPI,Fiber,1,1,270.65,12,0,5,0,38280.36,0,0-12 months,3190.03,2,1,Medium,Medium
CUST02971,Female,36,17,Two Year,2153.89,Bank Transfer,Unknown,0,1,358.12,10,0,10,0,36616.13,0,13-24 months,2153.89,1,1,Low,High
CUST02972,Female,54,48,Monthly,3672.87,Credit Card,Unknown,2,2,379.92,7,0,6,1,176297.76,0,25-48 months,3672.87,4,3,Low,Medium
CUST02973,Male,35,26,Two Year,3836.53,UPI,Fiber,0,3,282.79,7,10,8,2,72487.86,0,25-48 months,3452.8770000000004,3,5,Low,High
CUST02974,Male,48,12,Two Year,3634.73,UPI,Fiber,2,2,252.81,17,20,9,1,34893.41,0,0-12 months,2907.784,4,3,Medium,High
CUST02975,Male,54,21,Monthly,4715.21,Cash,DSL,3,1,358.37,5,5,3,1,94068.44,1,13-24 months,4479.4495,4,2,Low,Low
CUST02976,Male,47,42,Monthly,1567.82,Debit Card,DSL,4,1,76.8,10,5,5,2,62556.02,0,25-48 months,1489.4289999999999,5,3,Low,Medium
CUST02977,Female,59,61,Two Year,1352.55,Debit Card,DSL,1,1,341.86,21,15,6,0,70129.72,1,49-72 months,1149.6675,2,1,High,Medium
CUST02978,Male,50,58,Monthly,3243.7,Credit Card,Fiber,0,1,460.03,20,0,1,0,188134.6,0,49-72 months,3243.7,1,1,Medium,Low
CUST02979,Male,27,54,One Year,3176.95,UPI,Fiber,2,2,342.96,15,0,1,0,171555.3,1,49-72 months,3176.95,4,2,Medium,Low
CUST02980,Male,54,34,One Year,2795.44,Bank Transfer,Fiber,2,1,28.02,13,5,1,1,90292.71,0,25-48 months,2655.668,3,2,Medium,Low
CUST02981,Male,29,7,One Year,519.59,Credit Card,Fiber,3,1,255.46,14,0,2,0,3637.13,0,0-12 months,519.59,4,1,Medium,Low
CUST02982,Female,47,35,Two Year,2998.57,Credit Card,DSL,4,3,364.51,17,15,4,1,89207.46,1,25-48 months,2548.7845,7,4,Medium,Medium
CUST02983,Male,44,15,Monthly,4697.59,Cash,DSL,3,1,26.41,7,20,6,0,56371.08,1,13-24 months,3758.072,4,1,Low,Medium
CUST02984,Male,56,65,Monthly,2005.6,Bank Transfer,DSL,4,0,382.29,24,10,3,2,117327.6,0,49-72 months,1805.04,4,2,High,Low
CUST02985,Female,26,25,Two Year,4854.2,UPI,Fiber,3,1,144.39,21,10,9,1,109219.5,0,25-48 months,4368.78,4,2,High,High
CUST02986,Female,38,59,Two Year,2105.41,UPI,DSL,0,1,296.44,4,10,3,0,111797.27,0,49-72 months,1894.869,1,1,Low,Low
CUST02987,Female,29,6,One Year,1129.35,UPI,DSL,2,0,483.34,28,5,4,1,6437.29,0,0-12 months,1072.8825,2,1,High,Medium
CUST02988,Male,46,52,Two Year,2292.82,Credit Card,Fiber,1,0,497.49,9,10,4,1,107303.98,0,49-72 months,2063.538,1,1,Low,Medium
CUST02989,Male,50,21,One Year,2725.75,Cash,DSL,1,0,319.03,19,0,5,2,57240.75,1,13-24 months,2725.75,1,2,Medium,Medium
CUST02990,Female,60,71,Monthly,3332.59,Credit Card,DSL,0,2,248.28,14,5,5,0,224783.2,0,49-72 months,3165.9605,2,2,Medium,Medium
CUST02991,Female,70,32,Two Year,2771.95,Debit Card,Unknown,2,1,92.96,3,0,2,0,88702.4,0,25-48 months,2771.95,3,1,Low,Low
CUST02992,Female,32,53,Monthly,2915.23,Debit Card,Fiber,2,0,108.13,29,0,6,1,154507.19,0,49-72 months,2915.23,2,1,High,Medium
CUST02993,Female,19,59,Monthly,608.3,UPI,DSL,0,0,217.45,4,5,9,0,34095.21,1,49-72 months,577.8849999999999,0,0,Low,High
CUST02994,Female,69,69,Monthly,1641.29,Cash,Unknown,0,1,352.63,23,5,5,1,107586.56,0,49-72 months,1559.2254999999998,1,2,High,Medium
CUST02995,Female,56,62,One Year,1898.13,UPI,DSL,1,1,385.81,2,5,1,1,111799.86,0,49-72 months,1803.2235,2,2,Low,Low
CUST02996,Male,70,4,Two Year,4941.9,Unknown,DSL,2,1,114.84,8,5,9,0,18779.22,0,0-12 months,4694.804999999999,3,1,Low,High
CUST02997,Male,61,18,Monthly,1830.05,Credit Card,Fiber,5,0,270.03,2,0,7,0,32940.9,0,13-24 months,1830.05,5,0,Low,Medium
CUST02998,Male,35,56,Monthly,4534.6,UPI,DSL,5,1,297.84,4,5,7,0,241240.72,0,49-72 months,4307.87,6,1,Low,Medium
CUST02999,Female,20,24,One Year,1871.31,UPI,DSL,2,0,447.07,2,5,6,0,42665.87,0,13-24 months,1777.7444999999998,2,0,Low,Medium
CUST03000,Female,24,66,Two Year,932.5,Cash,DSL,2,2,438.83,30,15,1,3,52313.25,0,49-72 months,792.625,4,5,High,Low
CUST03001,Female,60,13,One Year,1614.28,Cash,Fiber,4,1,409.61,25,5,7,1,19936.36,0,13-24 months,1533.5659999999998,5,2,High,Medium
CUST03002,Female,35,62,One Year,1727.73,Cash,Unknown,1,3,260.75,29,0,4,0,107119.26,0,49-72 months,1727.73,4,3,High,Medium
CUST03003,Female,61,54,One Year,4902.12,UPI,DSL,2,1,37.22,4,10,5,1,238243.03,0,49-72 months,4411.908,3,2,Low,Medium
CUST03004,Female,55,15,Monthly,3534.31,Cash,Unknown,1,1,170.56,21,20,7,1,42411.72,0,13-24 months,2827.4480000000003,2,2,High,Medium
CUST03005,Male,54,69,Monthly,2706.835,Cash,DSL,5,2,312.75,9,0,3,0,323786.64,0,49-72 months,2706.835,7,2,Low,Low
CUST03006,Male,50,3,Monthly,2706.835,Bank Transfer,DSL,3,0,320.62,2,20,2,2,10217.95,1,0-12 months,2165.4680000000003,3,2,Low,Low
CUST03007,Female,61,37,Two Year,3103.69,Bank Transfer,DSL,3,1,425.29,20,10,1,1,103352.88,0,25-48 months,2793.321,4,2,Medium,Low
CUST03008,Male,48,37,Monthly,3539.25,Debit Card,DSL,3,2,192.8,22,15,8,1,111309.41,0,25-48 months,3008.3624999999997,5,3,High,High
CUST03009,Female,28,3,One Year,3311.77,Credit Card,Fiber,1,2,468.63,17,5,8,1,9438.54,0,0-12 months,3146.1814999999997,3,3,Medium,High
CUST03010,Male,21,63,Monthly,3498.18,Credit Card,Fiber,1,1,85.8,1,10,7,1,198346.81,0,49-72 months,3148.362,2,2,Low,Medium
CUST03011,Female,35,35,Monthly,1691.48,Cash,DSL,1,1,29.68,23,15,10,0,50321.53,0,25-48 months,1437.758,2,1,High,High
CUST03012,Female,21,52,Monthly,2336.56,Debit Card,Unknown,1,2,92.46,6,20,9,0,97200.9,0,49-72 months,1869.248,3,2,Low,High
CUST03013,Male,66,28,Monthly,3166.77,Debit Card,DSL,4,0,233.85,29,0,10,3,72487.86,0,25-48 months,3166.77,4,3,High,High
CUST03014,Male,51,18,Monthly,661.68,Bank Transfer,Fiber,1,1,412.34,16,15,1,0,10123.7,1,13-24 months,562.428,2,1,Medium,Low
CUST03015,Female,46,36,One Year,2672.76,Debit Card,Fiber,0,1,81.15,4,10,3,1,86597.42,1,25-48 months,2405.4840000000004,1,2,Low,Low
CUST03016,Female,41,33,Monthly,2706.835,UPI,DSL,1,1,276.35,5,15,5,1,122544.0,1,25-48 months,2300.80975,2,2,Low,Medium
CUST03017,Male,39,64,One Year,2715.65,Cash,DSL,0,1,389.41,5,0,2,0,173801.6,0,49-72 months,2715.65,1,1,Low,Low
CUST03018,Male,19,26,Monthly,2985.46,UPI,Unknown,4,1,22.26,9,0,7,2,77621.96,1,25-48 months,2985.46,5,3,Low,Medium
CUST03019,Female,61,48,Monthly,1408.57,Credit Card,DSL,2,2,25.55,5,5,6,2,64230.79,1,25-48 months,1338.1415,4,4,Low,Medium
CUST03020,Male,23,40,Monthly,4074.55,Bank Transfer,Fiber,2,1,247.84,2,15,10,4,138534.7,1,25-48 months,3463.3675000000003,3,5,Low,High
CUST03021,Female,59,17,Two Year,2114.95,UPI,DSL,0,2,95.41,7,5,2,0,34156.44,0,13-24 months,2009.2024999999996,2,2,Low,Low
CUST03022,Female,42,40,Monthly,4804.64,Cash,DSL,3,2,228.03,15,20,8,2,153748.48,0,25-48 months,3843.7120000000004,5,4,Medium,High
CUST03023,Female,38,7,Monthly,4971.72,UPI,DSL,1,0,26.75,26,0,3,0,34802.04,1,0-12 months,4971.72,1,0,High,Low
CUST03024,Female,33,57,Two Year,4622.0,UPI,Fiber,4,0,488.55,25,0,4,0,263454.0,0,49-72 months,4622.0,4,0,High,Medium
CUST03025,Male,48,8,Monthly,881.95,Debit Card,Fiber,1,1,328.82,23,10,5,2,6350.04,0,0-12 months,793.7550000000001,2,3,High,Medium
CUST03026,Male,31,56,Two Year,1999.32,Bank Transfer,DSL,4,2,344.91,8,0,6,0,111961.92,0,49-72 months,1999.32,6,2,Low,Medium
CUST03027,Male,56,31,Monthly,4753.12,Credit Card,Fiber,1,3,257.32,29,0,9,0,147346.72,1,25-48 months,4753.12,4,3,High,High
CUST03028,Male,45,59,One Year,4120.4,Cash,Fiber,2,0,413.33,26,5,9,0,230948.42,0,49-72 months,3914.3799999999997,2,0,High,High
CUST03029,Male,49,58,Monthly,4600.33,Cash,Fiber,1,1,417.54,3,0,9,1,266819.14,0,49-72 months,4600.33,2,2,Low,High
CUST03030,Male,45,12,Two Year,3076.49,Credit Card,Unknown,3,2,83.75,11,5,8,4,35071.99,0,0-12 months,2922.6654999999996,5,6,Medium,High
CUST03031,Male,68,48,One Year,2661.79,Cash,Fiber,3,3,385.36,29,0,5,0,127765.92,0,25-48 months,2661.79,6,3,High,Medium
CUST03032,Female,66,31,Monthly,979.23,Debit Card,DSL,1,2,285.5,25,20,5,1,24284.9,0,25-48 months,783.384,3,3,High,Medium
CUST03033,Male,26,63,Monthly,4277.62,UPI,DSL,1,1,382.38,23,15,4,0,229066.55,0,49-72 months,3635.977,2,1,High,Medium
CUST03034,Male,62,39,Monthly,3853.14,Debit Card,DSL,0,0,459.76,10,15,7,1,127731.59,0,25-48 months,3275.169,0,1,Low,Medium
CUST03035,Female,39,20,One Year,764.94,Debit Card,DSL,3,0,170.87,4,0,4,1,15298.8,0,13-24 months,764.94,3,1,Low,Medium
CUST03036,Male,49,48,Monthly,1442.37,Debit Card,Fiber,1,0,287.6,12,15,5,0,58848.7,0,25-48 months,1226.0144999999998,1,0,Medium,Medium
CUST03037,Male,22,71,Monthly,3007.75,Credit Card,Fiber,4,1,394.8,26,5,9,1,202872.74,0,49-72 months,2857.3624999999997,5,2,High,High
CUST03038,Female,40,54,One Year,3579.81,Bank Transfer,Fiber,1,1,493.45,13,0,7,1,193309.74,0,49-72 months,3579.81,2,2,Medium,Medium
CUST03039,Male,22,71,Monthly,1119.52,Credit Card,DSL,4,0,308.23,7,0,9,1,79485.92,0,49-72 months,1119.52,4,1,Low,High
CUST03040,Male,59,29,Monthly,1601.71,Credit Card,Unknown,1,4,362.01,19,5,8,2,44127.11,1,25-48 months,1521.6245,5,6,Medium,High
CUST03041,Male,70,48,Monthly,1369.0,Debit Card,Unknown,5,1,423.94,27,5,3,1,62426.4,0,25-48 months,1300.55,6,2,High,Low
CUST03042,Female,49,56,One Year,1489.99,Bank Transfer,DSL,3,2,376.88,16,10,3,1,72487.86,1,49-72 months,1340.991,5,3,Medium,Low
CUST03043,Male,27,17,Two Year,4643.21,Credit Card,Unknown,2,3,471.45,10,15,2,1,67094.38,0,13-24 months,3946.7284999999997,5,4,Low,Low
CUST03044,Male,56,9,Monthly,2706.835,Bank Transfer,Unknown,1,1,118.71,30,15,3,3,28467.1,1,0-12 months,2300.80975,2,4,High,Low
CUST03045,Female,32,34,One Year,3816.98,Debit Card,DSL,1,1,454.36,7,5,10,3,72487.86,0,25-48 months,3626.131,2,4,Low,High
CUST03046,Male,24,45,Monthly,4072.98,Credit Card,Fiber,0,2,107.52,3,10,3,0,164955.69,1,25-48 months,3665.6820000000002,2,2,Low,Low
CUST03047,Female,46,9,Monthly,2104.58,Bank Transfer,Fiber,3,1,284.74,2,5,3,0,17994.16,0,0-12 months,1999.3509999999999,4,1,Low,Low
CUST03048,Female,64,7,Monthly,3952.33,Cash,Unknown,4,2,263.83,1,15,6,1,72487.86,1,0-12 months,3359.4804999999997,6,3,Low,Medium
CUST03049,Male,20,16,Monthly,4902.86,Credit Card,DSL,3,0,416.51,27,15,9,2,72487.86,0,13-24 months,4167.431,3,2,High,High
CUST03050,Female,36,19,Monthly,3642.77,Credit Card,DSL,1,2,202.28,22,0,7,1,69212.63,0,13-24 months,3642.77,3,3,High,Medium
CUST03051,Female,27,6,Two Year,2375.39,Credit Card,Fiber,0,1,75.88,16,5,7,1,13539.72,0,0-12 months,2256.6205,1,2,Medium,Medium
CUST03052,Male,45,11,Two Year,3723.62,Bank Transfer,Fiber,0,3,354.86,13,5,7,1,38911.83,0,0-12 months,3537.439,3,4,Medium,Medium
CUST03053,Female,46,61,Monthly,4553.58,UPI,Fiber,1,0,305.28,30,10,1,2,249991.54,0,49-72 months,4098.222,1,2,High,Low
CUST03054,Female,32,42,Monthly,1079.43,Credit Card,Fiber,4,2,414.4,3,0,4,0,45336.06,0,25-48 months,1079.43,6,2,Low,Medium
CUST03055,Male,52,13,Two Year,1693.83,Cash,Unknown,4,1,380.52,26,10,9,0,72487.86,0,13-24 months,1524.447,5,1,High,High
CUST03056,Male,23,12,Monthly,4636.83,Cash,Fiber,0,1,447.94,28,10,4,3,50077.76,1,0-12 months,4173.147,1,4,High,Medium
CUST03057,Male,29,20,One Year,4758.05,Debit Card,Unknown,4,0,420.36,27,0,7,1,72487.86,1,13-24 months,4758.05,4,1,High,Medium
CUST03058,Female,64,50,Monthly,2678.63,UPI,Fiber,1,2,344.59,14,5,2,3,127234.92,1,49-72 months,2544.6985,3,5,Medium,Low
CUST03059,Male,55,36,Monthly,2185.48,UPI,Fiber,1,0,235.53,18,20,6,0,62941.82,0,25-48 months,1748.384,1,0,Medium,Medium
CUST03060,Female,30,69,Monthly,1772.52,Bank Transfer,Fiber,1,0,15.08,11,0,5,2,122303.88,1,49-72 months,1772.52,1,2,Medium,Medium
CUST03061,Female,46,37,Two Year,2744.38,Debit Card,Unknown,3,0,157.26,19,15,10,2,86310.75,0,25-48 months,2332.723,3,2,Medium,High
CUST03062,Female,36,12,Two Year,4705.39,Bank Transfer,DSL,0,1,365.12,24,5,2,1,53641.45,0,0-12 months,4470.1205,1,2,High,Low
CUST03063,Female,20,40,Monthly,1174.14,Debit Card,DSL,2,0,34.45,3,0,3,0,46965.6,0,25-48 months,1174.14,2,0,Low,Low
CUST03064,Female,25,54,Two Year,2389.24,UPI,Unknown,1,1,379.51,20,15,3,0,109666.12,0,49-72 months,2030.8539999999998,2,1,Medium,Low
CUST03065,Female,25,2,Monthly,4602.24,Bank Transfer,Unknown,2,1,260.61,2,20,3,1,7363.58,0,0-12 months,3681.792,3,2,Low,Low
CUST03066,Female,37,50,Monthly,2071.04,Debit Card,Fiber,4,1,434.55,24,10,5,0,93196.8,1,49-72 months,1863.936,5,1,High,Medium
CUST03067,Male,64,41,One Year,3956.37,UPI,Fiber,2,0,331.61,6,0,10,1,162211.17,0,25-48 months,3956.37,2,1,Low,High
CUST03068,Male,21,45,One Year,2251.67,UPI,Fiber,3,1,400.23,25,0,9,3,101325.15,0,25-48 months,2251.67,4,4,High,High
CUST03069,Female,68,9,Monthly,4122.17,Credit Card,Fiber,3,0,89.89,30,5,7,2,35244.55,0,0-12 months,3916.0615,3,2,High,Medium
CUST03070,Female,38,62,Monthly,4914.51,Bank Transfer,Fiber,4,1,90.59,24,0,6,1,304699.62,1,49-72 months,4914.51,5,2,High,Medium
CUST03071,Male,20,47,Two Year,2245.2,Credit Card,Fiber,2,0,109.49,29,10,4,1,94971.96,0,25-48 months,2020.6799999999998,2,1,High,Medium
CUST03072,Female,62,5,Two Year,4302.94,UPI,Fiber,1,0,169.99,4,0,5,1,21514.7,0,0-12 months,4302.94,1,1,Low,Medium
CUST03073,Male,25,1,Two Year,4947.88,Bank Transfer,Unknown,0,1,452.69,29,20,6,1,3958.3,0,0-12 months,3958.304,1,2,High,Medium
CUST03074,Male,40,44,Monthly,4927.24,Bank Transfer,DSL,0,0,388.28,13,15,8,0,184278.78,0,25-48 months,4188.1539999999995,0,0,Medium,High
CUST03075,Male,33,22,One Year,2451.97,Cash,Fiber,2,0,185.5,8,15,9,3,45851.84,0,13-24 months,2084.1744999999996,2,3,Low,High
CUST03076,Female,30,38,Monthly,2685.93,Debit Card,DSL,1,0,459.65,15,15,2,3,86755.54,1,25-48 months,2283.0404999999996,1,3,Medium,Low
CUST03077,Female,20,19,Two Year,1865.31,Cash,DSL,1,0,390.57,1,15,8,0,30124.76,0,13-24 months,1585.5135,1,0,Low,High
CUST03078,Male,65,31,Monthly,1913.08,Cash,Fiber,1,2,329.75,27,5,8,2,56340.21,0,25-48 months,1817.426,3,4,High,High
CUST03079,Male,26,67,Monthly,2716.12,UPI,DSL,2,1,221.1,25,10,7,1,163782.04,0,49-72 months,2444.508,3,2,High,Medium
CUST03080,Male,31,42,Monthly,1402.33,Debit Card,Fiber,0,0,327.57,16,5,4,0,55952.97,1,25-48 months,1332.2134999999998,0,0,Medium,Medium
CUST03081,Male,30,26,Two Year,3700.05,Cash,Fiber,3,0,298.65,21,15,9,1,81771.1,0,25-48 months,3145.0425,3,1,High,High
CUST03082,Male,70,13,One Year,2913.39,Unknown,DSL,2,0,392.02,20,10,7,0,34086.66,1,13-24 months,2622.051,2,0,Medium,Medium
CUST03083,Female,24,58,Monthly,4541.31,Bank Transfer,Fiber,0,2,116.66,5,5,5,0,250226.18,0,49-72 months,4314.2445,2,2,Low,Medium
CUST03084,Male,32,18,One Year,4147.62,UPI,Fiber,2,2,443.36,13,10,4,1,67191.44,1,13-24 months,3732.858,4,3,Medium,Medium
CUST03085,Female,24,67,Two Year,1951.12,Cash,Fiber,2,1,297.98,17,0,6,0,130725.04,0,49-72 months,1951.12,3,1,Medium,Medium
CUST03086,Male,55,3,Monthly,2776.12,Debit Card,Unknown,3,0,404.35,2,20,6,0,6662.69,0,0-12 months,2220.896,3,0,Low,Medium
CUST03087,Female,51,55,Two Year,3877.32,Credit Card,DSL,0,2,176.91,13,10,9,2,191927.34,0,49-72 months,3489.588,2,4,Medium,High
CUST03088,Female,58,58,Two Year,1369.4,Credit Card,DSL,2,0,199.0,2,5,7,1,75453.94,0,49-72 months,1300.93,2,1,Low,Medium
CUST03089,Female,39,63,Monthly,642.19,UPI,DSL,5,1,468.96,11,5,1,0,38435.07,0,49-72 months,610.0805,6,1,Medium,Low
CUST03090,Female,41,52,Monthly,4335.37,Credit Card,DSL,3,0,312.87,29,10,4,0,202895.32,0,49-72 months,3901.833,3,0,High,Medium
CUST03091,Female,66,24,Monthly,1118.98,Bank Transfer,Fiber,1,0,162.28,15,10,4,0,24169.97,0,13-24 months,1007.082,1,0,Medium,Medium
CUST03092,Female,54,72,Monthly,4502.35,Bank Transfer,Unknown,4,1,45.67,9,20,5,0,259335.36,0,49-72 months,3601.8800000000006,5,1,Low,Medium
CUST03093,Male,61,9,Monthly,4611.24,Debit Card,DSL,5,0,220.0,22,0,5,1,41501.16,0,0-12 months,4611.24,5,1,High,Medium
CUST03094,Female,18,37,One Year,2573.15,UPI,Fiber,3,0,425.3,19,5,10,1,90446.22,0,25-48 months,2444.4925,3,1,Medium,High
CUST03095,Male,27,53,One Year,4130.52,UPI,DSL,3,1,129.46,4,0,4,1,218917.56,0,49-72 months,4130.52,4,2,Low,Medium
CUST03096,Female,60,24,Monthly,2134.36,Credit Card,DSL,2,0,430.84,29,0,3,1,51224.64,0,13-24 months,2134.36,2,1,High,Low
CUST03097,Female,33,21,One Year,4362.19,Cash,Fiber,1,1,85.02,17,0,6,1,91605.99,0,13-24 months,4362.19,2,2,Medium,Medium
CUST03098,Male,63,40,One Year,4211.07,Cash,Fiber,3,1,69.32,15,0,2,1,168442.8,0,25-48 months,4211.07,4,2,Medium,Low
CUST03099,Female,25,62,Two Year,853.33,Cash,Fiber,2,0,304.82,7,10,9,1,47615.81,0,49-72 months,767.9970000000001,2,1,Low,High
CUST03100,Male,66,70,Monthly,3121.71,Debit Card,Unknown,3,0,403.3,23,15,6,1,185741.74,0,49-72 months,2653.4535,3,1,High,Medium
CUST03101,Male,42,69,One Year,3380.0,UPI,Fiber,3,0,391.13,13,5,5,0,221559.0,0,49-72 months,3211.0,3,0,Medium,Medium
CUST03102,Male,67,14,Two Year,503.86,Credit Card,Fiber,0,2,274.09,8,5,3,0,6701.34,0,13-24 months,478.667,2,2,Low,Low
CUST03103,Male,29,42,Monthly,4909.63,Debit Card,Fiber,1,1,321.15,1,0,4,1,206204.46,1,25-48 months,4909.63,2,2,Low,Medium
CUST03104,Female,42,50,Monthly,2329.55,Bank Transfer,DSL,5,3,132.81,9,10,6,1,104829.75,0,49-72 months,2096.5950000000003,8,4,Low,Medium
CUST03105,Female,34,61,Monthly,2828.04,Bank Transfer,Unknown,3,0,277.85,18,15,3,2,146633.87,0,49-72 months,2403.834,3,2,Medium,Low
CUST03106,Male,43,4,Two Year,1376.62,Bank Transfer,DSL,2,2,107.81,29,5,10,0,5231.16,0,0-12 months,1307.7889999999998,4,2,High,High
CUST03107,Female,63,72,Monthly,3249.13,UPI,Fiber,1,0,464.54,17,0,7,1,233937.36,1,49-72 months,3249.13,1,1,Medium,Medium
CUST03108,Female,65,17,Two Year,4147.79,Bank Transfer,DSL,1,1,340.64,17,0,5,0,70512.43,0,13-24 months,4147.79,2,1,Medium,Medium
CUST03109,Male,31,57,Two Year,3136.52,Cash,DSL,3,2,284.5,8,5,10,2,169842.56,0,49-72 months,2979.694,5,4,Low,High
CUST03110,Female,58,48,Monthly,4046.16,Bank Transfer,DSL,2,4,127.34,3,5,1,0,184504.9,1,25-48 months,3843.852,6,4,Low,Low
CUST03111,Male,53,44,One Year,3789.99,Debit Card,DSL,3,1,207.44,29,15,9,1,141745.63,0,25-48 months,3221.4914999999996,4,2,High,High
CUST03112,Male,40,45,Monthly,1569.46,Bank Transfer,Fiber,1,2,391.21,22,0,9,0,70625.7,0,25-48 months,1569.46,3,2,High,High
CUST03113,Female,60,33,Monthly,2461.16,Cash,Fiber,4,0,123.51,22,0,1,1,81218.28,1,25-48 months,2461.16,4,1,High,Low
CUST03114,Female,23,31,One Year,1168.82,Bank Transfer,Fiber,1,0,68.78,11,0,4,0,36233.42,0,25-48 months,1168.82,1,0,Medium,Medium
CUST03115,Female,64,47,One Year,688.71,Credit Card,Unknown,2,1,157.14,2,5,4,1,30750.9,0,25-48 months,654.2745,3,2,Low,Medium
CUST03116,Male,22,6,Monthly,783.81,Unknown,DSL,1,3,398.26,2,0,10,3,4702.86,1,0-12 months,783.81,4,6,Low,High
CUST03117,Male,60,72,Two Year,4741.25,UPI,DSL,1,3,442.14,16,0,8,0,341370.0,0,49-72 months,4741.25,4,3,Medium,High
CUST03118,Female,42,71,Monthly,4930.42,Unknown,Unknown,4,0,210.11,17,5,2,1,332556.83,1,49-72 months,4683.898999999999,4,1,Medium,Low
CUST03119,Female,35,34,Monthly,927.4,Debit Card,Unknown,1,1,391.72,9,0,7,0,31531.6,0,25-48 months,927.4,2,1,Low,Medium
CUST03120,Female,30,53,Monthly,2008.37,Bank Transfer,Fiber,3,1,169.45,1,20,8,1,85154.89,0,49-72 months,1606.696,4,2,Low,High
CUST03121,Female,60,14,Monthly,1014.89,Debit Card,Fiber,2,1,256.85,29,15,3,1,12077.19,0,13-24 months,862.6564999999999,3,2,High,Low
CUST03122,Male,31,16,Two Year,4254.03,Credit Card,Unknown,1,0,14.99,29,0,10,0,68064.48,0,13-24 months,4254.03,1,0,High,High
CUST03123,Female,45,43,One Year,2733.34,UPI,Unknown,1,1,357.44,22,0,3,3,117533.62,0,25-48 months,2733.34,2,4,High,Low
CUST03124,Male,35,12,Monthly,3295.68,Cash,DSL,1,0,360.76,12,0,9,1,39548.16,0,0-12 months,3295.68,1,1,Medium,High
CUST03125,Male,45,70,Monthly,2929.6,Cash,Unknown,1,0,54.6,25,15,8,4,174311.2,0,49-72 months,2490.16,1,4,High,High
CUST03126,Female,68,19,Monthly,3696.14,UPI,Fiber,0,1,182.61,6,10,1,1,63203.99,0,13-24 months,3326.526,1,2,Low,Low
CUST03127,Female,44,41,Monthly,1936.1,Credit Card,Fiber,2,1,244.36,11,5,2,0,75411.09,0,25-48 months,1839.2949999999998,3,1,Medium,Low
CUST03128,Female,49,53,One Year,1118.72,Credit Card,Fiber,2,0,388.18,6,5,4,1,56327.55,0,49-72 months,1062.7839999999999,2,1,Low,Medium
CUST03129,Male,64,29,Two Year,579.29,Bank Transfer,DSL,2,1,412.69,20,0,6,1,16799.41,0,25-48 months,579.29,3,2,Medium,Medium
CUST03130,Female,26,70,Two Year,2505.62,Unknown,DSL,4,1,360.98,5,20,3,0,72487.86,0,49-72 months,2004.496,5,1,Low,Low
CUST03131,Female,57,59,Monthly,4585.25,Unknown,DSL,1,2,111.84,13,15,4,0,229950.29,0,49-72 months,3897.4625,3,2,Medium,Medium
CUST03132,Male,49,64,Monthly,1873.7,Debit Card,Fiber,3,1,181.39,1,20,4,0,95933.44,0,49-72 months,1498.96,4,1,Low,Medium
CUST03133,Female,37,24,Monthly,1381.81,UPI,Fiber,1,0,127.41,16,0,10,1,33163.44,0,13-24 months,1381.81,1,1,Medium,High
CUST03134,Male,45,16,Monthly,4667.19,Debit Card,Unknown,1,1,320.41,19,5,7,3,70941.29,0,13-24 months,4433.830499999999,2,4,Medium,Medium
CUST03135,Female,50,52,Monthly,974.52,Debit Card,Unknown,4,3,325.44,11,5,7,0,48141.29,0,49-72 months,925.794,7,3,Medium,Medium
CUST03136,Male,21,6,Monthly,733.1,Debit Card,DSL,5,0,13.0,22,5,7,1,4178.67,0,0-12 months,696.4449999999999,5,1,High,Medium
CUST03137,Female,63,37,Monthly,4457.36,Debit Card,DSL,4,0,367.2,2,0,4,1,164922.32,0,25-48 months,4457.36,4,1,Low,Medium
CUST03138,Female,51,4,One Year,3654.09,Cash,DSL,3,0,118.61,1,15,5,0,12423.91,1,0-12 months,3105.9765,3,0,Low,Medium
CUST03139,Male,65,38,One Year,2399.31,Credit Card,Unknown,0,1,401.68,13,10,4,0,82056.4,0,25-48 months,2159.379,1,1,Medium,Medium
CUST03140,Male,20,41,Monthly,3885.55,UPI,Fiber,4,0,417.24,17,5,9,1,151342.17,0,25-48 months,3691.2725,4,1,Medium,High
CUST03141,Female,43,14,One Year,3836.48,UPI,DSL,1,0,399.5,14,0,4,2,53710.72,0,13-24 months,3836.48,1,2,Medium,Medium
CUST03142,Male,25,71,Monthly,680.27,Unknown,Fiber,4,1,207.02,17,10,1,2,43469.25,0,49-72 months,612.243,5,3,Medium,Low
CUST03143,Male,23,51,Monthly,3543.11,UPI,Fiber,5,0,177.41,26,0,8,0,180698.61,0,49-72 months,3543.11,5,0,High,High
CUST03144,Male,33,65,Two Year,3383.93,Unknown,Fiber,1,0,220.38,10,20,6,1,175964.36,0,49-72 months,2707.1440000000002,1,1,Low,Medium
CUST03145,Male,41,52,Monthly,4837.01,UPI,Fiber,2,1,265.98,28,0,2,0,251524.52,1,49-72 months,4837.01,3,1,High,Low
CUST03146,Female,65,30,Two Year,4849.8,Debit Card,Unknown,0,1,128.71,17,0,1,2,145494.0,0,25-48 months,4849.8,1,3,Medium,Low
CUST03147,Female,56,57,Monthly,2200.1,UPI,DSL,2,0,466.16,13,10,10,0,112865.13,0,49-72 months,1980.09,2,0,Medium,High
CUST03148,Male,47,30,One Year,3154.29,Credit Card,Fiber,2,1,254.51,6,5,7,0,89897.26,0,25-48 months,2996.5755,3,1,Low,Medium
CUST03149,Male,62,42,One Year,1136.11,Debit Card,Fiber,2,2,41.23,30,10,8,1,42944.96,0,25-48 months,1022.4989999999999,4,3,High,High
CUST03150,Male,30,11,One Year,799.05,Cash,Fiber,1,1,498.62,26,0,10,0,8789.55,0,0-12 months,799.05,2,1,High,High
CUST03151,Male,22,27,Two Year,2447.51,Credit Card,DSL,3,3,244.63,4,5,9,2,62778.63,0,25-48 months,2325.1345,6,5,Low,High
CUST03152,Female,42,24,One Year,3604.47,UPI,DSL,0,1,473.76,4,5,4,0,82181.92,0,13-24 months,3424.2464999999997,1,1,Low,Medium
CUST03153,Female,37,39,One Year,3054.93,Cash,DSL,2,0,198.19,14,5,7,2,113185.16,0,25-48 months,2902.1834999999996,2,2,Medium,Medium
CUST03154,Male,35,72,Monthly,2433.46,Credit Card,Fiber,2,1,116.26,4,5,5,1,166448.66,0,49-72 months,2311.787,3,2,Low,Medium
CUST03155,Male,64,18,Monthly,4181.51,Bank Transfer,Fiber,2,2,369.76,24,0,2,1,75267.18,1,13-24 months,4181.51,4,3,High,Low
CUST03156,Male,35,45,One Year,4074.92,Credit Card,Unknown,1,1,219.08,23,5,3,1,174202.83,1,25-48 months,3871.174,2,2,High,Low
CUST03157,Female,19,12,One Year,2706.835,Cash,DSL,4,3,441.32,5,5,8,2,43248.64,1,0-12 months,2571.49325,7,5,Low,High
CUST03158,Male,27,49,Two Year,2706.835,Bank Transfer,Fiber,2,1,234.92,14,15,10,3,35262.97,0,49-72 months,2300.80975,3,4,Medium,High
CUST03159,Female,62,31,Monthly,4084.11,UPI,Fiber,2,2,172.48,15,5,5,1,120277.04,0,25-48 months,3879.9045,4,3,Medium,Medium
CUST03160,Male,67,22,Monthly,4637.4,Debit Card,Fiber,0,1,483.51,23,5,3,0,96921.66,0,13-24 months,4405.53,1,1,High,Low
CUST03161,Female,64,44,One Year,767.49,UPI,DSL,1,1,416.04,8,15,8,1,28704.13,0,25-48 months,652.3665,2,2,Low,High
CUST03162,Male,29,64,Two Year,2307.52,Debit Card,Fiber,2,3,106.77,26,0,7,1,147681.28,0,49-72 months,2307.52,5,4,High,Medium
CUST03163,Female,64,25,Two Year,4947.6,Debit Card,DSL,1,2,246.98,24,10,7,2,111321.0,0,25-48 months,4452.84,3,4,High,Medium
CUST03164,Male,30,51,Monthly,3196.57,Cash,DSL,3,2,61.09,11,15,7,4,138571.31,0,49-72 months,2717.0845,5,6,Medium,Medium
CUST03165,Male,67,7,Monthly,2811.1,Bank Transfer,DSL,0,2,58.33,7,0,5,2,19677.7,1,0-12 months,2811.1,2,4,Low,Medium
CUST03166,Male,64,6,Monthly,1298.51,Bank Transfer,Fiber,0,1,427.43,23,15,4,3,6622.4,1,0-12 months,1103.7335,1,4,High,Medium
CUST03167,Female,28,24,Monthly,3044.69,Credit Card,Fiber,2,0,466.25,13,10,6,2,65765.3,0,13-24 months,2740.221,2,2,Medium,Medium
CUST03168,Male,36,19,Two Year,2475.69,UPI,DSL,1,0,370.72,14,0,6,0,47038.11,0,13-24 months,2475.69,1,0,Medium,Medium
CUST03169,Female,52,9,Monthly,1073.49,Cash,Fiber,1,0,494.67,9,0,6,0,9661.41,1,0-12 months,1073.49,1,0,Low,Medium
CUST03170,Female,56,36,Monthly,2589.5,UPI,Fiber,2,0,27.41,27,0,8,2,93222.0,0,25-48 months,2589.5,2,2,High,High
CUST03171,Male,70,40,Monthly,1239.8,Credit Card,Fiber,1,1,169.1,15,5,6,1,47112.4,0,25-48 months,1177.81,2,2,Medium,Medium
CUST03172,Male,43,24,Monthly,3787.99,Credit Card,Fiber,3,1,70.4,21,15,10,5,77275.0,0,13-24 months,3219.7915,4,6,High,High
CUST03173,Male,63,48,Two Year,4881.42,Cash,Fiber,4,0,392.1,8,10,4,1,210877.34,0,25-48 months,4393.278,4,1,Low,Medium
CUST03174,Female,31,63,Monthly,2613.1,Credit Card,DSL,2,0,445.75,2,10,10,2,148162.77,0,49-72 months,2351.79,2,2,Low,High
CUST03175,Male,62,69,Monthly,3345.66,Cash,Fiber,2,0,226.32,12,0,10,2,230850.54,0,49-72 months,3345.66,2,2,Medium,High
CUST03176,Female,61,53,Two Year,2439.39,Credit Card,Fiber,3,0,415.46,16,10,4,0,116358.9,0,49-72 months,2195.451,3,0,Medium,Medium
CUST03177,Female,41,54,Monthly,1123.04,Bank Transfer,Fiber,0,1,424.57,29,15,5,0,51547.54,0,49-72 months,954.584,1,1,High,Medium
CUST03178,Male,58,42,One Year,4867.5,Cash,DSL,2,0,74.15,8,5,7,2,194213.25,1,25-48 months,4624.125,2,2,Low,Medium
CUST03179,Male,18,45,Monthly,1083.1,Bank Transfer,DSL,1,0,191.61,1,10,1,1,43865.55,1,25-48 months,974.79,1,1,Low,Low
CUST03180,Male,68,14,One Year,1002.32,Bank Transfer,Fiber,2,1,98.07,25,0,1,3,14032.48,0,13-24 months,1002.32,3,4,High,Low
CUST03181,Male,60,29,Monthly,2566.28,Cash,DSL,1,0,336.68,17,0,5,1,74422.12,0,25-48 months,2566.28,1,1,Medium,Medium
CUST03182,Male,39,6,Monthly,3464.99,UPI,Fiber,3,2,196.73,30,0,5,0,20789.94,0,0-12 months,3464.99,5,2,High,Medium
CUST03183,Male,40,7,Monthly,2097.15,Debit Card,DSL,3,1,335.55,24,0,1,1,14680.05,1,0-12 months,2097.15,4,2,High,Low
CUST03184,Female,36,37,Monthly,1366.33,Credit Card,DSL,3,0,438.56,19,0,7,2,50554.21,0,25-48 months,1366.33,3,2,Medium,Medium
CUST03185,Female,35,53,Monthly,4185.34,Credit Card,DSL,1,3,209.31,30,5,7,0,210731.87,0,49-72 months,3976.073,4,3,High,Medium
CUST03186,Female,29,18,Monthly,2133.96,UPI,DSL,5,0,486.1,20,10,4,1,34570.15,1,13-24 months,1920.564,5,1,Medium,Medium
CUST03187,Male,45,38,One Year,1374.44,Debit Card,Fiber,4,1,207.26,29,0,2,3,52228.72,0,25-48 months,1374.44,5,4,High,Low
CUST03188,Female,45,59,Two Year,2142.88,UPI,DSL,1,1,110.8,27,0,2,1,126429.92,1,49-72 months,2142.88,2,2,High,Low
CUST03189,Female,50,1,Monthly,1465.49,Debit Card,Fiber,3,0,266.99,13,5,4,0,1392.22,1,0-12 months,1392.2155,3,0,Medium,Medium
CUST03190,Female,36,68,Monthly,2837.51,Cash,Unknown,2,0,202.52,26,10,2,1,173655.61,0,49-72 months,2553.7590000000005,2,1,High,Low
CUST03191,Female,45,44,Two Year,3507.3,Cash,Fiber,4,1,66.88,23,5,1,0,146605.14,1,25-48 months,3331.935,5,1,High,Low
CUST03192,Female,69,47,One Year,4098.01,Bank Transfer,Fiber,1,1,16.48,15,15,1,0,163715.5,0,25-48 months,3483.3085,2,1,Medium,Low
CUST03193,Male,66,35,Monthly,1524.03,Bank Transfer,Fiber,2,0,373.28,26,0,8,1,53341.05,0,25-48 months,1524.03,2,1,High,High
CUST03194,Male,54,60,Monthly,1251.29,Cash,Fiber,0,0,466.77,13,10,2,0,67569.66,0,49-72 months,1126.161,0,0,Medium,Low
CUST03195,Female,43,52,Monthly,588.22,Bank Transfer,DSL,0,0,223.03,3,5,9,0,29058.07,0,49-72 months,558.809,0,0,Low,High
CUST03196,Female,52,8,Monthly,1526.39,Unknown,Fiber,1,1,37.38,16,0,2,3,12211.12,0,0-12 months,1526.39,2,4,Medium,Low
CUST03197,Female,51,41,Two Year,607.57,UPI,Fiber,0,2,371.62,9,0,4,0,24910.37,0,25-48 months,607.57,2,2,Low,Medium
CUST03198,Male,52,3,One Year,2054.63,Credit Card,Fiber,2,0,434.2,19,15,7,0,5239.31,0,0-12 months,1746.4355,2,0,Medium,Medium
CUST03199,Male,57,69,One Year,1155.62,Cash,DSL,3,1,165.21,8,0,7,1,79737.78,0,49-72 months,1155.62,4,2,Low,Medium
CUST03200,Female,33,14,Monthly,3109.53,Cash,Fiber,1,1,114.9,8,10,10,1,39180.08,0,13-24 months,2798.577,2,2,Low,High
CUST03201,Male,55,26,Monthly,2226.77,Cash,Fiber,5,4,171.84,14,15,8,2,49211.62,0,25-48 months,1892.7545,9,6,Medium,High
CUST03202,Male,30,70,Two Year,921.13,Bank Transfer,DSL,4,2,454.62,19,0,3,2,64479.1,0,49-72 months,921.13,6,4,Medium,Low
CUST03203,Female,40,58,Monthly,2299.4,Bank Transfer,Fiber,0,0,211.89,13,20,1,1,106692.16,0,49-72 months,1839.5200000000002,0,1,Medium,Low
CUST03204,Male,39,40,Monthly,1442.07,Bank Transfer,Fiber,5,0,328.81,3,15,4,1,49030.38,0,25-48 months,1225.7595,5,1,Low,Medium
CUST03205,Male,33,51,Monthly,3560.8,Bank Transfer,DSL,1,1,41.81,26,0,3,2,181600.8,0,49-72 months,3560.8,2,3,High,Low
CUST03206,Female,45,5,One Year,2139.96,UPI,Fiber,0,0,144.36,5,0,4,3,10699.8,0,0-12 months,2139.96,0,3,Low,Medium
CUST03207,Male,65,32,Monthly,1161.64,Cash,Fiber,4,3,117.87,8,15,6,0,31596.61,0,25-48 months,987.394,7,3,Low,Medium
CUST03208,Male,52,1,Monthly,2073.21,UPI,DSL,1,0,36.0,6,5,1,2,1969.55,1,0-12 months,1969.5494999999999,1,2,Low,Low
CUST03209,Female,62,54,Two Year,1509.7,Bank Transfer,Fiber,3,0,64.7,5,15,1,0,69295.23,0,49-72 months,1283.2450000000001,3,0,Low,Low
CUST03210,Male,63,11,One Year,4081.01,UPI,Fiber,3,0,211.22,21,20,2,3,35912.89,0,0-12 months,3264.8080000000004,3,3,High,Low
CUST03211,Male,25,53,Monthly,4925.15,Cash,DSL,0,1,281.21,27,0,10,0,261032.95,0,49-72 months,4925.15,1,1,High,High
CUST03212,Female,61,8,One Year,614.71,Cash,Unknown,2,0,159.4,12,0,10,0,4917.68,0,0-12 months,614.71,2,0,Medium,High
CUST03213,Female,39,25,Monthly,3605.09,Bank Transfer,DSL,2,0,212.65,6,10,3,0,81114.53,0,25-48 months,3244.581,2,0,Low,Low
CUST03214,Female,38,40,Monthly,1687.81,Cash,Fiber,0,1,380.95,8,15,5,0,57385.54,0,25-48 months,1434.6385,1,1,Low,Medium
CUST03215,Male,43,32,One Year,798.84,UPI,Fiber,2,1,127.36,22,0,9,0,25562.88,0,25-48 months,798.84,3,1,High,High
CUST03216,Female,57,28,Monthly,564.58,Debit Card,DSL,3,1,21.89,23,20,6,2,12646.59,0,25-48 months,451.66400000000004,4,3,High,Medium
CUST03217,Male,38,3,Monthly,4464.54,Cash,Fiber,4,2,132.21,25,0,5,0,13393.62,1,0-12 months,4464.54,6,2,High,Medium
CUST03218,Female,42,62,One Year,2091.23,UPI,Fiber,0,1,461.09,7,0,8,0,129656.26,0,49-72 months,2091.23,1,1,Low,High
CUST03219,Male,58,27,Two Year,4975.45,UPI,DSL,1,1,13.92,14,5,1,0,127620.29,0,25-48 months,4726.6775,2,1,Medium,Low
CUST03220,Female,18,45,Monthly,2490.7,UPI,Fiber,2,2,68.83,9,15,7,1,95269.27,0,25-48 months,2117.095,4,3,Low,Medium
CUST03221,Female,23,25,Monthly,1344.19,Cash,Fiber,3,0,37.21,26,5,8,0,31924.51,0,25-48 months,1276.9805,3,0,High,High
CUST03222,Female,40,61,Monthly,3997.15,Debit Card,Fiber,3,1,191.58,29,0,9,3,243826.15,0,49-72 months,3997.15,4,4,High,High
CUST03223,Female,68,44,Monthly,4669.21,Bank Transfer,DSL,1,0,325.64,17,0,9,2,205445.24,0,25-48 months,4669.21,1,2,Medium,High
CUST03224,Male,40,46,Monthly,4170.29,Bank Transfer,Fiber,2,2,455.62,19,20,8,1,153466.67,0,25-48 months,3336.232,4,3,Medium,High
CUST03225,Female,60,14,Monthly,3853.4,Cash,Fiber,1,4,398.06,6,0,10,1,53947.6,0,13-24 months,3853.4,5,5,Low,High
CUST03226,Female,60,8,One Year,2006.15,Cash,Fiber,4,1,129.1,19,10,3,0,14444.28,0,0-12 months,1805.535,5,1,Medium,Low
CUST03227,Male,40,48,Monthly,790.21,Credit Card,Unknown,2,3,319.25,27,0,6,2,37930.08,0,25-48 months,790.21,5,5,High,Medium
CUST03228,Female,49,14,Monthly,1405.85,Debit Card,DSL,2,0,333.6,30,5,5,1,18697.8,0,13-24 months,1335.5575,2,1,High,Medium
CUST03229,Male,47,65,Monthly,2510.65,UPI,Fiber,3,1,49.8,18,10,3,2,146873.02,1,49-72 months,2259.585,4,3,Medium,Low
CUST03230,Female,30,7,Monthly,4802.9,UPI,DSL,1,2,216.43,21,20,2,1,26896.24,0,0-12 months,3842.3199999999997,3,3,High,Low
CUST03231,Female,60,49,Two Year,3752.84,Bank Transfer,Fiber,5,2,159.07,1,0,2,1,183889.16,1,49-72 months,3752.84,7,3,Low,Low
CUST03232,Female,35,55,Monthly,4227.27,Cash,Unknown,2,2,82.77,5,0,10,4,232499.85,0,49-72 months,4227.27,4,6,Low,High
CUST03233,Male,40,13,Two Year,1747.82,Debit Card,DSL,3,1,34.04,13,20,10,1,18177.33,0,13-24 months,1398.256,4,2,Medium,High
CUST03234,Female,32,56,Two Year,3577.2,Unknown,DSL,1,0,18.43,11,5,10,0,190307.04,1,49-72 months,3398.3399999999997,1,0,Medium,High
CUST03235,Female,50,56,Two Year,4380.97,Debit Card,Fiber,2,0,430.07,24,0,4,1,245334.32,0,49-72 months,4380.97,2,1,High,Medium
CUST03236,Female,38,15,Monthly,2657.35,Cash,DSL,2,1,168.67,9,20,9,2,31888.2,0,13-24 months,2125.88,3,3,Low,High
CUST03237,Male,56,57,Two Year,2434.51,UPI,Fiber,1,0,249.07,10,5,2,1,131828.72,0,49-72 months,2312.7845,1,1,Low,Low
CUST03238,Male,40,58,Monthly,3737.32,Credit Card,Unknown,1,0,149.36,29,0,5,1,216764.56,0,49-72 months,3737.32,1,1,High,Medium
CUST03239,Female,44,35,Monthly,3019.6,Debit Card,DSL,1,2,87.1,22,15,8,1,89833.1,0,25-48 months,2566.66,3,3,High,High
CUST03240,Male,62,16,Monthly,4969.27,UPI,Unknown,1,0,134.34,20,0,10,1,79508.32,0,13-24 months,4969.27,1,1,Medium,High
CUST03241,Female,61,8,Monthly,2412.96,Debit Card,Fiber,3,0,89.14,19,0,2,1,19303.68,1,0-12 months,2412.96,3,1,Medium,Low
CUST03242,Female,35,45,Monthly,1291.74,Debit Card,Fiber,2,0,380.15,24,5,7,0,55221.88,0,25-48 months,1227.153,2,0,High,Medium
CUST03243,Female,41,40,Monthly,2623.71,Debit Card,DSL,3,2,454.22,28,10,6,2,94453.56,0,25-48 months,2361.339,5,4,High,Medium
CUST03244,Female,68,54,Monthly,1558.42,Cash,DSL,3,0,220.08,2,15,1,1,71531.48,1,49-72 months,1324.657,3,1,Low,Low
CUST03245,Female,64,14,One Year,3025.64,Bank Transfer,Unknown,5,1,412.35,8,0,7,3,42358.96,0,13-24 months,3025.64,6,4,Low,Medium
CUST03246,Female,57,59,Monthly,1066.09,Debit Card,Fiber,4,1,215.76,23,5,10,0,59754.34,0,49-72 months,1012.7854999999998,5,1,High,High
CUST03247,Female,68,53,Monthly,4774.89,Cash,DSL,1,1,226.16,18,5,9,1,240415.71,0,49-72 months,4536.1455000000005,2,2,Medium,High
CUST03248,Male,59,27,Two Year,4369.2,Credit Card,Unknown,2,0,245.13,18,0,1,3,117968.4,0,25-48 months,4369.2,2,3,Medium,Low
CUST03249,Male,24,47,Monthly,1200.04,Bank Transfer,Unknown,2,0,411.02,2,10,2,0,50761.69,0,25-48 months,1080.036,2,0,Low,Low
CUST03250,Male,67,6,One Year,1275.77,Cash,Fiber,3,0,468.48,15,5,7,2,7271.89,0,0-12 months,1211.9814999999999,3,2,Medium,Medium
CUST03251,Male,65,55,Two Year,2805.97,Credit Card,DSL,3,1,373.5,17,0,1,2,154328.35,0,49-72 months,2805.97,4,3,Medium,Low
CUST03252,Male,37,44,Monthly,3977.97,Bank Transfer,DSL,3,0,444.78,23,0,2,2,175030.68,0,25-48 months,3977.97,3,2,High,Low
CUST03253,Male,44,18,Monthly,1485.86,Cash,Fiber,0,0,323.15,24,15,3,1,22733.66,0,13-24 months,1262.981,0,1,High,Low
CUST03254,Male,23,16,Two Year,774.37,Credit Card,Unknown,1,0,420.43,23,10,2,2,72487.86,0,13-24 months,696.933,1,2,High,Low
CUST03255,Female,44,12,Two Year,2954.9,Cash,Fiber,2,1,280.63,15,5,2,1,33685.86,0,0-12 months,2807.1549999999997,3,2,Medium,Low
CUST03256,Female,26,20,One Year,3612.19,Credit Card,DSL,4,2,387.49,20,0,2,0,72243.8,0,13-24 months,3612.19,6,2,Medium,Low
CUST03257,Female,70,45,Monthly,1599.64,Debit Card,Unknown,1,1,354.1,27,0,7,1,71983.8,0,25-48 months,1599.64,2,2,High,Medium
CUST03258,Female,62,64,Two Year,3828.96,Debit Card,Fiber,4,0,375.88,15,10,10,1,220548.1,0,49-72 months,3446.0640000000003,4,1,Medium,High
CUST03259,Male,48,59,Monthly,4777.9,Bank Transfer,Unknown,4,0,121.02,28,0,4,1,281896.1,0,49-72 months,4777.9,4,1,High,Medium
CUST03260,Male,38,22,Monthly,1116.83,Credit Card,DSL,3,0,81.11,25,20,4,1,19656.21,1,13-24 months,893.4639999999999,3,1,High,Medium
CUST03261,Female,43,47,Monthly,2799.63,Debit Card,DSL,2,1,328.25,13,10,8,2,118424.35,0,25-48 months,2519.6670000000004,3,3,Medium,High
CUST03262,Female,57,29,Monthly,755.79,Unknown,Fiber,2,1,244.03,18,0,5,0,21917.91,0,25-48 months,755.79,3,1,Medium,Medium
CUST03263,Male,65,45,One Year,1429.97,UPI,Fiber,2,1,383.51,21,0,1,0,64348.65,0,25-48 months,1429.97,3,1,High,Low
CUST03264,Female,62,9,Two Year,904.19,Debit Card,DSL,3,2,77.52,15,10,2,0,7323.94,0,0-12 months,813.7710000000001,5,2,Medium,Low
CUST03265,Female,30,24,One Year,2318.03,Debit Card,Fiber,2,2,474.11,18,5,10,0,52851.08,0,13-24 months,2202.1285000000003,4,2,Medium,High
CUST03266,Female,66,15,Monthly,4193.74,Cash,Fiber,4,0,353.5,19,10,3,0,56615.49,0,13-24 months,3774.366,4,0,Medium,Low
CUST03267,Female,40,36,One Year,3097.09,UPI,Fiber,4,0,16.38,18,10,4,3,100345.72,1,25-48 months,2787.3810000000003,4,3,Medium,Medium
CUST03268,Male,37,13,One Year,1501.63,Credit Card,Fiber,3,0,290.38,24,5,9,0,18545.13,0,13-24 months,1426.5485,3,0,High,High
CUST03269,Female,54,44,Monthly,680.5,Bank Transfer,DSL,2,3,159.75,15,0,10,0,29942.0,1,25-48 months,680.5,5,3,Medium,High
CUST03270,Female,70,71,Two Year,2990.29,UPI,DSL,2,0,140.96,10,5,10,0,201695.06,0,49-72 months,2840.7754999999997,2,0,Low,High
CUST03271,Male,45,72,Two Year,1097.59,Unknown,DSL,1,2,451.57,30,5,5,0,75075.16,0,49-72 months,1042.7105,3,2,High,Medium
CUST03272,Male,34,36,One Year,2042.3,Debit Card,DSL,2,2,418.79,29,15,6,2,62494.38,0,25-48 months,1735.955,4,4,High,Medium
CUST03273,Female,45,61,Monthly,2795.87,Bank Transfer,DSL,1,0,9.73,22,10,3,1,153493.26,0,49-72 months,2516.283,1,1,High,Low
CUST03274,Male,58,40,One Year,4566.8,Bank Transfer,Fiber,3,0,94.93,21,10,2,0,164404.8,1,25-48 months,4110.12,3,0,High,Low
CUST03275,Female,19,27,Two Year,868.2,UPI,DSL,3,2,361.17,21,0,2,0,23441.4,0,25-48 months,868.2,5,2,High,Low
CUST03276,Female,42,1,Monthly,3508.73,Cash,Fiber,1,2,424.85,16,20,6,2,2806.98,1,0-12 months,2806.9840000000004,3,4,Medium,Medium
CUST03277,Male,67,34,Two Year,563.37,Credit Card,DSL,2,2,360.21,9,5,6,2,18196.85,0,25-48 months,535.2015,4,4,Low,Medium
CUST03278,Female,58,68,Monthly,3334.59,UPI,Fiber,2,2,265.03,2,0,7,1,226752.12,0,49-72 months,3334.59,4,3,Low,Medium
CUST03279,Female,23,21,One Year,2981.9,Cash,Fiber,3,0,492.37,13,5,9,0,59488.9,0,13-24 months,2832.805,3,0,Medium,High
CUST03280,Female,28,33,One Year,4153.4,Cash,Fiber,7,0,399.65,1,15,3,3,116502.87,1,25-48 months,3530.3899999999994,7,3,Low,Low
CUST03281,Female,55,7,One Year,2892.48,Cash,Fiber,0,1,236.62,22,5,7,2,19234.99,1,0-12 months,2747.8559999999998,1,3,High,Medium
CUST03282,Male,23,65,Two Year,2086.77,Bank Transfer,Fiber,5,0,293.82,24,10,7,0,122076.04,0,49-72 months,1878.093,5,0,High,Medium
CUST03283,Male,62,3,Monthly,1592.38,Credit Card,Fiber,3,0,27.19,8,5,8,4,4538.28,0,0-12 months,1512.761,3,4,Low,High
CUST03284,Female,28,51,Monthly,883.62,Credit Card,Fiber,0,1,482.54,6,5,5,3,42811.39,0,49-72 months,839.439,1,4,Low,Medium
CUST03285,Male,31,54,One Year,2905.76,UPI,Fiber,1,1,184.56,19,5,3,2,149065.49,0,49-72 months,2760.472,2,3,Medium,Low
CUST03286,Female,19,59,Monthly,4497.45,Debit Card,Unknown,1,0,332.45,19,5,2,1,252082.07,1,49-72 months,4272.577499999999,1,1,Medium,Low
CUST03287,Female,57,6,Monthly,2816.35,UPI,Fiber,1,0,335.14,2,0,4,1,16898.1,1,0-12 months,2816.35,1,1,Low,Medium
CUST03288,Female,20,29,Monthly,3825.96,Credit Card,Unknown,3,2,33.19,29,5,8,1,105405.2,0,25-48 months,3634.662,5,3,High,High
CUST03289,Female,70,17,Monthly,1842.96,Bank Transfer,DSL,1,1,136.6,18,20,5,0,25064.26,0,13-24 months,1474.3680000000002,2,1,Medium,Medium
CUST03290,Female,52,60,One Year,2516.59,UPI,Unknown,1,0,329.82,18,10,1,2,135895.86,0,49-72 months,2264.931,1,2,Medium,Low
CUST03291,Male,50,22,One Year,1960.71,Debit Card,DSL,2,0,456.52,23,0,3,0,43135.62,0,13-24 months,1960.71,2,0,High,Low
CUST03292,Female,41,24,Monthly,991.7,UPI,DSL,4,1,390.42,15,15,5,1,20230.68,0,13-24 months,842.945,5,2,Medium,Medium
CUST03293,Male,36,51,Monthly,2376.45,Cash,DSL,2,0,292.17,26,15,6,1,103019.11,0,49-72 months,2019.9824999999998,2,1,High,Medium
CUST03294,Male,35,50,Monthly,3939.29,Debit Card,Fiber,2,2,120.08,25,0,2,2,196964.5,1,49-72 months,3939.29,4,4,High,Low
CUST03295,Female,66,11,Monthly,2277.39,Cash,DSL,1,0,474.68,26,0,8,0,25051.29,0,0-12 months,2277.39,1,0,High,High
CUST03296,Female,69,56,Monthly,3425.81,Bank Transfer,Fiber,4,1,204.82,30,5,7,0,182253.09,0,49-72 months,3254.5195,5,1,High,Medium
CUST03297,Female,41,71,Monthly,3913.77,Credit Card,DSL,3,1,79.2,16,5,7,1,263983.79,0,49-72 months,3718.0815,4,2,Medium,Medium
CUST03298,Female,62,42,One Year,1952.31,UPI,Unknown,1,0,15.71,27,10,7,0,73797.32,0,25-48 months,1757.079,1,0,High,Medium
CUST03299,Female,52,39,One Year,4088.82,UPI,DSL,2,0,475.32,13,0,5,0,159463.98,0,25-48 months,4088.82,2,0,Medium,Medium
CUST03300,Male,18,69,Monthly,2025.17,Cash,Fiber,0,2,390.07,23,5,2,0,72487.86,0,49-72 months,1923.9115,2,2,High,Low
CUST03301,Female,53,48,One Year,1652.48,Cash,Unknown,1,1,112.11,28,0,8,1,79319.04,0,25-48 months,1652.48,2,2,High,High
CUST03302,Female,42,57,Two Year,1501.01,Credit Card,Unknown,0,2,75.18,24,0,3,1,85557.57,0,49-72 months,1501.01,2,3,High,Low
CUST03303,Male,62,21,Monthly,1399.57,UPI,Fiber,4,1,479.94,28,0,3,0,29390.97,0,13-24 months,1399.57,5,1,High,Low
CUST03304,Male,66,20,Monthly,3817.06,Credit Card,Unknown,0,1,124.19,28,5,2,1,72524.14,0,13-24 months,3626.207,1,2,High,Low
CUST03305,Female,60,15,One Year,4493.79,Cash,Fiber,3,1,233.66,5,5,2,0,64036.51,0,13-24 months,4269.1005,4,1,Low,Low
CUST03306,Male,51,69,Monthly,1537.92,Cash,Fiber,3,1,307.37,18,5,2,1,100810.66,0,49-72 months,1461.024,4,2,Medium,Low
CUST03307,Female,42,51,One Year,883.58,Debit Card,Fiber,4,0,35.88,30,5,6,1,42809.45,0,49-72 months,839.401,4,1,High,Medium
CUST03308,Male,33,62,Two Year,1911.95,Cash,DSL,1,1,175.49,24,5,8,0,112613.86,1,49-72 months,1816.3525,2,1,High,High
CUST03309,Male,51,37,Monthly,3460.31,Cash,Fiber,0,0,472.1,5,5,3,2,121629.9,0,25-48 months,3287.2945,0,2,Low,Low
CUST03310,Female,46,6,One Year,2158.34,Credit Card,Fiber,3,2,351.67,16,0,6,1,12950.04,0,0-12 months,2158.34,5,3,Medium,Medium
CUST03311,Male,36,71,One Year,2971.29,Debit Card,Fiber,1,1,187.05,29,0,3,3,210961.59,0,49-72 months,2971.29,2,4,High,Low
CUST03312,Male,40,26,Monthly,3849.37,Debit Card,Fiber,2,3,396.91,30,0,9,1,100083.62,0,25-48 months,3849.37,5,4,High,High
CUST03313,Male,36,8,Monthly,2338.15,UPI,Fiber,2,2,419.41,25,0,1,1,18705.2,0,0-12 months,2338.15,4,3,High,Low
CUST03314,Male,42,4,Two Year,4998.63,Bank Transfer,Fiber,3,3,80.13,6,5,7,0,18994.79,0,0-12 months,4748.6984999999995,6,3,Low,Medium
CUST03315,Male,33,21,Two Year,1840.77,UPI,Fiber,1,2,295.36,29,15,8,0,32857.74,1,13-24 months,1564.6544999999999,3,2,High,High
CUST03316,Male,68,31,One Year,4902.12,UPI,Fiber,1,0,186.54,7,5,9,1,144367.43,0,25-48 months,4657.014,1,1,Low,High
CUST03317,Female,26,21,Two Year,1413.63,UPI,Fiber,4,5,255.9,1,10,5,3,26717.61,0,13-24 months,1272.267,9,8,Low,Medium
CUST03318,Female,18,25,Monthly,999.19,Debit Card,Unknown,1,3,237.19,8,0,6,0,24979.75,0,25-48 months,999.19,4,3,Low,Medium
CUST03319,Male,59,15,Monthly,3878.74,Credit Card,Unknown,1,1,254.39,7,15,5,2,49453.94,0,13-24 months,3296.9289999999996,2,3,Low,Medium
CUST03320,Female,36,35,Monthly,3660.39,Cash,Fiber,2,0,263.36,23,0,10,5,128113.65,0,25-48 months,3660.39,2,5,High,High
CUST03321,Female,50,49,Monthly,4150.26,Debit Card,Fiber,5,2,39.28,7,0,5,1,203362.74,1,49-72 months,4150.26,7,3,Low,Medium
CUST03322,Female,51,43,Two Year,2046.16,Unknown,Unknown,1,0,92.96,7,15,7,1,74787.15,0,25-48 months,1739.236,1,1,Low,Medium
CUST03323,Male,33,41,Two Year,4688.63,Cash,DSL,3,0,285.27,27,0,4,1,192233.83,0,25-48 months,4688.63,3,1,High,Medium
CUST03324,Female,61,37,Two Year,1037.67,Bank Transfer,DSL,5,1,468.34,1,0,6,2,38393.79,0,25-48 months,1037.67,6,3,Low,Medium
CUST03325,Male,57,57,One Year,636.25,UPI,Fiber,1,0,374.53,12,10,4,1,32639.62,0,49-72 months,572.625,1,1,Medium,Medium
CUST03326,Female,35,42,Monthly,1852.54,Bank Transfer,Fiber,1,0,123.13,25,15,2,2,66135.68,0,25-48 months,1574.6589999999999,1,2,High,Low
CUST03327,Male,51,47,Monthly,4087.96,UPI,DSL,2,0,184.05,23,0,2,2,192134.12,0,25-48 months,4087.96,2,2,High,Low
CUST03328,Male,42,61,Monthly,3528.42,Debit Card,DSL,5,1,171.01,23,10,4,1,193710.26,0,49-72 months,3175.578,6,2,High,Medium
CUST03329,Female,62,14,One Year,2462.94,Cash,Fiber,1,1,385.91,11,10,5,0,31033.04,0,13-24 months,2216.646,2,1,Medium,Medium
CUST03330,Female,23,68,Monthly,1653.14,Bank Transfer,Fiber,4,0,486.24,29,10,1,1,101172.17,1,49-72 months,1487.826,4,1,High,Low
CUST03331,Male,38,53,Two Year,766.73,Debit Card,DSL,1,1,180.93,16,15,3,1,34541.19,1,49-72 months,651.7205,2,2,Medium,Low
CUST03332,Female,23,34,Two Year,2018.78,Debit Card,Fiber,0,4,12.31,28,0,5,1,68638.52,0,25-48 months,2018.78,4,5,High,Medium
CUST03333,Female,49,24,Monthly,2570.09,UPI,DSL,0,1,468.76,1,10,8,0,55513.94,1,13-24 months,2313.081,1,1,Low,High
CUST03334,Female,58,20,Monthly,3591.61,Cash,Fiber,2,2,377.85,6,0,4,0,71832.2,1,13-24 months,3591.61,4,2,Low,Medium
CUST03335,Male,65,69,One Year,3406.87,UPI,Fiber,1,1,418.01,26,0,6,1,235074.03,0,49-72 months,3406.87,2,2,High,Medium
CUST03336,Male,60,30,Monthly,4763.05,UPI,Fiber,2,1,108.3,24,5,4,1,135746.92,0,25-48 months,4524.8975,3,2,High,Medium
CUST03337,Female,56,7,One Year,951.78,Debit Card,DSL,3,1,324.6,30,15,5,0,5663.09,0,0-12 months,809.0129999999999,4,1,High,Medium
CUST03338,Female,48,36,One Year,2013.53,UPI,Fiber,2,0,120.19,5,0,7,1,72487.08,0,25-48 months,2013.53,2,1,Low,Medium
CUST03339,Female,59,38,Monthly,2667.1,Credit Card,Fiber,1,1,10.75,12,10,8,1,91214.82,0,25-48 months,2400.39,2,2,Medium,High
CUST03340,Male,27,52,Monthly,3518.13,Cash,Fiber,5,2,82.75,28,15,10,0,155501.35,0,49-72 months,2990.4105,7,2,High,High
CUST03341,Male,47,15,Monthly,2729.53,UPI,Unknown,3,0,461.79,17,0,10,1,40942.95,0,13-24 months,2729.53,3,1,Medium,High
CUST03342,Female,69,46,Two Year,4607.41,UPI,Unknown,0,0,111.58,13,10,8,1,190746.77,0,25-48 months,4146.669,0,1,Medium,High
CUST03343,Female,35,23,Monthly,3239.03,Bank Transfer,DSL,1,2,294.65,5,0,7,0,74497.69,1,13-24 months,3239.03,3,2,Low,Medium
CUST03344,Female,41,12,Two Year,678.49,Cash,Unknown,2,1,484.17,15,20,4,0,6513.5,0,0-12 months,542.792,3,1,Medium,Medium
CUST03345,Female,69,44,One Year,1011.45,Cash,Fiber,2,5,42.46,2,15,4,2,37828.23,0,25-48 months,859.7325000000001,7,7,Low,Medium
CUST03346,Female,26,15,One Year,3890.73,UPI,Unknown,2,2,404.93,2,10,2,1,52524.86,1,13-24 months,3501.657,4,3,Low,Low
CUST03347,Female,48,49,Monthly,3721.04,Credit Card,Fiber,3,2,300.79,20,5,9,0,173214.41,0,49-72 months,3534.988,5,2,Medium,High
CUST03348,Male,32,21,One Year,1190.74,Bank Transfer,Fiber,1,0,165.08,30,15,6,3,72487.86,0,13-24 months,1012.129,1,3,High,Medium
CUST03349,Female,21,15,One Year,765.09,Credit Card,Fiber,0,0,185.31,16,0,3,1,11476.35,0,13-24 months,765.09,0,1,Medium,Low
CUST03350,Male,57,14,Monthly,3104.23,UPI,Unknown,3,0,18.46,12,0,3,1,43459.22,0,13-24 months,3104.23,3,1,Medium,Low
CUST03351,Female,26,42,One Year,3360.82,Cash,DSL,1,1,131.64,27,15,1,0,119981.27,0,25-48 months,2856.697,2,1,High,Low
CUST03352,Female,62,15,One Year,1108.85,Cash,DSL,1,2,214.58,4,5,2,3,15801.11,0,13-24 months,1053.4074999999998,3,5,Low,Low
CUST03353,Male,26,63,Two Year,2631.29,Credit Card,Unknown,1,2,359.87,26,15,5,2,140905.58,0,49-72 months,2236.5965,3,4,High,Medium
CUST03354,Male,43,68,Monthly,1876.24,Debit Card,DSL,3,1,141.02,23,5,9,0,121205.1,0,49-72 months,1782.4279999999999,4,1,High,High
CUST03355,Male,21,27,Two Year,4690.88,UPI,DSL,2,4,292.25,9,5,3,0,120321.07,0,25-48 months,4456.336,6,4,Low,Low
CUST03356,Male,34,53,Monthly,1486.4,Cash,Fiber,5,0,367.19,27,0,7,1,78779.2,0,49-72 months,1486.4,5,1,High,Medium
CUST03357,Female,33,52,Two Year,3799.67,Debit Card,Unknown,4,0,350.77,12,20,6,2,158066.27,0,49-72 months,3039.7360000000003,4,2,Medium,Medium
CUST03358,Male,32,63,Two Year,2831.6,Cash,Unknown,4,1,297.19,2,5,3,1,169471.26,0,49-72 months,2690.02,5,2,Low,Low
CUST03359,Female,52,53,Monthly,551.84,Cash,Unknown,3,1,292.19,8,10,4,1,26322.77,0,49-72 months,496.65600000000006,4,2,Low,Medium
CUST03360,Male,69,57,Monthly,2826.49,Debit Card,Fiber,2,1,362.0,14,10,5,0,144998.94,0,49-72 months,2543.841,3,1,Medium,Medium
CUST03361,Female,22,52,One Year,947.62,Credit Card,Fiber,2,2,171.08,24,0,2,0,49276.24,0,49-72 months,947.62,4,2,High,Low
CUST03362,Female,22,43,Monthly,3465.78,UPI,Fiber,5,0,227.86,11,15,8,0,126674.26,0,25-48 months,2945.913,5,0,Medium,High
CUST03363,Female,37,7,Monthly,3044.86,Debit Card,Fiber,3,1,483.25,8,5,7,2,20248.32,0,0-12 months,2892.617,4,3,Low,Medium
CUST03364,Female,32,42,Monthly,546.92,Debit Card,Fiber,0,2,335.96,9,15,9,4,19525.04,1,25-48 months,464.88199999999995,2,6,Low,High
CUST03365,Female,35,4,Two Year,1421.12,Cash,DSL,1,1,262.35,25,15,8,1,4831.81,1,0-12 months,1207.9519999999998,2,2,High,High
CUST03366,Female,64,69,Two Year,3993.01,Debit Card,DSL,1,0,291.26,30,0,7,0,275517.69,0,49-72 months,3993.01,1,0,High,Medium
CUST03367,Male,19,5,One Year,1740.98,UPI,Unknown,2,1,56.69,26,10,9,1,7834.41,0,0-12 months,1566.882,3,2,High,High
CUST03368,Female,46,41,One Year,2746.78,Credit Card,Fiber,2,1,298.03,7,10,10,1,101356.18,0,25-48 months,2472.1020000000003,3,2,Low,High
CUST03369,Male,30,4,One Year,1903.99,Credit Card,Fiber,1,2,419.07,21,15,5,1,72487.86,0,0-12 months,1618.3915,3,3,High,Medium
CUST03370,Male,21,2,Monthly,4646.87,Credit Card,Fiber,1,1,264.19,23,5,3,1,8829.05,1,0-12 months,4414.5265,2,2,High,Low
CUST03371,Female,59,67,Monthly,2914.6,UPI,Fiber,2,0,92.56,14,10,6,0,175750.38,0,49-72 months,2623.14,2,0,Medium,Medium
CUST03372,Male,62,21,One Year,3632.78,Cash,Fiber,2,3,226.86,7,20,9,3,61030.7,0,13-24 months,2906.224,5,6,Low,High
CUST03373,Female,27,70,Two Year,875.64,UPI,Fiber,2,0,142.62,26,15,6,0,52100.58,0,49-72 months,744.294,2,0,High,Medium
CUST03374,Male,48,43,One Year,681.51,Debit Card,Unknown,5,0,183.07,10,15,3,1,24909.19,0,25-48 months,579.2835,5,1,Low,Low
CUST03375,Female,58,69,One Year,1666.53,Bank Transfer,Fiber,4,0,116.38,7,5,2,0,109241.04,1,49-72 months,1583.2034999999998,4,0,Low,Low
CUST03376,Male,25,9,One Year,1891.1,Bank Transfer,Unknown,4,0,170.29,24,0,5,2,17019.9,0,0-12 months,1891.1,4,2,High,Medium
CUST03377,Female,20,28,Monthly,3594.56,Bank Transfer,DSL,0,1,411.74,15,20,8,0,80518.14,1,25-48 months,2875.648,1,1,Medium,High
CUST03378,Female,65,26,One Year,3061.09,Credit Card,DSL,1,0,380.06,18,10,8,2,71629.51,0,25-48 months,2754.981,1,2,Medium,High
CUST03379,Female,63,3,Monthly,2185.61,UPI,DSL,2,1,247.82,13,0,1,0,6556.83,1,0-12 months,2185.61,3,1,Medium,Low
CUST03380,Female,26,49,Monthly,3443.53,UPI,Unknown,0,2,392.34,4,20,3,3,134986.38,0,49-72 months,2754.8240000000005,2,5,Low,Low
CUST03381,Male,47,17,One Year,1236.05,Credit Card,DSL,2,1,487.9,12,10,5,1,18911.56,0,13-24 months,1112.445,3,2,Medium,Medium
CUST03382,Female,70,63,One Year,785.7,Debit Card,Unknown,2,0,206.04,25,0,1,1,49499.1,0,49-72 months,785.7,2,1,High,Low
CUST03383,Male,28,55,Monthly,4345.27,Bank Transfer,Fiber,2,1,490.09,20,0,6,2,238989.85,0,49-72 months,4345.27,3,3,Medium,Medium
CUST03384,Male,52,23,One Year,3037.76,Bank Transfer,Fiber,2,1,126.72,18,15,4,1,59388.21,0,13-24 months,2582.096,3,2,Medium,Medium
CUST03385,Male,54,34,One Year,3420.93,Credit Card,DSL,2,0,477.5,7,20,9,2,93049.3,0,25-48 months,2736.744,2,2,Low,High
CUST03386,Female,59,69,One Year,1882.59,Bank Transfer,Fiber,0,1,432.89,22,5,2,0,123403.77,0,49-72 months,1788.4605,1,1,High,Low
CUST03387,Male,30,15,Two Year,2173.8,Cash,DSL,4,2,103.57,4,5,10,0,30976.65,0,13-24 months,2065.11,6,2,Low,High
CUST03388,Male,53,47,Monthly,870.65,UPI,DSL,9,0,178.17,29,5,5,2,38874.52,0,25-48 months,827.1175,9,2,High,Medium
CUST03389,Male,30,3,Two Year,4356.45,Bank Transfer,Fiber,3,0,355.42,24,15,5,1,11108.95,0,0-12 months,3702.9824999999996,3,1,High,Medium
CUST03390,Female,29,28,One Year,3165.98,Bank Transfer,DSL,0,2,99.85,22,5,6,1,84215.07,0,25-48 months,3007.681,2,3,High,Medium
CUST03391,Female,54,3,One Year,876.32,Cash,Unknown,4,1,297.4,8,5,5,0,2497.51,0,0-12 months,832.504,5,1,Low,Medium
CUST03392,Male,27,4,One Year,4120.38,Debit Card,Unknown,0,0,269.73,20,10,10,0,14833.37,0,0-12 months,3708.342,0,0,Medium,High
CUST03393,Female,26,31,Monthly,2706.835,Debit Card,DSL,2,2,149.48,18,5,10,3,73581.41,0,25-48 months,2571.49325,4,5,Medium,High
CUST03394,Female,69,45,Monthly,3942.96,Cash,DSL,1,1,153.76,28,5,9,0,168561.54,0,25-48 months,3745.812,2,1,High,High
CUST03395,Male,24,59,One Year,556.79,Debit Card,Unknown,5,0,260.57,6,5,1,0,31208.08,1,49-72 months,528.9504999999999,5,0,Low,Low
CUST03396,Male,19,45,Monthly,629.33,Credit Card,DSL,1,0,153.43,9,5,8,0,26903.86,0,25-48 months,597.8635,1,0,Low,High
CUST03397,Female,40,37,One Year,1268.52,Cash,Fiber,1,0,94.23,12,0,6,0,46935.24,0,25-48 months,1268.52,1,0,Medium,Medium
CUST03398,Male,56,65,Monthly,1449.12,UPI,Fiber,4,0,387.81,9,15,9,0,80063.88,0,49-72 months,1231.752,4,0,Low,High
CUST03399,Female,57,9,Monthly,3937.8,UPI,Fiber,3,1,292.97,15,0,10,2,35440.2,0,0-12 months,3937.8,4,3,Medium,High
CUST03400,Female,56,17,Monthly,3680.12,UPI,Fiber,2,0,221.63,27,10,7,1,56305.84,0,13-24 months,3312.108,2,1,High,Medium
CUST03401,Female,38,65,One Year,3272.4,Bank Transfer,Fiber,2,1,94.72,13,0,3,0,212706.0,0,49-72 months,3272.4,3,1,Medium,Low
CUST03402,Female,40,3,Monthly,2706.835,Unknown,Unknown,0,3,299.21,25,0,8,0,13445.61,0,0-12 months,2706.835,3,3,High,High
CUST03403,Female,46,26,One Year,1612.17,Cash,DSL,3,2,316.16,30,10,10,2,37724.78,0,25-48 months,1450.9530000000002,5,4,High,High
CUST03404,Female,31,53,Monthly,4569.82,Debit Card,Unknown,0,2,242.48,3,10,3,0,217980.41,0,49-72 months,4112.838,2,2,Low,Low
CUST03405,Male,43,31,One Year,4592.62,Cash,DSL,2,0,189.51,3,10,3,4,128134.1,1,25-48 months,4133.358,2,4,Low,Low
CUST03406,Male,68,26,Monthly,2454.17,Cash,Fiber,0,1,434.29,26,5,4,0,60618.0,0,25-48 months,2331.4615,1,1,High,Medium
CUST03407,Female,22,23,Monthly,924.74,Debit Card,Fiber,0,0,353.88,19,5,3,1,20205.57,0,13-24 months,878.5029999999999,0,1,Medium,Low
CUST03408,Female,48,30,One Year,3769.52,Cash,Unknown,1,1,181.3,21,5,6,0,107431.32,0,25-48 months,3581.044,2,1,High,Medium
CUST03409,Female,42,10,One Year,2016.18,Cash,Fiber,2,1,298.58,21,15,7,1,17137.53,0,0-12 months,1713.753,3,2,High,Medium
CUST03410,Male,48,72,Monthly,4077.18,Credit Card,DSL,3,3,120.7,13,0,3,1,293556.96,0,49-72 months,4077.18,6,4,Medium,Low
CUST03411,Female,67,64,Two Year,1236.61,Debit Card,Fiber,1,1,10.68,21,0,3,2,79143.04,0,49-72 months,1236.61,2,3,High,Low
CUST03412,Male,37,22,Monthly,2927.82,Credit Card,Fiber,1,2,435.08,24,15,7,0,54750.23,0,13-24 months,2488.647,3,2,High,Medium
CUST03413,Female,61,15,Monthly,2786.33,Bank Transfer,Fiber,1,1,410.35,26,0,10,2,41794.95,0,13-24 months,2786.33,2,3,High,High
CUST03414,Female,34,56,Monthly,951.42,Debit Card,DSL,0,1,321.5,12,10,9,2,47951.57,0,49-72 months,856.278,1,3,Medium,High
CUST03415,Male,62,20,Monthly,2135.0,Cash,Unknown,1,2,406.6,24,5,3,0,40565.0,1,13-24 months,2028.25,3,2,High,Low
CUST03416,Male,19,47,Monthly,881.4,Cash,DSL,1,1,391.51,30,15,6,1,35211.93,0,25-48 months,749.1899999999999,2,2,High,Medium
CUST03417,Female,42,53,Monthly,2591.33,Credit Card,DSL,1,2,430.83,24,0,5,0,137340.49,1,49-72 months,2591.33,3,2,High,Medium
CUST03418,Female,30,53,One Year,4293.07,Credit Card,Unknown,3,3,446.47,30,5,8,2,216156.07,0,49-72 months,4078.4164999999994,6,5,High,High
CUST03419,Female,56,1,Monthly,1715.92,Bank Transfer,DSL,1,1,410.31,25,0,9,0,1715.92,0,0-12 months,1715.92,2,1,High,High
CUST03420,Male,45,2,One Year,3941.88,Bank Transfer,Unknown,1,1,426.62,26,10,8,0,7095.38,0,0-12 months,3547.692,2,1,High,High
CUST03421,Male,59,58,Monthly,1325.42,Cash,Fiber,2,3,253.34,6,5,1,5,73030.64,1,49-72 months,1259.1490000000001,5,8,Low,Low
CUST03422,Male,23,19,Monthly,3531.81,UPI,Unknown,1,2,355.46,18,15,7,1,57038.73,0,13-24 months,3002.0384999999997,3,3,Medium,Medium
CUST03423,Male,20,62,Monthly,4619.92,Bank Transfer,Unknown,4,1,169.96,9,0,8,0,286435.04,0,49-72 months,4619.92,5,1,Low,High
CUST03424,Male,52,72,One Year,1957.68,Cash,Fiber,1,1,431.26,22,5,5,1,133905.31,0,49-72 months,1859.796,2,2,High,Medium
CUST03425,Male,35,12,One Year,4551.85,Bank Transfer,Fiber,4,1,430.0,17,0,4,0,54622.2,1,0-12 months,4551.85,5,1,Medium,Medium
CUST03426,Female,28,26,Two Year,2774.39,Debit Card,Fiber,5,1,37.74,28,0,7,2,72134.14,0,25-48 months,2774.39,6,3,High,Medium
CUST03427,Female,37,27,Monthly,1925.62,Credit Card,Fiber,3,1,176.77,12,5,6,0,49392.15,0,25-48 months,1829.3389999999997,4,1,Medium,Medium
CUST03428,Male,22,29,One Year,4534.29,Cash,DSL,1,0,89.87,21,0,2,0,131494.41,0,25-48 months,4534.29,1,0,High,Low
CUST03429,Female,36,15,One Year,644.17,Bank Transfer,DSL,3,1,72.22,23,0,9,1,9662.55,0,13-24 months,644.17,4,2,High,High
CUST03430,Female,39,46,Monthly,626.08,Credit Card,Unknown,1,0,210.37,30,0,3,2,28799.68,0,25-48 months,626.08,1,2,High,Low
CUST03431,Male,36,1,Monthly,3199.23,UPI,DSL,4,1,314.7,28,0,1,0,3199.23,0,0-12 months,3199.23,5,1,High,Low
CUST03432,Female,64,60,Monthly,4085.38,Bank Transfer,DSL,1,0,175.14,28,0,3,0,245122.8,0,49-72 months,4085.38,1,0,High,Low
CUST03433,Male,33,57,One Year,3881.96,Cash,Fiber,4,1,158.06,17,15,1,1,188080.96,0,49-72 months,3299.666,5,2,Medium,Low
CUST03434,Male,41,3,Monthly,857.61,Debit Card,DSL,2,1,51.76,15,0,10,3,2572.83,0,0-12 months,857.61,3,4,Medium,High
CUST03435,Female,58,18,One Year,4776.13,Credit Card,DSL,2,1,194.55,23,20,7,2,68776.27,0,13-24 months,3820.9040000000005,3,3,High,Medium
CUST03436,Male,21,52,Monthly,3663.79,Credit Card,DSL,3,2,238.13,27,0,6,2,190517.08,1,49-72 months,3663.79,5,4,High,Medium
CUST03437,Male,32,60,Monthly,4771.0,Debit Card,DSL,3,0,202.36,21,0,8,2,286260.0,0,49-72 months,4771.0,3,2,High,High
CUST03438,Male,42,34,Monthly,1980.94,Cash,DSL,1,1,341.64,21,0,4,2,67351.96,1,25-48 months,1980.94,2,3,High,Medium
CUST03439,Male,61,60,One Year,3622.73,UPI,Fiber,3,2,147.64,2,15,6,0,184759.23,0,49-72 months,3079.3205,5,2,Low,Medium
CUST03440,Male,52,26,Monthly,4369.72,Debit Card,DSL,4,1,359.44,28,20,3,1,90890.18,1,25-48 months,3495.7760000000003,5,2,High,Low
CUST03441,Male,31,72,Monthly,2212.09,UPI,DSL,0,1,441.97,4,0,4,4,159270.48,0,49-72 months,2212.09,1,5,Low,Medium
CUST03442,Male,66,19,One Year,4841.87,Cash,DSL,3,3,297.66,9,0,6,1,91995.53,0,13-24 months,4841.87,6,4,Low,Medium
CUST03443,Male,36,22,Monthly,1692.47,Bank Transfer,Fiber,0,0,197.4,12,15,5,0,31649.19,0,13-24 months,1438.5995,0,0,Medium,Medium
CUST03444,Female,55,33,Monthly,1920.26,Bank Transfer,Fiber,3,0,93.95,2,15,2,1,53863.29,1,25-48 months,1632.221,3,1,Low,Low
CUST03445,Female,53,38,Monthly,4641.48,Cash,Fiber,3,2,466.55,25,10,9,1,158738.62,0,25-48 months,4177.331999999999,5,3,High,High
CUST03446,Female,24,35,Monthly,4863.47,UPI,DSL,0,1,377.17,24,15,2,1,144688.23,1,25-48 months,4133.9495,1,2,High,Low
CUST03447,Male,47,67,Monthly,1783.38,Debit Card,Fiber,1,2,126.99,29,20,8,1,95589.17,0,49-72 months,1426.7040000000002,3,3,High,High
CUST03448,Male,36,10,Monthly,1113.76,Cash,DSL,3,0,79.56,4,10,5,2,10023.84,0,0-12 months,1002.384,3,2,Low,Medium
CUST03449,Female,66,15,Monthly,3915.75,Cash,Fiber,0,1,29.41,12,0,7,0,58736.25,0,13-24 months,3915.75,1,1,Medium,Medium
CUST03450,Female,42,11,Monthly,4683.49,Bank Transfer,Fiber,4,2,99.32,2,0,6,0,51518.39,0,0-12 months,4683.49,6,2,Low,Medium
CUST03451,Female,33,24,Two Year,3203.21,Debit Card,DSL,0,1,367.53,6,5,2,1,73033.19,0,13-24 months,3043.0495,1,2,Low,Low
CUST03452,Male,64,4,Monthly,3355.34,Bank Transfer,DSL,0,0,316.62,7,0,4,0,13421.36,0,0-12 months,3355.34,0,0,Low,Medium
CUST03453,Female,57,13,Monthly,3933.25,UPI,DSL,3,2,483.88,18,0,9,1,72487.86,1,13-24 months,3933.25,5,3,Medium,High
CUST03454,Female,68,57,Monthly,1188.88,UPI,Fiber,1,0,164.38,24,5,7,1,64377.85,0,49-72 months,1129.4360000000001,1,1,High,Medium
CUST03455,Male,25,37,Monthly,4880.61,Credit Card,Fiber,0,1,394.37,25,5,1,1,171553.44,0,25-48 months,4636.5795,1,2,High,Low
CUST03456,Female,35,48,Two Year,2139.48,Cash,Fiber,1,1,64.63,5,10,4,3,92425.54,1,25-48 months,1925.5320000000002,2,4,Low,Medium
CUST03457,Male,45,71,One Year,3327.08,Debit Card,Fiber,2,1,283.48,22,0,10,1,236222.68,0,49-72 months,3327.08,3,2,High,High
CUST03458,Male,33,1,Monthly,2608.77,Debit Card,DSL,1,1,236.06,22,15,3,3,2217.45,1,0-12 months,2217.4545,2,4,High,Low
CUST03459,Male,69,60,One Year,2606.81,Bank Transfer,Fiber,1,0,419.91,10,0,1,2,156408.6,1,49-72 months,2606.81,1,2,Low,Low
CUST03460,Female,36,12,Monthly,3662.35,Bank Transfer,Unknown,1,2,352.29,18,20,5,1,35158.56,0,0-12 months,2929.88,3,3,Medium,Medium
CUST03461,Female,59,21,Two Year,4975.98,Debit Card,DSL,5,4,101.19,29,5,9,4,99270.8,0,13-24 months,4727.181,9,8,High,High
CUST03462,Male,34,11,Two Year,3465.77,Bank Transfer,DSL,3,1,492.02,11,0,4,2,38123.47,1,0-12 months,3465.77,4,3,Medium,Medium
CUST03463,Female,62,44,One Year,4073.27,Credit Card,Unknown,2,2,412.46,17,15,2,1,152340.3,0,25-48 months,3462.2795,4,3,Medium,Low
CUST03464,Female,30,58,Monthly,624.27,Cash,Fiber,2,2,180.54,30,0,7,1,36207.66,0,49-72 months,624.27,4,3,High,Medium
CUST03465,Female,24,44,Monthly,4146.92,Credit Card,Fiber,4,0,413.88,11,0,8,0,72487.86,0,25-48 months,4146.92,4,0,Medium,High
CUST03466,Female,44,34,Monthly,1849.89,UPI,DSL,2,0,478.67,5,0,2,2,62896.26,1,25-48 months,1849.89,2,2,Low,Low
CUST03467,Male,27,25,Monthly,1070.16,Debit Card,Fiber,0,2,445.69,6,5,10,1,25416.3,0,25-48 months,1016.652,2,3,Low,High
CUST03468,Female,51,4,Monthly,1010.0,Unknown,Unknown,2,0,280.32,14,15,9,1,3434.0,0,0-12 months,858.5,2,1,Medium,High
CUST03469,Male,53,64,Two Year,3559.44,Credit Card,Unknown,2,0,290.69,16,15,10,2,193633.54,0,49-72 months,3025.524,2,2,Medium,High
CUST03470,Male,42,16,Monthly,4989.28,Bank Transfer,Unknown,3,4,57.77,28,10,8,0,71845.63,0,13-24 months,4490.352,7,4,High,High
CUST03471,Female,23,10,One Year,3497.88,Bank Transfer,Unknown,4,2,86.53,14,5,4,0,72487.86,0,0-12 months,3322.986,6,2,Medium,Medium
CUST03472,Male,41,66,One Year,1680.57,Bank Transfer,DSL,5,0,491.39,1,5,4,2,105371.74,0,49-72 months,1596.5414999999998,5,2,Low,Medium
CUST03473,Female,35,35,Two Year,1414.88,UPI,DSL,1,0,386.05,24,5,5,1,47044.76,0,25-48 months,1344.136,1,1,High,Medium
CUST03474,Female,40,6,Monthly,2866.81,Credit Card,Fiber,0,2,17.63,5,0,1,3,17200.86,1,0-12 months,2866.81,2,5,Low,Low
CUST03475,Male,23,19,Monthly,792.68,Cash,DSL,3,0,276.03,5,15,7,0,12801.78,0,13-24 months,673.7779999999999,3,0,Low,Medium
CUST03476,Male,46,59,One Year,2296.99,Bank Transfer,Fiber,1,2,175.92,8,20,4,2,108417.93,0,49-72 months,1837.5919999999999,3,4,Low,Medium
CUST03477,Male,42,53,Two Year,3498.06,UPI,DSL,1,3,159.2,14,15,1,3,157587.6,0,49-72 months,2973.3509999999997,4,6,Medium,Low
CUST03478,Male,34,8,Two Year,4854.48,UPI,Unknown,0,0,280.52,8,15,4,1,33010.46,0,0-12 months,4126.307999999999,0,1,Low,Medium
CUST03479,Female,63,10,One Year,2415.44,Bank Transfer,Fiber,3,0,163.47,9,0,4,0,24154.4,0,0-12 months,2415.44,3,0,Low,Medium
CUST03480,Female,41,67,Monthly,1401.01,Debit Card,Fiber,0,3,129.52,27,0,1,2,93867.67,0,49-72 months,1401.01,3,5,High,Low
CUST03481,Female,28,38,Monthly,4178.13,Unknown,Fiber,1,0,469.22,20,15,9,0,134953.6,0,25-48 months,3551.4105,1,0,Medium,High
CUST03482,Male,43,29,Monthly,2706.835,Bank Transfer,DSL,2,1,24.73,3,10,8,2,100456.29,0,25-48 months,2436.1515,3,3,Low,High
CUST03483,Male,68,15,One Year,4368.67,Cash,DSL,0,2,220.9,10,5,9,1,62253.55,0,13-24 months,4150.2365,2,3,Low,High
CUST03484,Male,51,23,One Year,1466.23,Credit Card,DSL,3,2,258.04,16,15,7,2,28664.8,0,13-24 months,1246.2955,5,4,Medium,Medium
CUST03485,Female,45,46,One Year,2321.74,UPI,DSL,3,1,222.78,11,0,5,0,106800.04,0,25-48 months,2321.74,4,1,Medium,Medium
CUST03486,Male,20,28,Two Year,4916.99,Cash,Fiber,6,0,330.34,2,10,7,1,123908.15,1,25-48 months,4425.291,6,1,Low,Medium
CUST03487,Female,28,26,One Year,1211.19,Credit Card,DSL,1,0,17.71,1,20,2,0,25192.75,0,25-48 months,968.9520000000001,1,0,Low,Low
CUST03488,Male,55,10,Monthly,3521.53,Cash,DSL,3,1,443.07,30,15,10,0,29933.0,0,0-12 months,2993.3005000000003,4,1,High,High
CUST03489,Female,31,47,Monthly,1567.33,UPI,Fiber,4,1,252.61,10,10,7,1,66298.06,0,25-48 months,1410.597,5,2,Low,Medium
CUST03490,Female,68,4,Two Year,2750.72,Bank Transfer,Fiber,5,1,279.07,21,0,4,0,11002.88,1,0-12 months,2750.72,6,1,High,Medium
CUST03491,Male,43,55,Monthly,4102.29,Cash,Unknown,2,1,234.07,6,0,5,2,225625.95,0,49-72 months,4102.29,3,3,Low,Medium
CUST03492,Male,65,66,Monthly,2698.64,Bank Transfer,Unknown,5,1,225.03,8,0,7,0,178110.24,0,49-72 months,2698.64,6,1,Low,Medium
CUST03493,Female,38,67,Monthly,4124.67,UPI,DSL,1,1,97.42,30,10,2,2,248717.6,0,49-72 months,3712.203,2,3,High,Low
CUST03494,Female,56,7,Monthly,2418.51,UPI,Unknown,1,1,254.68,6,0,5,0,16929.57,0,0-12 months,2418.51,2,1,Low,Medium
CUST03495,Male,47,55,Monthly,4997.09,Cash,Fiber,3,1,213.57,2,5,2,0,261097.95,0,49-72 months,4747.2355,4,1,Low,Low
CUST03496,Male,25,31,Two Year,2461.23,Cash,Unknown,1,2,236.72,8,5,10,2,72483.22,0,25-48 months,2338.1684999999998,3,4,Low,High
CUST03497,Female,68,19,Two Year,1172.21,UPI,Fiber,1,3,11.85,21,0,6,1,22271.99,1,13-24 months,1172.21,4,4,High,Medium
CUST03498,Male,37,28,Two Year,2308.41,Cash,DSL,1,2,69.79,29,15,10,2,54940.16,0,25-48 months,1962.1484999999998,3,4,High,High
CUST03499,Female,65,28,Monthly,3841.67,Cash,Fiber,3,1,382.77,3,0,8,1,72487.86,0,25-48 months,3841.67,4,2,Low,High
CUST03500,Female,49,19,Two Year,4315.72,Cash,DSL,1,0,212.46,30,20,7,0,65598.94,1,13-24 months,3452.5760000000005,1,0,High,Medium
CUST03501,Male,39,20,Two Year,2570.46,Cash,Fiber,2,1,372.74,22,0,5,1,51409.2,0,13-24 months,2570.46,3,2,High,Medium
CUST03502,Male,24,13,Two Year,3175.15,Credit Card,Fiber,3,0,89.7,12,15,3,4,35085.41,1,13-24 months,2698.8775,3,4,Medium,Low
CUST03503,Male,26,43,One Year,4302.01,UPI,Fiber,3,0,350.61,6,10,4,0,166487.79,0,25-48 months,3871.809,3,0,Low,Medium
CUST03504,Male,62,11,One Year,4160.96,UPI,Fiber,0,0,148.11,19,10,2,0,41193.5,0,0-12 months,3744.864,0,0,Medium,Low
CUST03505,Male,18,48,Monthly,3459.76,Debit Card,Fiber,4,1,354.04,7,5,6,2,157765.06,0,25-48 months,3286.772,5,3,Low,Medium
CUST03506,Female,46,15,Two Year,4167.62,Bank Transfer,DSL,3,0,47.96,23,15,8,1,53137.15,0,13-24 months,3542.477,3,1,High,High
CUST03507,Female,25,17,Monthly,3091.6,Debit Card,Fiber,0,3,170.15,23,5,8,2,49929.34,1,13-24 months,2937.02,3,5,High,High
CUST03508,Male,21,54,Monthly,520.92,Cash,Fiber,0,1,64.08,24,0,9,0,28129.68,0,49-72 months,520.92,1,1,High,High
CUST03509,Male,52,50,Two Year,685.7,Cash,Fiber,2,1,316.67,27,0,5,1,34285.0,0,49-72 months,685.7,3,2,High,Medium
CUST03510,Male,20,28,Monthly,4909.14,Credit Card,Fiber,1,0,199.34,23,0,10,1,137455.92,0,25-48 months,4909.14,1,1,High,High
CUST03511,Female,62,4,Monthly,1152.46,Credit Card,Unknown,1,4,41.77,13,5,6,1,4379.35,1,0-12 months,1094.837,5,5,Medium,Medium
CUST03512,Male,57,22,Two Year,2320.32,Credit Card,DSL,2,2,265.55,4,10,2,0,45942.34,1,13-24 months,2088.288,4,2,Low,Low
CUST03513,Male,24,39,Two Year,4702.15,Credit Card,Fiber,2,0,17.32,21,0,10,0,183383.85,0,25-48 months,4702.15,2,0,High,High
CUST03514,Female,44,34,Monthly,1377.68,Credit Card,Fiber,0,3,410.15,14,0,4,1,46841.12,0,25-48 months,1377.68,3,4,Medium,Medium
CUST03515,Female,18,44,Two Year,4297.06,Credit Card,DSL,3,2,469.48,4,10,3,1,170163.58,0,25-48 months,3867.3540000000003,5,3,Low,Low
CUST03516,Male,44,42,Monthly,4182.2,Credit Card,DSL,1,2,405.99,18,0,9,0,175652.4,0,25-48 months,4182.2,3,2,Medium,High
CUST03517,Male,33,40,Monthly,4938.48,Credit Card,Fiber,2,1,476.0,7,20,6,2,158031.36,0,25-48 months,3950.7839999999997,3,3,Low,Medium
CUST03518,Male,55,12,Monthly,1767.57,Credit Card,Fiber,2,0,449.07,13,15,6,0,18029.21,0,0-12 months,1502.4344999999998,2,0,Medium,Medium
CUST03519,Female,24,2,Monthly,1918.96,UPI,Fiber,3,1,447.99,3,15,4,0,3262.23,0,0-12 months,1631.116,4,1,Low,Medium
CUST03520,Male,61,28,Monthly,4562.95,Credit Card,Fiber,3,2,126.49,29,5,6,4,121374.47,1,25-48 months,4334.8025,5,6,High,Medium
CUST03521,Male,40,67,Monthly,2706.835,Unknown,Fiber,0,0,119.43,17,10,1,0,93667.61,0,49-72 months,2436.1515,0,0,Medium,Low
CUST03522,Male,58,71,Two Year,2965.55,Credit Card,Fiber,0,1,405.66,1,0,9,0,210554.05,0,49-72 months,2965.55,1,1,Low,High
CUST03523,Female,28,72,One Year,3683.05,Cash,Unknown,1,1,248.24,25,0,3,3,265179.6,0,49-72 months,3683.05,2,4,High,Low
CUST03524,Female,59,10,Two Year,1723.48,Cash,DSL,2,1,471.44,11,5,5,4,16373.06,0,0-12 months,1637.306,3,5,Medium,Medium
CUST03525,Male,70,57,One Year,4722.86,Credit Card,Unknown,3,2,449.14,19,5,7,3,255742.87,1,49-72 months,4486.717,5,5,Medium,Medium
CUST03526,Male,50,37,Monthly,3495.64,Credit Card,DSL,2,4,447.12,7,10,2,0,116404.81,0,25-48 months,3146.076,6,4,Low,Low
CUST03527,Female,67,64,Two Year,712.13,Cash,DSL,2,0,166.43,25,0,4,1,45576.32,0,49-72 months,712.13,2,1,High,Medium
CUST03528,Female,53,40,Two Year,1110.82,Bank Transfer,Fiber,2,0,70.79,14,5,6,1,42211.16,0,25-48 months,1055.279,2,1,Medium,Medium
CUST03529,Female,54,60,Monthly,1358.52,Debit Card,Fiber,4,1,340.58,7,0,1,2,81511.2,0,49-72 months,1358.52,5,3,Low,Low
CUST03530,Female,58,48,Monthly,1602.31,UPI,Fiber,2,0,223.09,27,5,6,0,73065.34,0,25-48 months,1522.1944999999998,2,0,High,Medium
CUST03531,Female,34,19,One Year,3788.05,Cash,DSL,2,0,467.3,24,10,5,0,64775.66,0,13-24 months,3409.2450000000003,2,0,High,Medium
CUST03532,Female,52,72,One Year,900.21,Credit Card,DSL,0,0,427.66,22,20,2,0,51852.1,0,49-72 months,720.1680000000001,0,0,High,Low
CUST03533,Female,65,33,Two Year,2077.68,UPI,DSL,2,1,464.77,11,10,6,1,61707.1,0,25-48 months,1869.9119999999998,3,2,Medium,Medium
CUST03534,Female,22,44,Monthly,4601.22,Credit Card,Fiber,4,2,286.09,19,20,5,1,161962.94,0,25-48 months,3680.9760000000006,6,3,Medium,Medium
CUST03535,Female,65,37,Monthly,3005.0,Debit Card,Fiber,1,1,265.48,16,5,1,0,105625.75,0,25-48 months,2854.75,2,1,Medium,Low
CUST03536,Male,49,36,One Year,1694.73,Debit Card,DSL,6,2,424.31,17,5,6,0,57959.77,0,25-48 months,1609.9935,8,2,Medium,Medium
CUST03537,Male,20,21,One Year,4806.75,Cash,DSL,2,2,258.39,26,15,7,0,85800.49,0,13-24 months,4085.7374999999997,4,2,High,Medium
CUST03538,Male,69,2,Monthly,1599.42,UPI,Fiber,1,0,450.51,14,5,9,2,3038.9,0,0-12 months,1519.449,1,2,Medium,High
CUST03539,Female,64,31,Monthly,4572.95,UPI,DSL,0,0,22.04,24,10,2,0,127585.3,1,25-48 months,4115.655,0,0,High,Low
CUST03540,Male,52,30,One Year,3765.96,Debit Card,Fiber,1,0,182.6,22,20,6,1,90383.04,0,25-48 months,3012.768,1,1,High,Medium
CUST03541,Female,69,44,One Year,3832.34,Credit Card,DSL,3,0,418.24,15,10,6,1,151760.66,0,25-48 months,3449.106,3,1,Medium,Medium
CUST03542,Female,31,12,Monthly,3942.23,Cash,Fiber,2,0,108.93,18,0,1,1,47306.76,0,0-12 months,3942.23,2,1,Medium,Low
CUST03543,Male,65,51,Monthly,2779.56,Bank Transfer,DSL,2,1,202.49,12,0,8,1,141757.56,0,49-72 months,2779.56,3,2,Medium,High
CUST03544,Female,48,49,Two Year,4165.6,Debit Card,DSL,1,1,9.97,13,0,5,1,204114.4,0,49-72 months,4165.6,2,2,Medium,Medium
CUST03545,Male,48,24,Two Year,4262.87,Debit Card,Unknown,3,0,154.35,26,15,2,1,86962.55,0,13-24 months,3623.4395,3,1,High,Low
CUST03546,Male,34,24,Monthly,2122.19,Cash,Unknown,2,0,162.73,24,15,5,0,72487.86,0,13-24 months,1803.8615,2,0,High,Medium
CUST03547,Male,41,60,Monthly,2301.55,Credit Card,DSL,0,1,367.61,4,10,4,0,124283.7,0,49-72 months,2071.3950000000004,1,1,Low,Medium
CUST03548,Female,69,11,Two Year,4499.41,UPI,Fiber,0,0,340.28,10,0,7,1,49493.51,0,0-12 months,4499.41,0,1,Low,Medium
CUST03549,Male,40,13,Monthly,2861.28,Debit Card,Fiber,0,0,225.25,9,5,10,1,35336.81,0,13-24 months,2718.216,0,1,Low,High
CUST03550,Female,35,72,One Year,4401.25,Cash,Fiber,4,0,365.61,12,15,8,0,269356.5,0,49-72 months,3741.0625,4,0,Medium,High
CUST03551,Male,67,72,One Year,3320.46,Unknown,Fiber,3,3,217.03,25,5,1,1,227119.46,1,49-72 months,3154.437,6,4,High,Low
CUST03552,Male,31,64,Monthly,3171.05,Cash,Fiber,2,1,220.13,25,0,1,0,202947.2,0,49-72 months,3171.05,3,1,High,Low
CUST03553,Male,67,20,One Year,639.41,UPI,DSL,1,1,324.55,4,10,8,2,11509.38,1,13-24 months,575.4689999999999,2,3,Low,High
CUST03554,Female,32,72,One Year,1750.52,Debit Card,Fiber,1,0,362.83,6,10,4,0,113433.7,0,49-72 months,1575.468,1,0,Low,Medium
CUST03555,Female,32,71,One Year,2759.26,Cash,Fiber,1,2,424.22,14,5,8,0,186112.09,0,49-72 months,2621.297,3,2,Medium,High
CUST03556,Female,23,28,Monthly,3142.93,UPI,DSL,0,2,376.94,4,15,7,1,74801.73,0,25-48 months,2671.4905,2,3,Low,Medium
CUST03557,Male,44,2,Two Year,3336.96,Credit Card,DSL,2,2,336.81,26,15,9,1,72487.86,0,0-12 months,2836.416,4,3,High,High
CUST03558,Male,32,43,Monthly,3723.0,Bank Transfer,DSL,0,0,282.93,10,10,7,1,144080.1,0,25-48 months,3350.7000000000003,0,1,Low,Medium
CUST03559,Female,67,8,One Year,3453.05,Debit Card,DSL,2,1,157.51,5,15,4,1,23480.74,1,0-12 months,2935.0925,3,2,Low,Medium
CUST03560,Female,53,13,Two Year,4318.6,UPI,Fiber,2,2,134.24,7,5,5,2,53334.71,1,13-24 months,4102.67,4,4,Low,Medium
CUST03561,Female,25,35,Monthly,1829.62,Bank Transfer,Fiber,1,0,422.41,7,10,7,2,57633.03,0,25-48 months,1646.658,1,2,Low,Medium
CUST03562,Female,32,23,One Year,3387.06,Bank Transfer,DSL,1,0,360.09,10,15,2,3,66217.02,1,13-24 months,2879.0009999999997,1,3,Low,Low
CUST03563,Female,20,46,Two Year,730.22,UPI,Fiber,3,2,334.38,22,10,3,3,30231.11,0,25-48 months,657.1980000000001,5,5,High,Low
CUST03564,Female,64,15,Monthly,2660.86,UPI,DSL,3,2,133.12,28,5,3,2,37917.25,1,13-24 months,2527.817,5,4,High,Low
CUST03565,Male,30,2,Monthly,1706.15,UPI,Fiber,2,3,485.05,26,10,9,4,3071.07,1,0-12 months,1535.535,5,7,High,High
CUST03566,Female,58,61,Two Year,2213.99,Cash,Unknown,3,0,45.25,20,5,2,1,128300.72,0,49-72 months,2103.2904999999996,3,1,Medium,Low
CUST03567,Male,51,64,Monthly,2095.98,Credit Card,DSL,1,1,419.94,13,5,4,1,127435.58,0,49-72 months,1991.1809999999998,2,2,Medium,Medium
CUST03568,Male,41,52,Monthly,771.94,Cash,DSL,3,1,109.34,28,20,8,1,72487.86,0,49-72 months,617.5520000000001,4,2,High,High
CUST03569,Female,57,36,Two Year,2599.91,Bank Transfer,Fiber,3,0,199.17,29,0,1,2,93596.76,0,25-48 months,2599.91,3,2,High,Low
CUST03570,Female,49,67,Two Year,4975.83,Bank Transfer,Unknown,3,1,216.8,15,15,9,0,283373.52,0,49-72 months,4229.4555,4,1,Medium,High
CUST03571,Male,49,69,Two Year,1845.21,Bank Transfer,DSL,1,0,333.04,21,10,6,0,114587.54,0,49-72 months,1660.689,1,0,High,Medium
CUST03572,Female,47,67,Monthly,3812.66,UPI,Fiber,1,0,275.6,5,0,4,1,255448.22,0,49-72 months,3812.66,1,1,Low,Medium
CUST03573,Female,69,47,Monthly,2965.05,Debit Card,DSL,2,0,97.11,25,10,5,4,125421.62,0,25-48 months,2668.545,2,4,High,Medium
CUST03574,Male,66,2,Monthly,1963.51,Cash,Fiber,2,1,19.86,30,0,7,0,3927.02,1,0-12 months,1963.51,3,1,High,Medium
CUST03575,Male,30,44,One Year,903.23,Debit Card,Fiber,3,2,360.02,16,0,8,0,39742.12,0,25-48 months,903.23,5,2,Medium,High
CUST03576,Male,18,64,One Year,1471.36,Credit Card,Fiber,1,2,254.94,27,20,5,0,75333.63,0,49-72 months,1177.088,3,2,High,Medium
CUST03577,Female,51,28,Monthly,4018.34,Credit Card,DSL,2,0,184.08,6,5,7,1,106887.84,0,25-48 months,3817.423,2,1,Low,Medium
CUST03578,Male,32,54,Monthly,1755.59,Cash,DSL,2,2,145.85,4,0,3,0,94801.86,0,49-72 months,1755.59,4,2,Low,Low
CUST03579,Female,61,67,One Year,1149.36,Bank Transfer,DSL,2,1,412.41,6,5,2,0,73156.76,0,49-72 months,1091.8919999999998,3,1,Low,Low
CUST03580,Male,31,36,One Year,1990.84,Credit Card,DSL,1,0,398.79,23,0,2,1,71670.24,0,25-48 months,1990.84,1,1,High,Low
CUST03581,Male,46,63,Monthly,3128.19,Debit Card,DSL,4,0,413.89,23,5,10,4,187222.17,0,49-72 months,2971.7805,4,4,High,High
CUST03582,Male,51,25,Two Year,3665.58,Debit Card,Fiber,3,3,113.46,26,0,3,2,91639.5,0,25-48 months,3665.58,6,5,High,Low
CUST03583,Female,35,48,Monthly,2243.14,UPI,Fiber,0,3,426.72,16,0,6,0,107670.72,0,25-48 months,2243.14,3,3,Medium,Medium
CUST03584,Female,24,39,One Year,2741.66,Bank Transfer,Fiber,2,0,492.84,19,5,10,1,101578.5,0,25-48 months,2604.5769999999998,2,1,Medium,High
CUST03585,Male,46,47,Two Year,2547.13,UPI,Fiber,1,2,301.58,6,0,1,0,119715.11,0,25-48 months,2547.13,3,2,Low,Low
CUST03586,Male,48,21,One Year,540.52,Cash,Unknown,2,4,28.35,11,0,3,2,11350.92,0,13-24 months,540.52,6,6,Medium,Low
CUST03587,Male,42,30,Monthly,2280.2,Credit Card,DSL,2,1,352.62,14,5,3,2,64985.7,1,25-48 months,2166.1899999999996,3,3,Medium,Low
CUST03588,Female,55,31,Monthly,3142.94,UPI,Fiber,1,1,271.36,23,0,2,1,97431.14,0,25-48 months,3142.94,2,2,High,Low
CUST03589,Male,31,26,Two Year,3064.75,Unknown,Fiber,1,1,357.46,15,10,1,2,71715.15,1,25-48 months,2758.275,2,3,Medium,Low
CUST03590,Female,25,22,Monthly,3873.95,Cash,Unknown,3,0,98.18,1,0,1,1,72487.86,1,13-24 months,3873.95,3,1,Low,Low
CUST03591,Male,44,21,One Year,3516.69,Debit Card,Fiber,5,0,304.87,4,20,1,2,59080.39,0,13-24 months,2813.3520000000003,5,2,Low,Low
CUST03592,Male,19,1,Two Year,1745.63,Debit Card,DSL,2,1,271.9,7,10,8,1,1571.07,0,0-12 months,1571.0670000000002,3,2,Low,High
CUST03593,Male,34,37,Two Year,1650.4,Cash,Fiber,1,1,303.23,28,15,6,0,51905.08,0,25-48 months,1402.8400000000001,2,1,High,Medium
CUST03594,Male,54,46,Monthly,2588.64,Debit Card,DSL,1,3,365.24,10,5,9,1,113123.57,0,25-48 months,2459.2079999999996,4,4,Low,High
CUST03595,Male,31,9,Two Year,3798.36,Cash,Unknown,3,4,274.39,1,0,3,2,34185.24,1,0-12 months,3798.36,7,6,Low,Low
CUST03596,Male,42,17,Two Year,922.22,Debit Card,Unknown,0,2,164.3,14,0,7,0,15677.74,0,13-24 months,922.22,2,2,Medium,Medium
CUST03597,Female,47,47,Monthly,4767.47,Cash,DSL,1,0,157.96,24,20,6,0,179256.87,0,25-48 months,3813.9760000000006,1,0,High,Medium
CUST03598,Male,46,59,Monthly,2944.19,Debit Card,DSL,2,0,349.05,6,10,9,2,156336.49,0,49-72 months,2649.771,2,2,Low,High
CUST03599,Female,37,54,Monthly,1878.84,UPI,DSL,3,0,333.61,14,0,9,1,101457.36,1,49-72 months,1878.84,3,1,Medium,High
CUST03600,Male,38,12,Monthly,3620.26,UPI,Fiber,2,1,213.89,22,5,9,0,41270.96,0,0-12 months,3439.247,3,1,High,High
CUST03601,Male,70,64,Two Year,701.27,Debit Card,Fiber,3,2,180.0,19,0,7,0,44881.28,0,49-72 months,701.27,5,2,Medium,Medium
CUST03602,Female,39,6,One Year,2679.79,Cash,Unknown,3,1,311.96,6,5,9,0,15274.8,0,0-12 months,2545.8005,4,1,Low,High
CUST03603,Male,52,53,Two Year,2686.86,UPI,Fiber,0,0,159.52,20,15,7,0,121043.04,0,49-72 months,2283.831,0,0,Medium,Medium
CUST03604,Female,54,16,One Year,1228.89,Credit Card,Fiber,1,0,481.82,25,0,9,1,19662.24,0,13-24 months,1228.89,1,1,High,High
CUST03605,Female,33,5,One Year,4268.25,Debit Card,DSL,0,0,300.26,29,5,2,1,20274.19,1,0-12 months,4054.8374999999996,0,1,High,Low
CUST03606,Male,67,46,One Year,4085.65,Credit Card,Unknown,2,1,298.01,20,5,2,0,178542.9,0,25-48 months,3881.3675,3,1,Medium,Low
CUST03607,Female,66,14,Monthly,1187.3,Credit Card,DSL,4,2,72.49,6,5,7,2,15791.09,0,13-24 months,1127.935,6,4,Low,Medium
CUST03608,Female,60,44,Two Year,2137.22,Bank Transfer,DSL,1,0,306.78,11,0,10,0,94037.68,0,25-48 months,2137.22,1,0,Medium,High
CUST03609,Male,34,63,Monthly,951.93,Credit Card,DSL,2,2,150.99,29,0,6,0,59971.59,0,49-72 months,951.93,4,2,High,Medium
CUST03610,Female,33,52,One Year,4318.74,Credit Card,DSL,2,0,228.66,29,5,6,1,213345.76,0,49-72 months,4102.803,2,1,High,Medium
CUST03611,Male,19,26,Monthly,1954.94,Bank Transfer,DSL,2,0,271.41,30,15,5,0,43204.17,1,25-48 months,1661.699,2,0,High,Medium
CUST03612,Male,21,53,Two Year,2476.92,Bank Transfer,Unknown,1,0,241.59,29,0,1,0,131276.76,0,49-72 months,2476.92,1,0,High,Low
CUST03613,Male,38,29,Two Year,1957.42,Bank Transfer,DSL,2,0,405.65,22,15,7,0,48250.4,0,25-48 months,1663.807,2,0,High,Medium
CUST03614,Male,56,19,Monthly,1895.12,Cash,Fiber,2,2,54.23,11,0,2,1,36007.28,1,13-24 months,1895.12,4,3,Medium,Low
CUST03615,Female,51,47,One Year,3862.86,Bank Transfer,DSL,4,0,87.83,17,0,8,0,181554.42,0,25-48 months,3862.86,4,0,Medium,High
CUST03616,Male,47,8,One Year,3864.05,Cash,DSL,1,3,82.71,20,5,10,0,29366.78,0,0-12 months,3670.8475,4,3,Medium,High
CUST03617,Male,23,23,Monthly,2830.05,Debit Card,Fiber,5,0,409.33,9,5,7,1,61836.59,0,13-24 months,2688.5475,5,1,Low,Medium
CUST03618,Female,34,35,Monthly,3459.28,Cash,Fiber,1,3,63.52,14,10,2,1,108967.32,1,25-48 months,3113.3520000000003,4,4,Medium,Low
CUST03619,Male,56,53,One Year,2802.48,Debit Card,Unknown,1,1,485.86,27,5,2,2,141104.87,0,49-72 months,2662.3559999999998,2,3,High,Low
CUST03620,Male,42,58,Monthly,628.65,Bank Transfer,Fiber,6,1,484.74,26,15,10,2,30992.44,0,49-72 months,534.3525,7,3,High,High
CUST03621,Female,22,5,Monthly,797.03,Bank Transfer,DSL,1,1,495.95,6,15,8,3,3387.38,0,0-12 months,677.4755,2,4,Low,High
CUST03622,Female,22,16,Monthly,2226.83,Debit Card,Fiber,2,2,489.95,28,0,5,3,72487.86,1,13-24 months,2226.83,4,5,High,Medium
CUST03623,Female,37,17,Monthly,3873.86,UPI,Fiber,1,1,78.76,4,10,8,0,59270.06,1,13-24 months,3486.474,2,1,Low,High
CUST03624,Female,33,32,Monthly,4609.52,Cash,DSL,4,0,330.42,7,5,1,0,140129.41,0,25-48 months,4379.044,4,0,Low,Low
CUST03625,Female,68,52,Monthly,633.69,Credit Card,Fiber,4,1,202.85,30,20,9,3,26361.5,0,49-72 months,506.95200000000006,5,4,High,High
CUST03626,Female,58,20,Monthly,2156.14,Bank Transfer,Fiber,1,0,367.25,10,15,8,0,36654.38,0,13-24 months,1832.7189999999998,1,0,Low,High
CUST03627,Female,54,66,Monthly,1507.02,Cash,Fiber,1,0,205.93,7,5,6,0,94490.15,0,49-72 months,1431.6689999999999,1,0,Low,Medium
CUST03628,Male,57,1,One Year,4168.42,Cash,Unknown,0,2,194.7,5,10,8,2,3751.58,0,0-12 months,3751.578,2,4,Low,High
CUST03629,Female,26,58,Two Year,4306.86,Bank Transfer,Unknown,2,0,452.46,4,0,1,0,249797.88,0,49-72 months,4306.86,2,0,Low,Low
CUST03630,Female,22,44,Monthly,1428.84,Debit Card,DSL,1,2,249.8,15,0,8,0,62868.96,1,25-48 months,1428.84,3,2,Medium,High
CUST03631,Female,59,6,Two Year,3698.72,Bank Transfer,DSL,2,0,371.18,4,0,1,2,22192.32,1,0-12 months,3698.72,2,2,Low,Low
CUST03632,Male,19,50,Monthly,3792.9,Cash,DSL,3,0,326.71,15,10,4,1,170680.5,0,49-72 months,3413.61,3,1,Medium,Medium
CUST03633,Male,26,72,One Year,1296.76,UPI,Unknown,2,1,330.57,7,0,10,1,93366.72,0,49-72 months,1296.76,3,2,Low,High
CUST03634,Female,60,20,Monthly,2451.63,Debit Card,DSL,4,0,177.81,6,5,3,0,46580.97,0,13-24 months,2329.0485,4,0,Low,Low
CUST03635,Female,53,14,One Year,3291.52,Bank Transfer,DSL,5,0,129.96,4,15,3,1,39169.09,0,13-24 months,2797.792,5,1,Low,Low
CUST03636,Female,39,5,One Year,617.3,Credit Card,Fiber,3,1,443.29,19,10,10,0,2777.85,0,0-12 months,555.5699999999999,4,1,Medium,High
CUST03637,Male,39,41,Monthly,2320.66,Bank Transfer,Fiber,3,2,17.17,2,5,9,0,90389.71,1,25-48 months,2204.627,5,2,Low,High
CUST03638,Male,39,40,Monthly,1197.31,Cash,DSL,5,2,90.6,15,10,8,2,43103.16,1,25-48 months,1077.579,7,4,Medium,High
CUST03639,Female,51,34,Two Year,2938.53,Cash,Fiber,1,3,70.73,20,5,10,2,94914.52,0,25-48 months,2791.6035,4,5,Medium,High
CUST03640,Male,46,45,Monthly,4293.13,Credit Card,Fiber,3,1,474.95,23,15,8,1,164212.22,0,25-48 months,3649.1605,4,2,High,High
CUST03641,Female,55,71,Monthly,2861.39,Debit Card,DSL,0,0,7.49,30,5,7,0,193000.76,0,49-72 months,2718.3205,0,0,High,Medium
CUST03642,Male,63,71,Monthly,661.93,Cash,Fiber,4,4,8.97,2,10,8,0,42297.33,0,49-72 months,595.737,8,4,Low,High
CUST03643,Male,50,27,Monthly,633.46,Debit Card,DSL,2,1,117.23,13,20,8,2,13682.74,0,25-48 months,506.76800000000003,3,3,Medium,High
CUST03644,Female,35,44,Monthly,3224.76,Debit Card,Fiber,1,2,143.15,28,10,10,2,127700.5,1,25-48 months,2902.284,3,4,High,High
CUST03645,Female,24,33,Monthly,1975.92,Bank Transfer,DSL,4,0,282.11,25,0,6,2,65205.36,0,25-48 months,1975.92,4,2,High,Medium
CUST03646,Female,18,33,Monthly,3077.0,Debit Card,Fiber,3,2,480.81,14,10,8,2,91386.9,0,25-48 months,2769.3,5,4,Medium,High
CUST03647,Female,50,44,Monthly,1236.37,Cash,Unknown,4,0,235.2,9,15,2,0,46240.24,1,25-48 months,1050.9144999999999,4,0,Low,Low
CUST03648,Male,18,20,One Year,3995.88,Cash,Fiber,2,2,147.95,16,0,7,1,79917.6,0,13-24 months,3995.88,4,3,Medium,Medium
CUST03649,Male,41,36,One Year,4373.24,UPI,DSL,2,1,409.42,22,15,3,0,133821.14,0,25-48 months,3717.254,3,1,High,Low
CUST03650,Male,21,7,Two Year,4501.52,Debit Card,DSL,3,3,195.96,9,0,8,1,31510.64,0,0-12 months,4501.52,6,4,Low,High
CUST03651,Female,21,32,Two Year,1868.34,UPI,Fiber,0,0,75.16,17,5,5,1,56797.54,0,25-48 months,1774.9229999999998,0,1,Medium,Medium
CUST03652,Male,35,67,Two Year,3473.31,Bank Transfer,DSL,4,0,398.32,22,10,5,1,209440.59,1,49-72 months,3125.979,4,1,High,Medium
CUST03653,Female,44,39,One Year,1755.69,UPI,Unknown,1,1,6.2,3,0,3,1,68471.91,0,25-48 months,1755.69,2,2,Low,Low
CUST03654,Male,60,24,One Year,3932.41,Unknown,Fiber,0,2,106.53,22,0,1,0,94377.84,0,13-24 months,3932.41,2,2,High,Low
CUST03655,Female,49,70,Monthly,1042.36,Cash,Fiber,2,2,319.39,5,5,2,1,69316.94,0,49-72 months,990.2419999999998,4,3,Low,Low
CUST03656,Female,50,54,One Year,3932.44,Bank Transfer,Fiber,3,2,55.72,12,10,2,2,191116.58,0,49-72 months,3539.196,5,4,Medium,Low
CUST03657,Male,45,38,Monthly,2478.78,Unknown,Fiber,1,2,131.63,5,5,7,0,89483.96,0,25-48 months,2354.841,3,2,Low,Medium
CUST03658,Female,59,32,Two Year,4349.97,Bank Transfer,Unknown,1,0,199.69,14,10,2,2,125279.14,0,25-48 months,3914.9730000000004,1,2,Medium,Low
CUST03659,Female,58,45,Monthly,3825.19,Credit Card,Fiber,0,2,201.23,17,10,7,1,154920.2,0,25-48 months,3442.6710000000003,2,3,Medium,Medium
CUST03660,Male,53,61,One Year,2706.835,Debit Card,DSL,0,0,486.54,30,5,1,1,127162.0,0,49-72 months,2571.49325,0,1,High,Low
CUST03661,Female,23,70,Monthly,4565.93,Credit Card,Fiber,3,2,339.4,5,0,2,0,319615.1,0,49-72 months,4565.93,5,2,Low,Low
CUST03662,Female,33,53,Monthly,1775.02,UPI,Fiber,0,2,23.33,13,5,7,1,89372.26,0,49-72 months,1686.269,2,3,Medium,Medium
CUST03663,Female,51,51,Monthly,4851.45,Debit Card,Unknown,1,1,114.57,27,5,7,1,235052.75,0,49-72 months,4608.8775,2,2,High,Medium
CUST03664,Male,40,56,Monthly,3952.42,Credit Card,Fiber,2,0,310.13,22,0,2,0,221335.52,0,49-72 months,3952.42,2,0,High,Low
CUST03665,Male,67,27,Monthly,4958.04,Cash,DSL,6,1,358.14,15,15,10,1,113787.02,0,25-48 months,4214.334,7,2,Medium,High
CUST03666,Female,59,38,Monthly,2706.835,UPI,Fiber,2,1,193.4,17,10,7,1,25395.89,0,25-48 months,2436.1515,3,2,Medium,Medium
CUST03667,Male,41,62,Monthly,1733.16,Debit Card,DSL,1,0,429.0,10,15,9,0,91337.53,0,49-72 months,1473.186,1,0,Low,High
CUST03668,Female,66,18,Monthly,3835.69,Debit Card,DSL,0,0,472.0,16,10,8,0,62138.18,0,13-24 months,3452.121,0,0,Medium,High
CUST03669,Female,30,64,Two Year,4650.12,Cash,Fiber,4,0,308.96,29,0,6,0,297607.68,0,49-72 months,4650.12,4,0,High,Medium
CUST03670,Female,35,30,Monthly,629.47,Cash,Fiber,1,2,283.38,30,0,4,2,18884.1,1,25-48 months,629.47,3,4,High,Medium
CUST03671,Female,30,49,Monthly,500.04,Credit Card,Fiber,2,1,376.65,23,20,3,1,19601.57,0,49-72 months,400.03200000000004,3,2,High,Low
CUST03672,Female,66,41,Two Year,1653.09,Credit Card,Fiber,2,1,392.11,29,5,8,3,64387.86,0,25-48 months,1570.4354999999998,3,4,High,High
CUST03673,Male,54,13,One Year,4337.5,Credit Card,Fiber,4,0,111.64,16,15,3,0,47929.38,0,13-24 months,3686.875,4,0,Medium,Low
CUST03674,Female,60,34,Monthly,3952.19,Bank Transfer,Unknown,1,0,244.37,17,5,5,2,127655.74,1,25-48 months,3754.5805,1,2,Medium,Medium
CUST03675,Male,56,25,Monthly,2031.25,UPI,Unknown,4,1,226.48,7,15,3,1,43164.06,1,25-48 months,1726.5625,5,2,Low,Low
CUST03676,Male,59,66,Two Year,509.05,Debit Card,DSL,1,2,471.03,11,10,9,1,30237.57,0,49-72 months,458.14500000000004,3,3,Medium,High
CUST03677,Female,34,18,Monthly,2996.18,UPI,Fiber,0,1,60.32,14,0,7,2,53931.24,0,13-24 months,2996.18,1,3,Medium,Medium
CUST03678,Female,32,5,Monthly,1570.8,Cash,Fiber,1,1,472.02,12,20,3,1,6283.2,1,0-12 months,1256.64,2,2,Medium,Low
CUST03679,Male,35,19,One Year,3855.24,UPI,Unknown,1,0,288.43,9,5,10,0,69587.08,0,13-24 months,3662.4779999999996,1,0,Low,High
CUST03680,Male,40,42,Monthly,2508.57,UPI,DSL,1,1,147.59,7,5,7,2,100091.94,0,25-48 months,2383.1415,2,3,Low,Medium
CUST03681,Male,68,18,Two Year,3553.71,Credit Card,Fiber,0,1,435.33,14,5,4,3,60768.44,0,13-24 months,3376.0245,1,4,Medium,Medium
CUST03682,Female,47,32,Monthly,4335.39,Cash,Fiber,4,2,29.96,16,15,1,1,117922.61,1,25-48 months,3685.0815000000002,6,3,Medium,Low
CUST03683,Male,51,21,One Year,2910.92,UPI,Fiber,4,1,162.88,28,0,4,0,61129.32,0,13-24 months,2910.92,5,1,High,Medium
CUST03684,Female,21,10,One Year,2011.8,Debit Card,DSL,5,0,377.51,10,0,10,0,20118.0,0,0-12 months,2011.8,5,0,Low,High
CUST03685,Female,20,37,Monthly,3962.95,Credit Card,Unknown,4,2,414.71,28,5,8,1,139297.69,0,25-48 months,3764.8025,6,3,High,High
CUST03686,Female,24,49,Two Year,1693.34,UPI,Fiber,2,2,87.91,5,15,6,4,70527.61,0,49-72 months,1439.339,4,6,Low,Medium
CUST03687,Male,35,13,Two Year,2706.835,Cash,Fiber,3,0,471.18,19,5,1,0,55721.1,0,13-24 months,2571.49325,3,0,Medium,Low
CUST03688,Female,59,55,Monthly,821.42,Debit Card,Fiber,3,0,31.59,7,0,1,2,45178.1,0,49-72 months,821.42,3,2,Low,Low
CUST03689,Female,24,17,Two Year,4259.61,Cash,Fiber,2,2,219.61,22,10,4,0,65172.03,0,13-24 months,3833.649,4,2,High,Medium
CUST03690,Female,57,9,Monthly,912.0,Cash,DSL,2,0,53.24,24,10,6,1,7387.2,0,0-12 months,820.8000000000001,2,1,High,Medium
CUST03691,Female,23,44,Two Year,752.62,Cash,DSL,1,1,53.36,30,5,4,1,31459.52,0,25-48 months,714.9889999999999,2,2,High,Medium
CUST03692,Female,39,46,Monthly,2134.66,Bank Transfer,Fiber,1,4,457.38,8,5,9,1,93284.64,0,25-48 months,2027.9269999999997,5,5,Low,High
CUST03693,Male,18,8,Monthly,4804.47,Debit Card,DSL,3,1,452.46,10,5,2,0,36513.97,1,0-12 months,4564.2465,4,1,Low,Low
CUST03694,Female,21,37,Monthly,4925.69,Cash,Fiber,3,0,309.55,27,5,6,0,173138.0,0,25-48 months,4679.4055,3,0,High,Medium
CUST03695,Female,63,19,Monthly,1409.32,Bank Transfer,DSL,1,0,483.31,22,15,7,1,22760.52,0,13-24 months,1197.922,1,1,High,Medium
CUST03696,Male,66,63,Monthly,1168.87,Credit Card,DSL,2,0,248.07,23,5,4,1,69956.87,0,49-72 months,1110.4264999999998,2,1,High,Medium
CUST03697,Female,69,46,Two Year,2088.29,Bank Transfer,Fiber,1,1,392.51,3,0,5,1,96061.34,1,25-48 months,2088.29,2,2,Low,Medium
CUST03698,Male,67,71,Two Year,2016.89,Credit Card,Unknown,1,3,53.15,14,0,5,1,143199.19,0,49-72 months,2016.89,4,4,Medium,Medium
CUST03699,Female,60,26,Monthly,3918.17,Bank Transfer,Fiber,1,1,200.83,20,0,2,3,101872.42,0,25-48 months,3918.17,2,4,Medium,Low
CUST03700,Male,46,46,Monthly,2498.0,Cash,Fiber,2,0,259.97,23,5,5,0,109162.6,1,25-48 months,2373.1,2,0,High,Medium
CUST03701,Male,38,46,Two Year,4009.48,Bank Transfer,Fiber,3,2,390.18,22,5,10,0,175214.28,0,25-48 months,3809.006,5,2,High,High
CUST03702,Female,43,14,Monthly,3869.21,Bank Transfer,Fiber,4,0,170.57,3,10,5,1,48752.05,1,13-24 months,3482.289,4,1,Low,Medium
CUST03703,Female,31,63,Monthly,3102.4,Cash,DSL,0,0,490.27,15,0,5,0,195451.2,0,49-72 months,3102.4,0,0,Medium,Medium
CUST03704,Female,26,72,Monthly,4250.8,Credit Card,Fiber,1,1,368.74,10,10,4,1,275451.84,1,49-72 months,3825.7200000000003,2,2,Low,Medium
CUST03705,Male,64,3,Monthly,1380.41,Cash,DSL,1,1,268.82,7,5,10,2,3934.17,1,0-12 months,1311.3895,2,3,Low,High
CUST03706,Male,29,28,Monthly,1228.15,Debit Card,Unknown,1,1,168.73,19,0,4,1,34388.2,0,25-48 months,1228.15,2,2,Medium,Medium
CUST03707,Male,59,29,One Year,3877.93,Bank Transfer,Fiber,2,1,322.81,10,0,7,4,112459.97,0,25-48 months,3877.93,3,5,Low,Medium
CUST03708,Female,68,18,One Year,1601.59,Debit Card,Fiber,2,1,338.17,29,10,6,0,25945.76,0,13-24 months,1441.431,3,1,High,Medium
CUST03709,Male,68,35,Monthly,2706.835,Cash,Fiber,0,3,341.2,14,15,8,1,15248.96,0,25-48 months,2300.80975,3,4,Medium,High
CUST03710,Male,23,47,Two Year,4603.82,Cash,Fiber,1,0,295.17,8,0,1,0,216379.54,0,25-48 months,4603.82,1,0,Low,Low
CUST03711,Female,37,5,One Year,3303.22,UPI,Fiber,0,2,203.24,29,5,10,1,15690.29,0,0-12 months,3138.0589999999997,2,3,High,High
CUST03712,Male,41,59,Monthly,2502.22,Debit Card,DSL,2,0,409.24,23,5,2,0,140249.43,0,49-72 months,2377.109,2,0,High,Low
CUST03713,Male,44,59,Monthly,3765.81,UPI,Fiber,1,1,132.85,20,0,2,0,222182.79,1,49-72 months,3765.81,2,1,Medium,Low
CUST03714,Female,55,47,Monthly,1999.99,Debit Card,DSL,1,1,314.57,1,10,2,0,84599.58,0,25-48 months,1799.991,2,1,Low,Low
CUST03715,Male,25,13,Monthly,4791.5,UPI,Fiber,4,1,238.48,6,5,3,2,59175.02,1,13-24 months,4551.925,5,3,Low,Low
CUST03716,Female,18,33,Monthly,808.79,UPI,Fiber,1,2,446.95,15,5,6,0,25355.57,0,25-48 months,768.3504999999999,3,2,Medium,Medium
CUST03717,Female,66,62,Monthly,2706.835,Debit Card,Fiber,2,1,297.32,5,10,3,1,188842.27,0,49-72 months,2436.1515,3,2,Low,Low
CUST03718,Female,66,16,Monthly,3997.8,Cash,Fiber,0,2,428.56,14,5,7,1,60766.56,0,13-24 months,3797.91,2,3,Medium,Medium
CUST03719,Female,41,44,One Year,2611.07,Credit Card,Fiber,3,0,476.89,9,10,3,3,103398.37,0,25-48 months,2349.963,3,3,Low,Low
CUST03720,Female,64,58,One Year,3897.36,Cash,DSL,3,0,67.88,26,5,6,0,214744.54,0,49-72 months,3702.4919999999997,3,0,High,Medium
CUST03721,Male,24,6,Monthly,4671.1,Credit Card,DSL,3,3,279.82,6,0,2,2,28026.6,1,0-12 months,4671.1,6,5,Low,Low
CUST03722,Male,36,15,One Year,3847.97,Debit Card,Fiber,2,0,442.57,1,15,2,0,49061.62,0,13-24 months,3270.7744999999995,2,0,Low,Low
CUST03723,Female,39,4,Two Year,1892.15,Bank Transfer,DSL,2,3,436.68,19,0,3,2,7568.6,0,0-12 months,1892.15,5,5,Medium,Low
CUST03724,Female,52,56,One Year,3028.31,Cash,Fiber,3,0,101.98,15,10,8,1,152626.82,0,49-72 months,2725.479,3,1,Medium,High
CUST03725,Male,47,64,Monthly,4602.22,UPI,Fiber,1,1,243.28,2,10,9,1,265087.87,0,49-72 months,4141.9980000000005,2,2,Low,High
CUST03726,Female,46,68,Monthly,2706.835,Cash,DSL,2,1,115.43,19,10,2,1,154281.53,0,49-72 months,2436.1515,3,2,Medium,Low
CUST03727,Female,39,34,Two Year,3567.64,Debit Card,Unknown,3,1,448.92,17,5,7,0,115234.77,0,25-48 months,3389.258,4,1,Medium,Medium
CUST03728,Female,28,56,Monthly,2594.82,Bank Transfer,DSL,1,1,6.6,11,15,1,0,123513.43,1,49-72 months,2205.597,2,1,Medium,Low
CUST03729,Male,37,32,Monthly,1046.05,Bank Transfer,Fiber,0,0,113.11,18,0,4,2,33473.6,1,25-48 months,1046.05,0,2,Medium,Medium
CUST03730,Male,46,9,One Year,763.69,Cash,Unknown,5,0,207.47,24,10,6,1,6185.89,0,0-12 months,687.321,5,1,High,Medium
CUST03731,Female,68,63,One Year,4785.23,Cash,DSL,4,2,114.46,14,15,7,2,256249.07,0,49-72 months,4067.4454999999994,6,4,Medium,Medium
CUST03732,Female,58,72,One Year,3256.44,Cash,DSL,0,2,486.92,19,0,3,0,234463.68,0,49-72 months,3256.44,2,2,Medium,Low
CUST03733,Male,59,33,Monthly,967.17,Debit Card,Unknown,0,0,125.79,9,10,3,2,28724.95,1,25-48 months,870.453,0,2,Low,Low
CUST03734,Male,51,21,Monthly,4358.47,Credit Card,DSL,3,2,184.35,11,15,5,1,77798.69,0,13-24 months,3704.6995,5,3,Medium,Medium
CUST03735,Female,18,55,Two Year,2852.12,Credit Card,DSL,1,1,91.17,11,0,3,2,156866.6,0,49-72 months,2852.12,2,3,Medium,Low
CUST03736,Female,48,57,Monthly,3973.69,UPI,DSL,1,2,463.7,4,0,9,0,226500.33,0,49-72 months,3973.69,3,2,Low,High
CUST03737,Male,47,2,Monthly,1070.4,Debit Card,Fiber,3,1,208.58,18,5,2,1,2033.76,1,0-12 months,1016.88,4,2,Medium,Low
CUST03738,Male,65,13,Monthly,4581.1,Bank Transfer,DSL,4,2,134.61,12,20,10,0,47643.44,0,13-24 months,3664.8800000000006,6,2,Medium,High
CUST03739,Male,35,4,Two Year,3157.41,UPI,Fiber,2,1,126.83,23,0,7,2,12629.64,0,0-12 months,3157.41,3,3,High,Medium
CUST03740,Female,34,50,One Year,3822.17,Bank Transfer,Unknown,2,3,294.88,9,0,7,1,191108.5,1,49-72 months,3822.17,5,4,Low,Medium
CUST03741,Male,55,48,Two Year,641.21,Bank Transfer,DSL,5,0,488.93,5,15,3,0,26161.37,0,25-48 months,545.0285,5,0,Low,Low
CUST03742,Female,31,30,Monthly,1918.87,Cash,DSL,6,0,487.22,1,0,8,0,57566.1,0,25-48 months,1918.87,6,0,Low,High
CUST03743,Male,40,29,Monthly,1703.5,Bank Transfer,Fiber,0,0,490.93,25,20,3,1,39521.2,0,25-48 months,1362.8000000000002,0,1,High,Low
CUST03744,Male,42,8,Monthly,4773.18,Bank Transfer,Unknown,1,1,196.39,9,10,5,1,34366.9,1,0-12 months,4295.862,2,2,Low,Medium
CUST03745,Male,32,12,Two Year,1334.02,Debit Card,Fiber,0,0,457.64,7,20,1,0,12806.59,0,0-12 months,1067.2160000000001,0,0,Low,Low
CUST03746,Male,63,41,Monthly,3681.73,Cash,DSL,3,0,224.97,1,0,10,1,150950.93,0,25-48 months,3681.73,3,1,Low,High
CUST03747,Female,39,26,Monthly,692.39,Cash,DSL,1,0,257.73,20,0,4,0,18002.14,0,25-48 months,692.39,1,0,Medium,Medium
CUST03748,Female,20,50,One Year,1389.58,UPI,Fiber,3,0,262.35,17,5,2,2,66005.05,0,49-72 months,1320.1009999999999,3,2,Medium,Low
CUST03749,Male,36,2,Monthly,2023.69,Cash,Fiber,2,2,36.48,3,0,5,2,4047.38,0,0-12 months,2023.69,4,4,Low,Medium
CUST03750,Female,61,55,Monthly,4075.28,Credit Card,DSL,1,1,92.65,23,0,4,3,224140.4,0,49-72 months,4075.28,2,4,High,Medium
CUST03751,Male,51,56,Two Year,4054.89,Debit Card,Unknown,1,1,443.62,1,15,4,2,193012.76,0,49-72 months,3446.6564999999996,2,3,Low,Medium
CUST03752,Male,52,14,Monthly,4786.71,UPI,Fiber,1,0,448.7,24,0,4,0,67013.94,1,13-24 months,4786.71,1,0,High,Medium
CUST03753,Male,67,6,Monthly,4625.45,Credit Card,Fiber,5,2,104.99,13,10,5,0,24977.43,1,0-12 months,4162.905,7,2,Medium,Medium
CUST03754,Male,18,61,Monthly,866.82,Bank Transfer,Fiber,2,0,154.81,26,10,9,3,47588.42,0,49-72 months,780.138,2,3,High,High
CUST03755,Female,69,12,Monthly,4234.4,Credit Card,DSL,3,0,415.76,20,0,9,2,50812.8,0,0-12 months,4234.4,3,2,Medium,High
CUST03756,Male,38,13,Monthly,2530.28,UPI,Unknown,3,1,106.06,20,0,4,1,32893.64,0,13-24 months,2530.28,4,2,Medium,Medium
CUST03757,Male,46,19,One Year,4396.49,Cash,DSL,1,2,441.01,28,5,9,1,79356.64,0,13-24 months,4176.665499999999,3,3,High,High
CUST03758,Female,23,44,Monthly,901.79,Debit Card,Fiber,3,1,412.48,12,10,8,5,35710.88,0,25-48 months,811.611,4,6,Medium,High
CUST03759,Male,54,59,Two Year,4202.46,UPI,DSL,3,2,404.74,17,15,5,1,210753.37,1,49-72 months,3572.091,5,3,Medium,Medium
CUST03760,Male,18,37,Monthly,1218.39,Credit Card,DSL,1,0,446.41,21,5,8,0,42826.41,0,25-48 months,1157.4705000000001,1,0,High,High
CUST03761,Male,68,25,Monthly,2002.29,Credit Card,DSL,2,0,444.03,8,15,7,0,42548.66,0,25-48 months,1701.9465,2,0,Low,Medium
CUST03762,Female,18,16,Monthly,629.82,UPI,Fiber,4,2,459.02,24,0,2,0,10077.12,0,13-24 months,629.82,6,2,High,Low
CUST03763,Male,44,38,One Year,1056.78,UPI,Fiber,5,0,440.37,30,10,10,1,36141.88,0,25-48 months,951.102,5,1,High,High
CUST03764,Female,38,43,Monthly,2505.77,UPI,DSL,0,2,305.43,23,15,8,0,91585.89,0,25-48 months,2129.9045,2,2,High,High
CUST03765,Male,70,14,Two Year,4182.52,Cash,Fiber,0,0,83.07,23,0,9,1,58555.28,0,13-24 months,4182.52,0,1,High,High
CUST03766,Male,33,6,One Year,3981.51,UPI,Unknown,1,2,306.52,24,10,2,1,21500.15,0,0-12 months,3583.3590000000004,3,3,High,Low
CUST03767,Female,61,23,Two Year,1558.84,Bank Transfer,DSL,5,0,471.39,24,5,2,1,34060.65,1,13-24 months,1480.898,5,1,High,Low
CUST03768,Male,57,60,One Year,1182.61,Debit Card,Fiber,1,3,484.0,15,20,10,3,56765.28,0,49-72 months,946.088,4,6,Medium,High
CUST03769,Male,43,12,Monthly,2251.69,Debit Card,DSL,2,0,365.59,17,0,9,2,27020.28,0,0-12 months,2251.69,2,2,Medium,High
CUST03770,Female,33,13,Two Year,4474.71,Bank Transfer,Fiber,1,3,348.45,2,5,1,1,55262.67,0,13-24 months,4250.9745,4,4,Low,Low
CUST03771,Female,45,6,Two Year,911.41,Credit Card,Fiber,0,1,469.53,10,10,3,2,4921.61,0,0-12 months,820.269,1,3,Low,Low
CUST03772,Female,18,63,Two Year,2943.11,Credit Card,Fiber,4,1,149.18,24,10,3,1,166874.34,0,49-72 months,2648.799,5,2,High,Low
CUST03773,Female,53,38,Monthly,899.63,Credit Card,Fiber,3,0,79.74,1,5,6,1,32476.64,0,25-48 months,854.6484999999999,3,1,Low,Medium
CUST03774,Female,27,50,One Year,2615.95,Credit Card,Fiber,2,1,148.55,25,5,7,1,124257.62,0,49-72 months,2485.1524999999997,3,2,High,Medium
CUST03775,Male,60,52,Monthly,1070.56,Unknown,Fiber,4,1,474.73,25,5,3,2,52885.66,1,49-72 months,1017.0319999999999,5,3,High,Low
CUST03776,Female,34,40,Monthly,861.52,Bank Transfer,Fiber,1,0,110.09,13,0,8,0,34460.8,0,25-48 months,861.52,1,0,Medium,High
CUST03777,Male,40,8,One Year,1358.82,Debit Card,Fiber,0,0,116.25,12,5,2,2,10327.03,1,0-12 months,1290.879,0,2,Medium,Low
CUST03778,Male,24,61,Two Year,1648.65,Bank Transfer,DSL,1,0,100.51,15,10,3,1,90510.88,0,49-72 months,1483.785,1,1,Medium,Low
CUST03779,Male,61,8,One Year,1743.19,Debit Card,Fiber,2,1,244.98,10,0,10,0,13945.52,0,0-12 months,1743.19,3,1,Low,High
CUST03780,Female,70,34,Two Year,3403.71,Credit Card,Fiber,3,1,399.21,2,15,2,1,72487.86,1,25-48 months,2893.1535,4,2,Low,Low
CUST03781,Female,24,60,Monthly,747.42,Cash,Fiber,3,0,194.02,28,5,2,1,42602.94,0,49-72 months,710.049,3,1,High,Low
CUST03782,Male,61,57,Monthly,863.64,UPI,Fiber,1,2,54.56,22,5,6,3,46766.11,0,49-72 months,820.458,3,5,High,Medium
CUST03783,Female,32,46,One Year,1349.18,UPI,Unknown,5,2,371.4,15,5,3,0,58959.17,0,25-48 months,1281.721,7,2,Medium,Low
CUST03784,Female,51,22,Monthly,4424.28,Credit Card,DSL,0,1,306.87,20,0,3,1,97334.16,0,13-24 months,4424.28,1,2,Medium,Low
CUST03785,Female,63,40,Two Year,2706.835,Credit Card,DSL,1,3,242.18,10,0,9,1,133148.8,0,25-48 months,2706.835,4,4,Low,High
CUST03786,Female,62,45,Monthly,3786.66,Bank Transfer,Unknown,1,2,482.23,23,10,1,0,153359.73,0,25-48 months,3407.994,3,2,High,Low
CUST03787,Male,21,55,Monthly,2166.63,Cash,DSL,2,0,237.86,2,5,9,1,113206.42,0,49-72 months,2058.2985,2,1,Low,High
CUST03788,Male,31,51,Monthly,1459.49,Cash,Unknown,3,1,367.6,13,0,2,1,74433.99,1,49-72 months,1459.49,4,2,Medium,Low
CUST03789,Female,31,5,Monthly,670.83,Bank Transfer,Fiber,0,0,83.46,10,10,2,3,3018.74,1,0-12 months,603.7470000000001,0,3,Low,Low
CUST03790,Male,33,13,Two Year,2698.41,Cash,DSL,0,2,211.19,17,20,5,0,28063.46,0,13-24 months,2158.728,2,2,Medium,Medium
CUST03791,Female,24,28,Monthly,3084.26,Cash,DSL,0,1,110.07,16,15,6,1,73405.39,0,25-48 months,2621.621,1,2,Medium,Medium
CUST03792,Female,49,62,Monthly,4536.51,UPI,Unknown,2,1,177.33,15,10,8,0,253137.26,0,49-72 months,4082.8590000000004,3,1,Medium,High
CUST03793,Male,36,24,Two Year,4469.42,Cash,Fiber,1,2,242.46,25,0,1,0,107266.08,0,13-24 months,4469.42,3,2,High,Low
CUST03794,Male,19,7,Monthly,2411.08,Credit Card,DSL,4,2,91.38,12,0,5,0,16877.56,1,0-12 months,2411.08,6,2,Medium,Medium
CUST03795,Male,27,38,Two Year,2406.1,UPI,Fiber,1,2,402.51,28,15,10,0,77717.03,0,25-48 months,2045.185,3,2,High,High
CUST03796,Female,67,37,Monthly,1225.05,Credit Card,Unknown,7,0,191.13,9,20,8,0,36261.48,0,25-48 months,980.04,7,0,Low,High
CUST03797,Male,34,68,Monthly,1658.52,Credit Card,DSL,0,0,448.81,12,10,2,0,101501.42,0,49-72 months,1492.6680000000001,0,0,Medium,Low
CUST03798,Female,54,42,Two Year,4665.49,Bank Transfer,Unknown,2,0,338.96,25,15,10,0,166557.99,0,25-48 months,3965.6665,2,0,High,High
CUST03799,Male,29,5,Two Year,1134.66,Cash,Unknown,2,0,92.42,21,15,9,1,4822.3,0,0-12 months,964.461,2,1,High,High
CUST03800,Male,23,64,Monthly,4859.15,Cash,DSL,3,2,322.78,12,0,10,2,310985.6,0,49-72 months,4859.15,5,4,Medium,High
CUST03801,Female,39,50,One Year,2771.32,Cash,DSL,0,4,16.51,19,0,4,1,138566.0,1,49-72 months,2771.32,4,5,Medium,Medium
CUST03802,Female,49,15,Two Year,2554.73,Cash,DSL,3,1,404.65,22,0,7,0,38320.95,0,13-24 months,2554.73,4,1,High,Medium
CUST03803,Female,58,53,Monthly,1285.87,UPI,Fiber,1,1,487.24,26,5,1,2,64743.55,0,49-72 months,1221.5765,2,3,High,Low
CUST03804,Female,37,25,Monthly,3476.94,Debit Card,Fiber,1,4,340.49,17,0,2,0,72487.86,0,25-48 months,3476.94,5,4,Medium,Low
CUST03805,Female,18,9,Monthly,2569.3,Credit Card,Fiber,0,1,463.61,16,5,1,2,21967.52,0,0-12 months,2440.835,1,3,Medium,Low
CUST03806,Female,64,38,Monthly,2167.98,Debit Card,Fiber,2,0,150.93,30,0,8,0,82383.24,0,25-48 months,2167.98,2,0,High,High
CUST03807,Female,70,22,Monthly,1690.32,Debit Card,Unknown,2,3,214.68,10,10,1,2,72487.86,1,13-24 months,1521.288,5,5,Low,Low
CUST03808,Female,23,49,Two Year,799.19,Debit Card,Fiber,7,1,215.18,24,0,9,0,39160.31,0,49-72 months,799.19,8,1,High,High
CUST03809,Male,36,68,Monthly,2836.98,UPI,Unknown,0,0,60.45,10,5,7,0,183268.91,0,49-72 months,2695.131,0,0,Low,Medium
CUST03810,Female,35,15,Two Year,1908.09,Debit Card,Fiber,1,0,399.24,20,5,5,1,27190.28,0,13-24 months,1812.6854999999998,1,1,Medium,Medium
CUST03811,Female,23,65,Monthly,3685.39,UPI,Fiber,1,0,250.06,2,0,1,1,239550.35,0,49-72 months,3685.39,1,1,Low,Low
CUST03812,Male,62,54,One Year,3755.85,Bank Transfer,Fiber,1,0,247.76,27,5,4,0,192675.1,0,49-72 months,3568.0575,1,0,High,Medium
CUST03813,Female,50,30,One Year,1994.48,Bank Transfer,Fiber,2,2,335.89,20,15,3,1,50859.24,1,25-48 months,1695.308,4,3,Medium,Low
CUST03814,Male,40,20,Monthly,3511.04,Bank Transfer,Unknown,3,2,89.64,30,15,7,2,59687.68,0,13-24 months,2984.384,5,4,High,Medium
CUST03815,Male,40,33,Monthly,1664.04,UPI,DSL,2,1,406.03,1,0,1,2,54913.32,1,25-48 months,1664.04,3,3,Low,Low
CUST03816,Female,43,7,Monthly,3772.28,UPI,DSL,2,1,186.11,16,0,10,2,26405.96,1,0-12 months,3772.28,3,3,Medium,High
CUST03817,Male,30,8,One Year,572.35,Credit Card,DSL,1,2,44.42,10,5,4,1,4349.86,0,0-12 months,543.7325,3,3,Low,Medium
CUST03818,Female,24,28,Monthly,2706.835,Debit Card,DSL,2,0,99.21,15,0,5,0,33102.72,0,25-48 months,2706.835,2,0,Medium,Medium
CUST03819,Male,32,45,Monthly,1602.54,Cash,Unknown,3,0,130.16,26,15,3,0,61297.16,0,25-48 months,1362.1589999999999,3,0,High,Low
CUST03820,Male,61,11,Two Year,3978.21,Cash,DSL,1,1,93.08,29,5,5,2,41572.29,1,0-12 months,3779.2995,2,3,High,Medium
CUST03821,Male,44,31,Two Year,798.69,Debit Card,Fiber,1,1,124.9,24,0,4,1,24759.39,0,25-48 months,798.69,2,2,High,Medium
CUST03822,Female,43,12,Monthly,2706.835,Cash,Fiber,4,0,497.95,15,20,5,1,12924.1,1,0-12 months,2165.4680000000003,4,1,Medium,Medium
CUST03823,Female,50,51,Monthly,2113.81,Cash,Fiber,2,0,271.17,6,0,9,2,107804.31,0,49-72 months,2113.81,2,2,Low,High
CUST03824,Male,32,44,One Year,541.29,Cash,Fiber,3,1,303.45,17,0,8,0,23816.76,0,25-48 months,541.29,4,1,Medium,High
CUST03825,Male,53,50,Two Year,3929.54,UPI,DSL,2,3,87.18,13,0,8,1,196477.0,0,49-72 months,3929.54,5,4,Medium,High
CUST03826,Female,62,17,Monthly,3020.47,UPI,Unknown,0,1,26.79,1,0,2,0,51347.99,1,13-24 months,3020.47,1,1,Low,Low
CUST03827,Female,44,35,Monthly,4553.06,UPI,DSL,2,2,158.62,18,10,3,0,143421.39,1,25-48 months,4097.754000000001,4,2,Medium,Low
CUST03828,Male,22,1,Two Year,639.64,Debit Card,DSL,0,0,386.06,23,10,4,0,575.68,0,0-12 months,575.676,0,0,High,Medium
CUST03829,Male,19,29,Two Year,1721.26,Bank Transfer,Fiber,1,5,281.6,2,5,10,1,47420.71,0,25-48 months,1635.197,6,6,Low,High
CUST03830,Female,50,51,One Year,3790.63,Cash,Fiber,4,2,10.34,3,0,1,1,193322.13,1,49-72 months,3790.63,6,3,Low,Low
CUST03831,Female,33,64,Monthly,3538.17,Credit Card,DSL,1,0,395.44,28,5,9,0,215120.74,0,49-72 months,3361.2615,1,0,High,High
CUST03832,Female,40,4,Monthly,1593.76,UPI,Fiber,1,1,56.48,11,0,2,0,6375.04,0,0-12 months,1593.76,2,1,Medium,Low
CUST03833,Female,55,28,One Year,3180.59,Credit Card,Unknown,4,1,222.99,25,10,2,1,80150.87,0,25-48 months,2862.5310000000004,5,2,High,Low
CUST03834,Female,33,16,Monthly,4071.91,Cash,Fiber,4,1,499.74,1,15,8,2,55377.98,1,13-24 months,3461.1234999999997,5,3,Low,High
CUST03835,Male,31,63,Monthly,650.21,Bank Transfer,Unknown,4,1,65.08,25,0,10,1,40963.23,0,49-72 months,650.21,5,2,High,High
CUST03836,Female,46,53,Monthly,3729.33,Credit Card,DSL,2,0,408.44,6,15,9,1,168006.32,0,49-72 months,3169.9305,2,1,Low,High
CUST03837,Male,43,17,Monthly,1634.44,Cash,DSL,1,0,400.61,16,0,1,2,27785.48,0,13-24 months,1634.44,1,2,Medium,Low
CUST03838,Female,52,40,Monthly,4765.33,Cash,Unknown,2,2,225.3,15,15,2,3,162021.22,0,25-48 months,4050.5305,4,5,Medium,Low
CUST03839,Male,32,13,Two Year,2921.99,Unknown,Fiber,2,3,494.19,9,0,10,0,37985.87,0,13-24 months,2921.99,5,3,Low,High
CUST03840,Female,20,52,One Year,650.24,Bank Transfer,Fiber,0,2,157.44,12,15,5,1,28740.61,0,49-72 months,552.704,2,3,Medium,Medium
CUST03841,Female,40,58,Two Year,2315.44,Cash,Fiber,4,0,161.31,10,10,9,2,120865.97,0,49-72 months,2083.896,4,2,Low,High
CUST03842,Male,46,37,Two Year,4848.4,Bank Transfer,Fiber,4,2,80.44,27,0,10,1,179390.8,0,25-48 months,4848.4,6,3,High,High
CUST03843,Male,51,61,Monthly,3786.68,UPI,Fiber,4,2,188.03,24,0,5,1,230987.48,0,49-72 months,3786.68,6,3,High,Medium
CUST03844,Female,50,34,Monthly,1852.16,Credit Card,Unknown,0,1,151.72,7,10,7,2,56676.1,0,25-48 months,1666.9440000000002,1,3,Low,Medium
CUST03845,Female,58,70,Monthly,3088.7,Debit Card,Fiber,2,1,304.22,10,15,6,0,183777.65,1,49-72 months,2625.395,3,1,Low,Medium
CUST03846,Female,58,17,Monthly,3195.96,Unknown,Unknown,0,0,25.16,7,10,6,0,48898.19,0,13-24 months,2876.364,0,0,Low,Medium
CUST03847,Female,40,20,Two Year,605.07,Debit Card,Unknown,2,0,158.58,6,5,2,2,11496.33,0,13-24 months,574.8165,2,2,Low,Low
CUST03848,Female,24,59,Monthly,1304.75,Bank Transfer,DSL,0,1,7.33,13,0,10,1,76980.25,0,49-72 months,1304.75,1,2,Medium,High
CUST03849,Male,20,69,Monthly,2983.0,Debit Card,Unknown,3,3,8.12,11,0,8,0,205827.0,0,49-72 months,2983.0,6,3,Medium,High
CUST03850,Male,49,33,One Year,2312.39,Credit Card,DSL,1,1,411.05,30,0,6,1,76308.87,0,25-48 months,2312.39,2,2,High,Medium
CUST03851,Female,48,17,Monthly,1355.17,Cash,DSL,2,0,376.16,24,10,4,2,20734.1,1,13-24 months,1219.653,2,2,High,Medium
CUST03852,Male,35,57,One Year,3977.01,Bank Transfer,DSL,4,0,373.35,25,0,7,2,226689.57,0,49-72 months,3977.01,4,2,High,Medium
CUST03853,Male,60,1,Monthly,2700.48,Credit Card,DSL,2,2,180.05,8,15,9,0,2295.41,0,0-12 months,2295.408,4,2,Low,High
CUST03854,Male,24,13,Monthly,1894.88,Bank Transfer,Fiber,2,1,351.13,25,10,7,2,22170.1,1,13-24 months,1705.392,3,3,High,Medium
CUST03855,Female,58,27,Monthly,1227.55,Bank Transfer,Fiber,3,2,131.99,5,5,6,0,31486.66,1,25-48 months,1166.1725,5,2,Low,Medium
CUST03856,Male,18,70,Two Year,3250.24,Bank Transfer,DSL,4,1,158.15,3,5,2,0,216140.96,0,49-72 months,3087.7279999999996,5,1,Low,Low
CUST03857,Female,31,59,Monthly,3498.18,UPI,Fiber,2,0,283.43,4,5,3,0,196072.99,0,49-72 months,3323.2709999999997,2,0,Low,Low
CUST03858,Male,69,6,Monthly,3513.19,Cash,Unknown,0,1,351.31,4,5,7,0,20025.18,0,0-12 months,3337.5305,1,1,Low,Medium
CUST03859,Female,49,23,Monthly,1491.29,Debit Card,DSL,1,1,136.53,25,0,1,1,34299.67,0,13-24 months,1491.29,2,2,High,Low
CUST03860,Male,23,10,Monthly,3179.02,UPI,Fiber,4,1,341.25,9,20,1,1,25432.16,1,0-12 months,2543.2160000000003,5,2,Low,Low
CUST03861,Female,56,51,Monthly,4574.33,Cash,Fiber,4,2,481.43,1,15,3,0,198297.21,0,49-72 months,3888.1805,6,2,Low,Low
CUST03862,Female,27,19,One Year,2089.34,Debit Card,Fiber,1,3,249.45,30,5,5,1,37712.59,0,13-24 months,1984.873,4,4,High,Medium
CUST03863,Male,24,51,One Year,1448.45,UPI,Fiber,1,1,206.52,15,0,3,0,72487.86,0,49-72 months,1448.45,2,1,Medium,Low
CUST03864,Female,43,68,One Year,3974.67,UPI,Fiber,2,2,120.09,13,0,9,1,270277.56,0,49-72 months,3974.67,4,3,Medium,High
CUST03865,Female,51,42,Monthly,1295.97,Credit Card,Unknown,2,0,181.29,5,20,7,0,43544.59,0,25-48 months,1036.776,2,0,Low,Medium
CUST03866,Female,47,57,Monthly,1641.87,UPI,Fiber,3,0,266.77,18,5,2,1,88907.26,1,49-72 months,1559.7764999999997,3,1,Medium,Low
CUST03867,Female,53,68,Monthly,952.9,Bank Transfer,DSL,3,1,472.33,5,15,10,0,55077.62,0,49-72 months,809.9649999999999,4,1,Low,High
CUST03868,Female,38,38,Monthly,1705.43,UPI,Fiber,4,5,134.07,11,0,10,1,64806.34,0,25-48 months,1705.43,9,6,Medium,High
CUST03869,Female,34,62,Monthly,2346.51,Bank Transfer,Unknown,2,2,119.57,21,10,3,0,130935.26,1,49-72 months,2111.8590000000004,4,2,High,Low
CUST03870,Female,50,7,Monthly,788.71,Cash,DSL,4,2,480.49,3,10,3,1,4968.87,0,0-12 months,709.839,6,3,Low,Low
CUST03871,Female,27,71,One Year,4422.69,Cash,DSL,1,1,304.89,4,10,9,1,282609.89,0,49-72 months,3980.421,2,2,Low,High
CUST03872,Male,68,50,One Year,2811.54,Bank Transfer,DSL,1,1,368.96,7,0,7,2,140577.0,0,49-72 months,2811.54,2,3,Low,Medium
CUST03873,Male,64,52,Two Year,3146.47,Credit Card,DSL,0,0,415.7,26,20,3,2,130893.15,0,49-72 months,2517.176,0,2,High,Low
CUST03874,Female,59,26,One Year,2170.79,Credit Card,Fiber,1,0,45.49,29,0,1,2,56440.54,0,25-48 months,2170.79,1,2,High,Low
CUST03875,Female,68,26,Monthly,3514.26,Cash,Fiber,3,1,244.98,4,10,4,1,72487.86,0,25-48 months,3162.8340000000003,4,2,Low,Medium
CUST03876,Male,29,19,Monthly,2443.02,UPI,Fiber,1,1,74.35,3,10,5,1,41775.64,1,13-24 months,2198.718,2,2,Low,Medium
CUST03877,Male,33,9,Monthly,3925.91,Cash,Fiber,3,0,314.04,10,10,9,1,31799.87,1,0-12 months,3533.319,3,1,Low,High
CUST03878,Male,58,61,Monthly,4196.31,Cash,Fiber,1,0,477.1,20,15,4,2,217578.67,0,49-72 months,3566.8635000000004,1,2,Medium,Medium
CUST03879,Female,49,20,Monthly,3523.32,Bank Transfer,DSL,4,3,32.85,11,20,10,2,56373.12,1,13-24 months,2818.6560000000004,7,5,Medium,High
CUST03880,Male,32,50,Monthly,2711.01,Credit Card,Fiber,1,0,140.68,18,0,2,2,135550.5,1,49-72 months,2711.01,1,2,Medium,Low
CUST03881,Female,44,22,Monthly,4020.21,Bank Transfer,Fiber,0,0,499.84,1,5,1,0,84022.39,0,13-24 months,3819.1994999999997,0,0,Low,Low
CUST03882,Female,45,13,One Year,2724.28,Cash,Unknown,1,1,7.72,21,20,5,1,28332.51,1,13-24 months,2179.4240000000004,2,2,High,Medium
CUST03883,Male,34,12,One Year,1001.79,Debit Card,Unknown,1,0,74.08,9,15,3,1,10218.26,0,0-12 months,851.5215,1,1,Low,Low
CUST03884,Female,63,10,Monthly,1023.53,UPI,Unknown,0,0,44.98,25,20,9,1,8188.24,0,0-12 months,818.8240000000001,0,1,High,High
CUST03885,Female,67,65,Monthly,4768.62,Cash,DSL,2,2,383.21,17,5,3,0,294462.28,1,49-72 months,4530.188999999999,4,2,Medium,Low
CUST03886,Female,19,30,Monthly,1461.03,Bank Transfer,Fiber,6,0,376.71,12,10,3,1,39447.81,1,25-48 months,1314.927,6,1,Medium,Low
CUST03887,Female,53,8,One Year,4171.66,Debit Card,Unknown,2,3,389.9,1,0,2,1,33373.28,1,0-12 months,4171.66,5,4,Low,Low
CUST03888,Male,67,21,Monthly,1610.17,Debit Card,Fiber,3,1,388.55,24,5,3,1,32122.89,1,13-24 months,1529.6615,4,2,High,Low
CUST03889,Male,24,22,One Year,2438.51,Cash,Fiber,2,2,418.43,23,0,9,0,53647.22,0,13-24 months,2438.51,4,2,High,High
CUST03890,Female,30,18,One Year,3447.27,Credit Card,Fiber,0,1,387.58,7,10,7,0,55845.77,0,13-24 months,3102.543,1,1,Low,Medium
CUST03891,Female,32,66,Monthly,2706.835,Debit Card,DSL,3,2,244.36,14,15,2,1,68155.89,0,49-72 months,2300.80975,5,3,Medium,Low
CUST03892,Male,42,48,Monthly,3817.61,UPI,Fiber,2,2,374.01,9,0,3,1,183245.28,1,25-48 months,3817.61,4,3,Low,Low
CUST03893,Female,40,44,Monthly,3604.61,Bank Transfer,DSL,0,1,300.82,12,5,8,1,150672.7,0,25-48 months,3424.3795,1,2,Medium,High
CUST03894,Male,39,9,Monthly,2943.87,Bank Transfer,Fiber,6,0,186.43,21,10,10,1,23845.35,0,0-12 months,2649.483,6,1,High,High
CUST03895,Female,43,67,One Year,3046.5,Bank Transfer,Fiber,2,0,419.1,8,10,8,0,183703.95,0,49-72 months,2741.85,2,0,Low,High
CUST03896,Female,50,54,Monthly,975.97,Cash,Fiber,0,1,395.08,7,0,10,0,52702.38,0,49-72 months,975.97,1,1,Low,High
CUST03897,Male,28,26,Monthly,2461.77,Bank Transfer,Fiber,0,3,90.88,14,0,1,2,64006.02,1,25-48 months,2461.77,3,5,Medium,Low
CUST03898,Male,27,26,Two Year,889.57,Bank Transfer,Unknown,3,2,17.09,2,15,1,0,19659.5,1,25-48 months,756.1345,5,2,Low,Low
CUST03899,Male,42,34,Monthly,1885.38,UPI,Unknown,2,0,161.41,2,0,8,1,64102.92,1,25-48 months,1885.38,2,1,Low,High
CUST03900,Male,54,8,Monthly,2706.835,Credit Card,Fiber,2,1,204.86,29,0,8,2,36411.2,0,0-12 months,2706.835,3,3,High,High
CUST03901,Female,65,10,Monthly,3085.4,Cash,Unknown,4,0,91.31,20,20,2,4,24683.2,1,0-12 months,2468.32,4,4,Medium,Low
CUST03902,Male,60,48,One Year,3842.17,Cash,DSL,4,2,428.29,17,5,8,0,175202.95,1,25-48 months,3650.0615,6,2,Medium,High
CUST03903,Female,70,55,One Year,3082.49,Bank Transfer,Fiber,1,1,21.62,10,15,1,4,144106.41,1,49-72 months,2620.1164999999996,2,5,Low,Low
CUST03904,Male,55,54,Monthly,1374.07,UPI,DSL,1,1,244.39,21,15,5,0,63069.81,0,49-72 months,1167.9595,2,1,High,Medium
CUST03905,Male,58,40,Two Year,3176.64,Debit Card,Unknown,2,1,32.46,5,20,10,1,101652.48,0,25-48 months,2541.312,3,2,Low,High
CUST03906,Female,62,15,One Year,3899.25,Bank Transfer,Fiber,3,3,270.64,1,0,5,1,58488.75,0,13-24 months,3899.25,6,4,Low,Medium
CUST03907,Male,41,18,Monthly,1122.82,Bank Transfer,Unknown,5,1,234.51,5,0,8,2,20210.76,1,13-24 months,1122.82,6,3,Low,High
CUST03908,Male,57,23,One Year,4176.08,Cash,Fiber,4,0,391.18,4,0,8,2,96049.84,0,13-24 months,4176.08,4,2,Low,High
CUST03909,Male,63,62,Monthly,2999.26,Cash,Fiber,1,1,346.39,12,10,10,1,167358.71,0,49-72 months,2699.3340000000003,2,2,Medium,High
CUST03910,Male,50,46,One Year,519.24,Bank Transfer,Fiber,1,0,422.76,14,0,4,1,23885.04,0,25-48 months,519.24,1,1,Medium,Medium
CUST03911,Female,34,39,Monthly,2839.0,Cash,DSL,3,2,274.45,26,5,2,1,105184.95,0,25-48 months,2697.0499999999997,5,3,High,Low
CUST03912,Female,41,15,One Year,2280.52,UPI,DSL,2,1,412.11,11,10,6,2,30787.02,0,13-24 months,2052.468,3,3,Medium,Medium
CUST03913,Male,54,53,Monthly,1834.01,Debit Card,Fiber,1,2,360.97,21,0,4,0,72487.86,0,49-72 months,1834.01,3,2,High,Medium
CUST03914,Male,19,64,Two Year,3970.66,Debit Card,Fiber,2,0,390.85,4,0,2,1,254122.24,0,49-72 months,3970.66,2,1,Low,Low
CUST03915,Male,49,63,Monthly,4547.75,Debit Card,Unknown,3,0,302.34,25,10,9,1,257857.42,0,49-72 months,4092.975,3,1,High,High
CUST03916,Female,41,16,One Year,3931.94,Bank Transfer,Fiber,3,0,361.19,9,0,9,2,62911.04,0,13-24 months,3931.94,3,2,Low,High
CUST03917,Female,26,70,Monthly,4310.48,Bank Transfer,DSL,4,2,203.85,3,10,7,0,271560.24,0,49-72 months,3879.432,6,2,Low,Medium
CUST03918,Female,21,66,Two Year,4589.51,Bank Transfer,Unknown,0,1,47.07,3,10,2,1,272616.89,0,49-72 months,4130.559,1,2,Low,Low
CUST03919,Female,34,13,One Year,4606.83,UPI,Unknown,1,0,211.21,3,0,3,0,59888.79,0,13-24 months,4606.83,1,0,Low,Low
CUST03920,Male,34,47,Monthly,1015.87,Debit Card,DSL,1,0,90.83,7,0,9,1,47745.89,0,25-48 months,1015.87,1,1,Low,High
CUST03921,Male,70,9,Two Year,2553.73,Cash,Fiber,1,0,316.54,1,0,8,1,22983.57,0,0-12 months,2553.73,1,1,Low,High
CUST03922,Male,67,63,Monthly,501.29,Cash,Fiber,0,0,135.3,13,5,10,0,30002.21,0,49-72 months,476.2255,0,0,Medium,High
CUST03923,Female,65,34,One Year,2779.08,Credit Card,DSL,4,2,479.28,4,5,2,1,89764.28,0,25-48 months,2640.1259999999997,6,3,Low,Low
CUST03924,Male,47,29,One Year,4659.1,Credit Card,Unknown,0,0,139.24,25,5,5,1,128358.21,0,25-48 months,4426.145,0,1,High,Medium
CUST03925,Female,57,37,Monthly,1395.96,Cash,Fiber,0,0,53.58,12,0,2,0,51650.52,0,25-48 months,1395.96,0,0,Medium,Low
CUST03926,Female,28,43,Two Year,3379.04,Debit Card,Fiber,3,0,440.91,8,5,1,3,138033.78,1,25-48 months,3210.0879999999997,3,3,Low,Low
CUST03927,Male,38,64,Monthly,3399.71,Bank Transfer,DSL,3,1,210.13,19,15,9,1,184944.22,0,49-72 months,2889.7535,4,2,Medium,High
CUST03928,Male,38,24,Monthly,1221.59,Cash,Fiber,0,1,181.11,24,0,7,0,29318.16,0,13-24 months,1221.59,1,1,High,Medium
CUST03929,Male,35,71,Two Year,1573.37,Cash,Fiber,1,1,443.27,6,20,4,0,89367.42,0,49-72 months,1258.696,2,1,Low,Medium
CUST03930,Female,46,34,One Year,2579.1,Credit Card,Unknown,2,1,328.46,10,15,3,0,74535.99,0,25-48 months,2192.2349999999997,3,1,Low,Low
CUST03931,Female,41,48,Monthly,1346.94,Debit Card,Fiber,1,1,268.42,13,0,3,0,64653.12,0,25-48 months,1346.94,2,1,Medium,Low
CUST03932,Male,27,12,Monthly,3132.47,Cash,Fiber,1,1,166.93,30,10,7,1,33830.68,1,0-12 months,2819.223,2,2,High,Medium
CUST03933,Male,62,23,One Year,2680.44,Bank Transfer,DSL,2,2,149.78,27,0,10,0,61650.12,0,13-24 months,2680.44,4,2,High,High
CUST03934,Female,34,13,Monthly,2836.39,Unknown,DSL,1,4,291.86,3,0,9,0,36873.07,0,13-24 months,2836.39,5,4,Low,High
CUST03935,Male,35,45,Two Year,1105.1,UPI,Fiber,0,2,253.19,28,5,7,1,47243.02,1,25-48 months,1049.8449999999998,2,3,High,Medium
CUST03936,Female,59,65,One Year,2827.63,Bank Transfer,Fiber,1,3,141.62,9,5,2,0,174606.15,0,49-72 months,2686.2485,4,3,Low,Low
CUST03937,Female,65,47,Monthly,722.65,Cash,DSL,4,2,96.1,10,15,6,2,28869.87,0,25-48 months,614.2524999999999,6,4,Low,Medium
CUST03938,Male,37,58,Monthly,4466.91,Cash,DSL,4,0,409.91,13,15,8,1,220218.66,0,49-72 months,3796.8734999999997,4,1,Medium,High
CUST03939,Male,54,5,Monthly,2044.62,Bank Transfer,Fiber,0,0,345.43,16,15,7,2,8689.63,0,0-12 months,1737.927,0,2,Medium,Medium
CUST03940,Male,62,5,Monthly,4353.52,Credit Card,Fiber,3,1,496.68,23,0,2,0,21767.6,1,0-12 months,4353.52,4,1,High,Low
CUST03941,Male,35,60,One Year,3657.45,Debit Card,DSL,2,2,260.32,8,10,7,0,197502.3,0,49-72 months,3291.705,4,2,Low,Medium
CUST03942,Female,34,21,Two Year,3947.78,Cash,DSL,4,0,497.22,26,5,9,0,78758.21,0,13-24 months,3750.391,4,0,High,High
CUST03943,Female,26,24,One Year,1915.45,Bank Transfer,DSL,0,1,233.11,11,5,3,0,43672.26,1,13-24 months,1819.6775,1,1,Medium,Low
CUST03944,Female,31,18,Monthly,1524.85,Bank Transfer,DSL,1,1,269.8,2,20,3,2,21957.84,1,13-24 months,1219.8799999999999,2,3,Low,Low
CUST03945,Male,66,21,Monthly,2330.33,Cash,DSL,1,2,108.51,29,5,5,0,46490.08,0,13-24 months,2213.8134999999997,3,2,High,Medium
CUST03946,Female,46,54,One Year,609.02,UPI,Fiber,2,1,79.01,19,10,9,0,29598.37,0,49-72 months,548.118,3,1,Medium,High
CUST03947,Male,48,10,One Year,4634.4,Debit Card,Unknown,0,1,470.41,29,5,1,0,44026.8,0,0-12 months,4402.679999999999,1,1,High,Low
CUST03948,Male,21,24,One Year,2241.56,Cash,Unknown,2,1,490.7,23,0,7,2,53797.44,1,13-24 months,2241.56,3,3,High,Medium
CUST03949,Male,35,60,Monthly,4948.5,Bank Transfer,DSL,2,0,276.04,2,0,7,1,296910.0,0,49-72 months,4948.5,2,1,Low,Medium
CUST03950,Male,37,57,Two Year,3926.52,UPI,Fiber,4,1,139.77,6,10,4,0,201430.48,0,49-72 months,3533.868,5,1,Low,Medium
CUST03951,Male,64,23,Monthly,862.32,Cash,DSL,1,1,475.94,16,15,6,1,16858.36,0,13-24 months,732.972,2,2,Medium,Medium
CUST03952,Male,60,22,One Year,3470.85,Debit Card,DSL,1,1,399.39,16,5,1,0,72540.76,1,13-24 months,3297.3075,2,1,Medium,Low
CUST03953,Female,61,68,One Year,1718.78,UPI,Fiber,3,2,94.01,7,0,10,1,116877.04,0,49-72 months,1718.78,5,3,Low,High
CUST03954,Male,26,34,One Year,1596.73,Bank Transfer,DSL,0,0,152.68,11,20,4,0,43431.06,0,25-48 months,1277.384,0,0,Medium,Medium
CUST03955,Female,30,70,Monthly,1654.53,Credit Card,DSL,0,0,7.08,27,5,3,1,72487.86,0,49-72 months,1571.8035,0,1,High,Low
CUST03956,Female,32,28,One Year,4622.34,Debit Card,Unknown,1,1,293.09,16,0,5,0,129425.52,0,25-48 months,4622.34,2,1,Medium,Medium
CUST03957,Male,44,39,Monthly,2749.91,UPI,Fiber,3,0,265.57,6,0,8,1,107246.49,1,25-48 months,2749.91,3,1,Low,High
CUST03958,Male,32,42,One Year,3512.62,Cash,Fiber,2,2,86.13,5,0,5,2,147530.04,1,25-48 months,3512.62,4,4,Low,Medium
CUST03959,Male,45,23,Monthly,1764.27,Cash,DSL,4,0,172.97,9,10,1,2,36520.39,0,13-24 months,1587.843,4,2,Low,Low
CUST03960,Female,54,70,Monthly,2853.3,UPI,Unknown,7,1,469.91,3,10,2,2,179757.9,0,49-72 months,2567.9700000000003,8,3,Low,Low
CUST03961,Male,36,2,Monthly,2075.45,Cash,DSL,2,1,326.25,21,10,2,1,3735.81,0,0-12 months,1867.905,3,2,High,Low
CUST03962,Female,43,24,Two Year,1945.13,UPI,DSL,0,0,432.18,29,5,9,2,44348.96,0,13-24 months,1847.8735,0,2,High,High
CUST03963,Male,69,17,One Year,1611.36,Debit Card,Fiber,2,3,419.96,21,5,10,1,26023.46,0,13-24 months,1530.792,5,4,High,High
CUST03964,Male,43,65,One Year,2340.53,Cash,DSL,1,0,460.73,8,20,7,1,121707.56,0,49-72 months,1872.4240000000002,1,1,Low,Medium
CUST03965,Female,42,70,One Year,3470.14,Debit Card,Unknown,4,2,25.56,8,15,4,0,206473.33,0,49-72 months,2949.6189999999997,6,2,Low,Medium
CUST03966,Female,43,69,Two Year,1499.2,Bank Transfer,DSL,1,3,134.92,17,15,9,0,87928.08,0,49-72 months,1274.32,4,3,Medium,High
CUST03967,Male,43,60,Monthly,4844.5,Bank Transfer,Unknown,0,1,210.71,30,0,9,2,290670.0,0,49-72 months,4844.5,1,3,High,High
CUST03968,Female,63,50,One Year,1060.75,Bank Transfer,DSL,2,3,321.85,6,20,7,1,42430.0,0,49-72 months,848.6,5,4,Low,Medium
CUST03969,Female,45,12,One Year,2660.93,Bank Transfer,DSL,1,1,306.02,12,0,9,1,31931.16,0,0-12 months,2660.93,2,2,Medium,High
CUST03970,Female,66,47,Monthly,882.63,Cash,Fiber,1,2,126.82,6,0,9,2,41483.61,0,25-48 months,882.63,3,4,Low,High
CUST03971,Female,35,67,Monthly,601.99,UPI,Fiber,1,2,100.44,15,0,7,2,40333.33,0,49-72 months,601.99,3,4,Medium,Medium
CUST03972,Female,49,65,Monthly,4652.05,Cash,Fiber,2,0,221.52,11,0,5,3,302383.25,0,49-72 months,4652.05,2,3,Medium,Medium
CUST03973,Male,70,27,Monthly,4146.73,Cash,Fiber,1,2,129.06,10,5,9,1,106363.62,0,25-48 months,3939.393499999999,3,3,Low,High
CUST03974,Male,20,48,Monthly,3623.7,Debit Card,Fiber,0,0,482.73,29,5,3,0,165240.72,0,25-48 months,3442.515,0,0,High,Low
CUST03975,Female,19,62,Monthly,4393.36,UPI,DSL,3,1,482.9,2,0,4,1,272388.32,0,49-72 months,4393.36,4,2,Low,Medium
CUST03976,Male,50,44,One Year,4112.82,Credit Card,Unknown,3,1,61.11,21,15,6,1,153819.47,0,25-48 months,3495.8969999999995,4,2,High,Medium
CUST03977,Male,59,19,Monthly,3412.57,Unknown,DSL,0,0,354.02,29,5,7,3,72487.86,0,13-24 months,3241.9415,0,3,High,Medium
CUST03978,Female,36,59,Monthly,4313.04,UPI,Fiber,5,0,117.97,6,0,10,0,254469.36,0,49-72 months,4313.04,5,0,Low,High
CUST03979,Male,34,8,Two Year,2258.6,Credit Card,Unknown,1,0,360.13,19,0,8,0,18068.8,0,0-12 months,2258.6,1,0,Medium,High
CUST03980,Female,61,55,Monthly,2987.38,UPI,DSL,3,3,384.72,17,5,4,1,156090.6,0,49-72 months,2838.011,6,4,Medium,Medium
CUST03981,Female,50,47,Monthly,3993.4,Debit Card,DSL,2,4,28.84,9,15,9,2,159536.33,0,25-48 months,3394.39,6,6,Low,High
CUST03982,Male,29,2,One Year,881.59,Debit Card,Unknown,0,1,349.2,2,5,3,1,1675.02,0,0-12 months,837.5105,1,2,Low,Low
CUST03983,Female,66,39,Monthly,4363.9,Cash,Unknown,2,1,448.91,4,0,3,1,170192.1,1,25-48 months,4363.9,3,2,Low,Low
CUST03984,Female,20,45,Monthly,1205.74,Credit Card,DSL,1,3,112.07,25,0,5,2,54258.3,1,25-48 months,1205.74,4,5,High,Medium
CUST03985,Female,60,32,Monthly,4390.44,UPI,DSL,1,0,62.21,9,0,2,1,140494.08,1,25-48 months,4390.44,1,1,Low,Low
CUST03986,Female,66,65,Two Year,1901.0,Debit Card,DSL,1,0,285.58,8,15,1,2,105030.25,1,49-72 months,1615.85,1,2,Low,Low
CUST03987,Female,43,38,One Year,2706.835,Cash,Fiber,3,2,261.14,30,15,9,0,63647.8,0,25-48 months,2300.80975,5,2,High,High
CUST03988,Male,52,11,One Year,832.77,Credit Card,DSL,2,2,443.46,4,0,8,0,9160.47,1,0-12 months,832.77,4,2,Low,High
CUST03989,Male,25,10,Two Year,4486.55,Credit Card,Fiber,3,0,228.29,1,0,3,1,44865.5,0,0-12 months,4486.55,3,1,Low,Low
CUST03990,Female,69,59,Two Year,1285.3,Credit Card,Fiber,4,0,209.71,11,0,5,1,75832.7,0,49-72 months,1285.3,4,1,Medium,Medium
CUST03991,Female,53,55,One Year,3335.22,Debit Card,DSL,1,0,358.42,11,15,8,1,155921.53,0,49-72 months,2834.937,1,1,Medium,High
CUST03992,Male,70,20,One Year,3397.85,Debit Card,Fiber,0,1,43.33,7,15,2,3,57763.45,0,13-24 months,2888.1724999999997,1,4,Low,Low
CUST03993,Female,24,17,Monthly,1765.18,Credit Card,DSL,6,1,33.24,18,5,7,4,28507.66,1,13-24 months,1676.921,7,5,Medium,Medium
CUST03994,Male,63,68,Monthly,4935.47,Debit Card,DSL,2,1,254.93,8,20,9,1,268489.57,0,49-72 months,3948.376,3,2,Low,High
CUST03995,Female,63,5,One Year,788.75,Credit Card,Unknown,3,3,49.07,30,0,4,4,3943.75,0,0-12 months,788.75,6,7,High,Medium
CUST03996,Female,53,60,One Year,3235.42,Bank Transfer,Fiber,0,1,469.87,15,5,2,2,184418.94,0,49-72 months,3073.649,1,3,Medium,Low
CUST03997,Female,33,23,Two Year,2657.95,Debit Card,Unknown,2,0,328.85,26,20,9,0,48906.28,0,13-24 months,2126.36,2,0,High,High
CUST03998,Female,41,46,Monthly,1604.68,UPI,Unknown,4,0,378.06,10,15,10,0,62742.99,0,25-48 months,1363.978,4,0,Low,High
CUST03999,Female,18,52,One Year,1235.98,Debit Card,DSL,3,1,118.29,14,5,1,0,61057.41,1,49-72 months,1174.181,4,1,Medium,Low
CUST04000,Female,66,10,One Year,3816.88,Credit Card,DSL,2,0,249.54,27,0,6,1,38168.8,0,0-12 months,3816.88,2,1,High,Medium
CUST04001,Female,42,46,Monthly,4623.42,Unknown,Fiber,2,0,71.25,2,15,8,1,180775.72,1,25-48 months,3929.907,2,1,Low,High
CUST04002,Male,27,28,One Year,983.96,Cash,Unknown,1,2,105.54,10,5,2,3,26173.34,0,25-48 months,934.762,3,5,Low,Low
CUST04003,Male,33,43,Monthly,1372.91,UPI,DSL,1,1,286.26,19,0,10,1,59035.13,0,25-48 months,1372.91,2,2,Medium,High
CUST04004,Male,33,26,Monthly,4938.21,UPI,Fiber,0,0,143.56,15,5,7,2,121973.79,0,25-48 months,4691.2995,0,2,Medium,Medium
CUST04005,Female,25,55,Monthly,567.6,Debit Card,Fiber,4,1,458.98,22,0,7,2,31218.0,0,49-72 months,567.6,5,3,High,Medium
CUST04006,Female,46,48,Monthly,2787.13,UPI,DSL,1,0,497.65,20,5,3,3,127093.13,1,25-48 months,2647.7735,1,3,Medium,Low
CUST04007,Female,56,29,Monthly,2822.51,UPI,Fiber,2,1,6.94,2,0,10,0,81852.79,0,25-48 months,2822.51,3,1,Low,High
CUST04008,Female,45,27,One Year,1684.23,Credit Card,DSL,1,1,380.75,17,5,4,0,43200.5,0,25-48 months,1600.0185,2,1,Medium,Medium
CUST04009,Female,23,18,Monthly,3483.63,Debit Card,Fiber,1,2,62.09,3,5,8,0,59570.07,1,13-24 months,3309.4485,3,2,Low,High
CUST04010,Female,33,60,Monthly,4752.23,Credit Card,DSL,1,0,289.44,4,10,6,0,256620.42,0,49-72 months,4277.007,1,0,Low,Medium
CUST04011,Female,37,69,Monthly,2525.96,Debit Card,DSL,3,0,118.1,25,0,2,1,174291.24,0,49-72 months,2525.96,3,1,High,Low
CUST04012,Male,33,21,Monthly,3872.39,Cash,Unknown,0,1,482.61,25,5,6,2,77254.18,0,13-24 months,3678.7704999999996,1,3,High,Medium
CUST04013,Female,24,24,Monthly,3407.32,UPI,DSL,3,0,438.52,5,5,7,1,77686.9,1,13-24 months,3236.954,3,1,Low,Medium
CUST04014,Male,58,3,Monthly,2628.24,Debit Card,DSL,2,0,299.72,12,5,8,1,7490.48,0,0-12 months,2496.8279999999995,2,1,Medium,High
CUST04015,Male,31,62,One Year,724.16,UPI,Unknown,2,0,92.13,21,0,8,0,44897.92,0,49-72 months,724.16,2,0,High,High
CUST04016,Female,60,2,Two Year,3837.87,UPI,DSL,1,2,392.43,23,15,8,2,6524.38,0,0-12 months,3262.1895,3,4,High,High
CUST04017,Female,43,66,Monthly,2134.63,Bank Transfer,DSL,2,1,262.55,24,0,8,2,140885.58,1,49-72 months,2134.63,3,3,High,High
CUST04018,Male,43,42,Monthly,1510.23,Credit Card,Fiber,4,1,307.72,19,0,6,2,63429.66,0,25-48 months,1510.23,5,3,Medium,Medium
CUST04019,Male,31,34,Monthly,4767.21,Debit Card,DSL,2,0,360.38,12,5,1,0,153980.88,0,25-48 months,4528.8495,2,0,Medium,Low
CUST04020,Female,24,42,Monthly,3980.76,Cash,Fiber,2,3,211.08,5,0,4,4,167191.92,1,25-48 months,3980.76,5,7,Low,Medium
CUST04021,Female,50,20,One Year,4830.21,Bank Transfer,Unknown,2,0,8.83,23,15,2,1,82113.57,0,13-24 months,4105.6785,2,1,High,Low
CUST04022,Male,43,68,Two Year,1652.98,Credit Card,Fiber,2,0,185.26,15,5,10,1,106782.51,0,49-72 months,1570.331,2,1,Medium,High
CUST04023,Female,62,45,Two Year,4261.07,Cash,Fiber,1,1,209.74,27,10,7,4,172573.34,0,25-48 months,3834.9629999999997,2,5,High,Medium
CUST04024,Female,37,42,Monthly,3234.75,Cash,Fiber,2,2,186.63,18,10,1,1,122273.55,1,25-48 months,2911.275,4,3,Medium,Low
CUST04025,Female,20,47,Two Year,4916.77,UPI,Fiber,3,1,416.37,25,10,5,0,207979.37,0,25-48 months,4425.093000000001,4,1,High,Medium
CUST04026,Male,69,5,Monthly,4758.43,Credit Card,Fiber,4,1,169.51,19,15,10,1,20223.33,1,0-12 months,4044.6655,5,2,Medium,High
CUST04027,Male,21,49,One Year,4878.36,Bank Transfer,DSL,1,0,211.09,23,15,8,3,203183.69,0,49-72 months,4146.606,1,3,High,High
CUST04028,Male,43,37,One Year,4782.95,Debit Card,Unknown,1,0,35.49,28,5,4,0,168120.69,0,25-48 months,4543.8025,1,0,High,Medium
CUST04029,Female,28,34,One Year,534.47,Debit Card,Fiber,2,2,359.84,25,5,7,3,17263.38,0,25-48 months,507.7465,4,5,High,Medium
CUST04030,Female,19,70,Monthly,3834.88,Bank Transfer,Fiber,1,1,111.63,25,0,5,1,268441.6,0,49-72 months,3834.88,2,2,High,Medium
CUST04031,Male,31,18,Monthly,1723.71,UPI,DSL,2,2,121.33,3,15,1,1,26372.76,1,13-24 months,1465.1535,4,3,Low,Low
CUST04032,Male,61,19,Monthly,3672.62,UPI,Fiber,2,0,295.49,2,5,2,0,66290.79,0,13-24 months,3488.9889999999996,2,0,Low,Low
CUST04033,Male,47,40,Monthly,4912.75,Cash,Unknown,3,1,491.86,11,10,5,1,176859.0,0,25-48 months,4421.475,4,2,Medium,Medium
CUST04034,Female,66,17,Monthly,677.12,Credit Card,Fiber,2,0,208.02,14,5,7,0,10935.49,0,13-24 months,643.264,2,0,Medium,Medium
CUST04035,Male,29,60,One Year,3051.45,Cash,DSL,2,1,166.94,21,5,7,0,173932.65,0,49-72 months,2898.8774999999996,3,1,High,Medium
CUST04036,Male,43,42,Monthly,3807.29,Debit Card,Fiber,1,2,22.92,5,5,9,2,151910.87,0,25-48 months,3616.9255,3,4,Low,High
CUST04037,Female,61,72,One Year,1640.11,Bank Transfer,Fiber,2,3,394.75,30,10,3,0,106279.13,0,49-72 months,1476.099,5,3,High,Low
CUST04038,Female,50,65,Monthly,1513.05,Credit Card,DSL,5,3,134.34,13,10,4,1,88513.42,0,49-72 months,1361.745,8,4,Medium,Medium
CUST04039,Female,30,53,Two Year,771.55,Bank Transfer,Fiber,0,1,385.58,8,15,3,0,34758.33,0,49-72 months,655.8175,1,1,Low,Low
CUST04040,Male,31,7,Monthly,922.64,Credit Card,Unknown,1,0,144.72,6,0,8,1,6458.48,0,0-12 months,922.64,1,1,Low,High
CUST04041,Female,41,5,Two Year,3455.37,Debit Card,DSL,3,1,19.8,12,0,9,3,17276.85,0,0-12 months,3455.37,4,4,Medium,High
CUST04042,Female,51,24,Monthly,2773.45,Debit Card,DSL,3,0,251.61,7,0,8,2,66562.8,1,13-24 months,2773.45,3,2,Low,High
CUST04043,Male,61,28,Monthly,635.33,Credit Card,Unknown,1,2,453.5,11,0,2,0,17789.24,1,25-48 months,635.33,3,2,Medium,Low
CUST04044,Female,43,62,Two Year,4863.48,UPI,Fiber,1,1,109.24,8,0,10,0,301535.76,0,49-72 months,4863.48,2,1,Low,High
CUST04045,Male,38,17,Monthly,3452.21,Credit Card,DSL,2,0,81.19,9,0,1,1,58687.57,1,13-24 months,3452.21,2,1,Low,Low
CUST04046,Male,45,20,Monthly,2819.61,Debit Card,Fiber,3,1,96.47,4,5,5,3,53572.59,1,13-24 months,2678.6295,4,4,Low,Medium
CUST04047,Female,65,3,Monthly,1727.26,Bank Transfer,DSL,0,1,346.69,5,0,2,0,5181.78,0,0-12 months,1727.26,1,1,Low,Low
CUST04048,Female,53,37,Monthly,3461.44,Cash,DSL,4,1,186.86,4,5,3,1,121669.62,0,25-48 months,3288.368,5,2,Low,Low
CUST04049,Female,57,15,Monthly,2138.76,Bank Transfer,Fiber,1,0,131.75,25,20,9,0,25665.12,0,13-24 months,1711.0080000000003,1,0,High,High
CUST04050,Female,19,51,Monthly,2706.835,Debit Card,Fiber,4,1,172.16,12,5,3,2,177386.11,1,49-72 months,2571.49325,5,3,Medium,Low
CUST04051,Female,59,48,Two Year,3571.57,Bank Transfer,DSL,1,1,158.0,18,15,1,1,145720.06,0,25-48 months,3035.8345,2,2,Medium,Low
CUST04052,Female,26,8,One Year,917.35,UPI,Unknown,5,2,274.17,29,10,9,0,6604.92,0,0-12 months,825.615,7,2,High,High
CUST04053,Male,40,13,Monthly,4591.67,UPI,Unknown,0,2,71.0,15,15,2,3,50737.95,1,13-24 months,3902.9195,2,5,Medium,Low
CUST04054,Male,32,48,Two Year,2691.38,Credit Card,DSL,3,2,256.82,8,10,10,2,116267.62,0,25-48 months,2422.242,5,4,Low,High
CUST04055,Female,30,3,Monthly,2268.25,Bank Transfer,Fiber,0,1,159.32,11,15,6,0,5784.04,0,0-12 months,1928.0125,1,1,Medium,Medium
CUST04056,Male,40,65,Monthly,4799.58,Bank Transfer,Unknown,5,1,466.65,14,0,7,0,311972.7,0,49-72 months,4799.58,6,1,Medium,Medium
CUST04057,Female,34,31,Monthly,2471.94,Debit Card,Unknown,1,1,213.8,7,5,9,2,72798.63,0,25-48 months,2348.343,2,3,Low,High
CUST04058,Male,65,26,One Year,3745.49,Credit Card,Fiber,2,1,54.5,29,20,8,0,77906.19,0,25-48 months,2996.392,3,1,High,High
CUST04059,Male,19,56,Monthly,3448.11,Credit Card,Fiber,1,0,467.14,16,0,6,2,193094.16,0,49-72 months,3448.11,1,2,Medium,Medium
CUST04060,Male,37,34,One Year,1243.13,Bank Transfer,Unknown,0,0,469.06,23,5,4,2,40153.1,0,25-48 months,1180.9735,0,2,High,Medium
CUST04061,Female,37,9,Monthly,4960.14,Cash,Unknown,2,1,91.87,8,10,4,1,40177.13,1,0-12 months,4464.126,3,2,Low,Medium
CUST04062,Male,63,62,Two Year,2586.22,Bank Transfer,Fiber,5,1,409.13,29,5,4,1,152328.36,0,49-72 months,2456.9089999999997,6,2,High,Medium
CUST04063,Female,20,13,One Year,2276.52,Bank Transfer,Unknown,1,0,431.66,27,0,10,0,29594.76,0,13-24 months,2276.52,1,0,High,High
CUST04064,Male,29,69,Monthly,4638.26,Bank Transfer,DSL,2,4,181.02,11,10,2,1,288035.95,1,49-72 months,4174.434,6,5,Medium,Low
CUST04065,Male,57,41,One Year,2881.57,UPI,Unknown,1,0,83.95,1,0,7,3,118144.37,0,25-48 months,2881.57,1,3,Low,Medium
CUST04066,Male,19,1,One Year,3672.85,Credit Card,Fiber,2,0,400.23,17,0,1,2,3672.85,1,0-12 months,3672.85,2,2,Medium,Low
CUST04067,Male,53,47,Monthly,4308.11,UPI,DSL,2,2,19.01,7,5,5,1,192357.11,1,25-48 months,4092.7044999999994,4,3,Low,Medium
CUST04068,Male,31,4,Monthly,1559.72,Cash,Fiber,1,2,311.61,18,0,4,3,6238.88,1,0-12 months,1559.72,3,5,Medium,Medium
CUST04069,Female,33,63,Monthly,1262.6,Debit Card,Unknown,0,0,174.28,12,15,2,0,67612.23,0,49-72 months,1073.2099999999998,0,0,Medium,Low
CUST04070,Female,36,52,Two Year,808.28,Cash,Fiber,2,0,300.03,20,0,9,1,42030.56,0,49-72 months,808.28,2,1,Medium,High
CUST04071,Male,51,10,One Year,4537.1,Credit Card,DSL,1,1,395.48,28,15,1,0,38565.35,1,0-12 months,3856.5350000000003,2,1,High,Low
CUST04072,Male,61,28,Monthly,1401.65,Debit Card,Fiber,4,3,415.23,22,10,4,0,35321.58,0,25-48 months,1261.4850000000001,7,3,High,Medium
CUST04073,Male,63,6,Monthly,1884.89,Unknown,DSL,1,0,499.24,21,5,6,0,10743.87,0,0-12 months,1790.6455,1,0,High,Medium
CUST04074,Male,23,27,Monthly,1786.13,Credit Card,Fiber,1,1,321.91,5,15,4,0,40991.68,0,25-48 months,1518.2105000000001,2,1,Low,Medium
CUST04075,Female,30,12,Monthly,1870.65,Cash,Fiber,1,3,115.61,27,20,10,2,17958.24,0,0-12 months,1496.5200000000002,4,5,High,High
CUST04076,Male,53,62,One Year,3506.28,Debit Card,Fiber,4,1,141.67,6,0,10,1,217389.36,0,49-72 months,3506.28,5,2,Low,High
CUST04077,Female,39,52,Two Year,4793.51,Debit Card,Fiber,0,2,220.89,26,5,4,1,236799.39,0,49-72 months,4553.8345,2,3,High,Medium
CUST04078,Male,35,48,Monthly,1982.54,Cash,DSL,0,0,424.99,23,5,2,1,90403.82,0,25-48 months,1883.4129999999998,0,1,High,Low
CUST04079,Female,29,67,Monthly,2334.41,UPI,Fiber,3,1,186.59,2,5,10,0,148585.2,0,49-72 months,2217.6895,4,1,Low,High
CUST04080,Male,69,46,Monthly,3970.16,Cash,Fiber,0,2,345.69,12,5,9,0,173495.99,0,25-48 months,3771.6519999999996,2,2,Medium,High
CUST04081,Male,47,15,Two Year,2445.52,Cash,Fiber,5,1,27.32,11,5,9,2,34848.66,1,13-24 months,2323.2439999999997,6,3,Medium,High
CUST04082,Female,70,71,Monthly,4667.19,Cash,DSL,2,1,217.88,4,15,1,1,281664.92,0,49-72 months,3967.1114999999995,3,2,Low,Low
CUST04083,Male,68,36,Monthly,2764.48,UPI,Fiber,1,1,87.68,7,5,1,0,94545.22,1,25-48 months,2626.256,2,1,Low,Low
CUST04084,Male,57,14,One Year,2064.81,Bank Transfer,Fiber,2,2,469.53,5,0,8,1,28907.34,0,13-24 months,2064.81,4,3,Low,High
CUST04085,Male,24,3,Monthly,4872.08,Debit Card,DSL,2,0,396.76,11,15,9,1,12423.8,0,0-12 months,4141.268,2,1,Medium,High
CUST04086,Female,49,67,Monthly,2416.02,Credit Card,DSL,2,2,73.68,30,10,3,1,145686.01,0,49-72 months,2174.418,4,3,High,Low
CUST04087,Male,65,19,One Year,1540.29,Debit Card,DSL,2,4,203.92,28,0,3,2,29265.51,1,13-24 months,1540.29,6,6,High,Low
CUST04088,Male,36,54,Monthly,1299.65,Debit Card,Fiber,2,1,44.89,16,0,2,1,70181.1,0,49-72 months,1299.65,3,2,Medium,Low
CUST04089,Female,23,69,Monthly,4978.32,Bank Transfer,Fiber,1,3,374.55,10,0,9,1,343504.08,0,49-72 months,4978.32,4,4,Low,High
CUST04090,Female,37,10,Monthly,3888.44,Unknown,DSL,2,1,99.73,9,0,2,1,38884.4,1,0-12 months,3888.44,3,2,Low,Low
CUST04091,Female,44,33,Monthly,2338.97,Debit Card,Unknown,2,1,403.15,6,15,7,0,65608.11,0,25-48 months,1988.1244999999997,3,1,Low,Medium
CUST04092,Male,70,13,Monthly,4218.64,UPI,DSL,1,2,41.64,13,0,2,1,54842.32,1,13-24 months,4218.64,3,3,Medium,Low
CUST04093,Male,60,51,Two Year,2960.63,UPI,Fiber,1,0,288.61,4,10,10,1,135892.92,0,49-72 months,2664.567,1,1,Low,High
CUST04094,Male,54,32,Monthly,1928.25,UPI,DSL,0,0,306.06,11,10,10,0,55533.6,0,25-48 months,1735.425,0,0,Medium,High
CUST04095,Female,65,24,One Year,3845.24,UPI,Unknown,1,1,170.5,11,10,6,0,83057.18,0,13-24 months,3460.716,2,1,Medium,Medium
CUST04096,Male,24,35,Monthly,3856.53,UPI,DSL,1,0,86.28,28,5,3,1,128229.62,0,25-48 months,3663.7035,1,1,High,Low
CUST04097,Male,22,70,Monthly,2750.76,Credit Card,Unknown,3,1,165.3,30,10,1,3,173297.88,0,49-72 months,2475.684,4,4,High,Low
CUST04098,Female,28,40,Monthly,703.21,Bank Transfer,Fiber,3,1,250.28,16,5,6,2,26721.98,1,25-48 months,668.0495,4,3,Medium,Medium
CUST04099,Female,32,54,Monthly,846.6,Cash,DSL,0,0,484.71,26,5,2,0,43430.58,0,49-72 months,804.27,0,0,High,Low
CUST04100,Female,20,44,Monthly,4049.37,UPI,DSL,4,1,226.24,20,15,7,0,151446.44,0,25-48 months,3441.9645,5,1,Medium,Medium
CUST04101,Female,22,62,Monthly,4205.64,Bank Transfer,DSL,4,1,98.74,29,5,9,2,247712.2,0,49-72 months,3995.358,5,3,High,High
CUST04102,Female,40,68,Monthly,3552.3,Cash,DSL,0,0,17.81,19,5,1,0,229478.58,0,49-72 months,3374.685,0,0,Medium,Low
CUST04103,Male,70,33,Monthly,4275.81,Debit Card,DSL,1,1,9.07,29,5,4,1,134046.64,1,25-48 months,4062.0195000000003,2,2,High,Medium
CUST04104,Female,54,56,Two Year,3737.69,Debit Card,DSL,2,0,211.29,30,10,5,0,188379.58,0,49-72 months,3363.9210000000003,2,0,High,Medium
CUST04105,Male,26,36,Monthly,4536.21,Bank Transfer,Unknown,1,1,151.67,6,5,9,0,155138.38,0,25-48 months,4309.3994999999995,2,1,Low,High
CUST04106,Male,32,54,Monthly,1176.79,Credit Card,Fiber,0,2,61.97,24,5,3,1,60369.33,0,49-72 months,1117.9505,2,3,High,Low
CUST04107,Female,20,19,Monthly,2244.84,Credit Card,DSL,2,1,90.23,17,0,6,2,42651.96,0,13-24 months,2244.84,3,3,Medium,Medium
CUST04108,Female,46,43,Monthly,2588.5,Bank Transfer,Unknown,1,0,178.2,18,15,5,2,94609.68,0,25-48 months,2200.225,1,2,Medium,Medium
CUST04109,Female,23,12,One Year,1839.49,Credit Card,Fiber,3,0,344.88,4,15,5,1,18762.8,0,0-12 months,1563.5665,3,1,Low,Medium
CUST04110,Male,34,11,Monthly,3764.15,Credit Card,Fiber,3,2,306.75,23,5,2,1,39335.37,1,0-12 months,3575.9425,5,3,High,Low
CUST04111,Female,43,70,Monthly,4605.97,Debit Card,Fiber,0,2,44.58,28,10,10,0,290176.11,0,49-72 months,4145.3730000000005,2,2,High,High
CUST04112,Female,38,12,Monthly,2356.17,Credit Card,Unknown,3,1,75.8,18,5,5,3,26860.34,0,0-12 months,2238.3615,4,4,Medium,Medium
CUST04113,Female,25,41,One Year,4736.94,Credit Card,Unknown,3,1,454.66,11,0,3,1,194214.54,0,25-48 months,4736.94,4,2,Medium,Low
CUST04114,Female,38,25,Monthly,2825.46,Bank Transfer,Fiber,2,3,40.19,12,5,2,3,67104.68,1,25-48 months,2684.187,5,6,Medium,Low
CUST04115,Female,28,3,Monthly,2851.32,Credit Card,DSL,3,1,103.44,10,15,6,1,7270.87,0,0-12 months,2423.6220000000003,4,2,Low,Medium
CUST04116,Male,55,3,Monthly,3200.99,UPI,Fiber,3,1,162.38,28,10,1,1,8642.67,1,0-12 months,2880.891,4,2,High,Low
CUST04117,Male,25,28,Monthly,1707.49,UPI,Fiber,1,0,118.91,24,0,6,2,47809.72,0,25-48 months,1707.49,1,2,High,Medium
CUST04118,Male,59,23,Monthly,2225.12,Bank Transfer,Unknown,3,0,148.96,3,0,8,2,51177.76,1,13-24 months,2225.12,3,2,Low,High
CUST04119,Female,41,48,Two Year,2989.57,UPI,DSL,2,6,365.23,15,15,3,1,121974.46,1,25-48 months,2541.1345,8,7,Medium,Low
CUST04120,Female,52,67,One Year,4738.92,Debit Card,Fiber,1,1,52.03,18,15,10,3,269881.49,0,49-72 months,4028.082,2,4,Medium,High
CUST04121,Female,31,42,One Year,3392.12,Bank Transfer,Unknown,3,0,179.36,16,0,7,1,142469.04,0,25-48 months,3392.12,3,1,Medium,Medium
CUST04122,Male,31,40,Monthly,1999.02,Credit Card,Fiber,2,1,307.81,7,0,3,0,79960.8,0,25-48 months,1999.02,3,1,Low,Low
CUST04123,Female,27,6,Monthly,547.11,UPI,Fiber,6,3,29.18,11,0,6,0,3282.66,1,0-12 months,547.11,9,3,Medium,Medium
CUST04124,Female,29,20,Monthly,4917.5,Debit Card,DSL,4,1,26.93,28,0,7,0,98350.0,0,13-24 months,4917.5,5,1,High,Medium
CUST04125,Female,55,11,One Year,2718.43,Bank Transfer,Fiber,2,0,251.79,10,10,3,1,26912.46,0,0-12 months,2446.587,2,1,Low,Low
CUST04126,Male,61,27,Monthly,4723.23,Bank Transfer,DSL,2,1,450.41,9,5,5,0,121150.85,0,25-48 months,4487.068499999999,3,1,Low,Medium
CUST04127,Female,63,21,Two Year,2972.05,Credit Card,DSL,1,0,225.16,20,15,3,3,53051.09,1,13-24 months,2526.2425000000003,1,3,Medium,Low
CUST04128,Male,51,13,Monthly,3224.59,Cash,Fiber,8,0,206.29,18,15,4,1,35631.72,1,13-24 months,2740.9015,8,1,Medium,Medium
CUST04129,Female,58,35,Two Year,3703.61,UPI,DSL,2,3,10.03,25,15,5,1,110182.4,0,25-48 months,3148.0685,5,4,High,Medium
CUST04130,Male,27,47,Monthly,1944.39,Debit Card,Fiber,2,0,367.69,26,15,7,1,77678.38,0,25-48 months,1652.7315,2,1,High,Medium
CUST04131,Male,34,28,Monthly,3645.43,Bank Transfer,DSL,0,2,86.22,21,10,4,2,91864.84,1,25-48 months,3280.8869999999997,2,4,High,Medium
CUST04132,Male,34,21,Monthly,2870.56,UPI,Fiber,1,2,350.75,13,5,4,1,57267.67,1,13-24 months,2727.0319999999997,3,3,Medium,Medium
CUST04133,Female,20,18,One Year,3526.16,Unknown,Unknown,4,0,177.51,26,0,2,2,63470.88,0,13-24 months,3526.16,4,2,High,Low
CUST04134,Female,48,31,Monthly,4261.25,Debit Card,Unknown,3,2,27.27,23,0,5,0,132098.75,0,25-48 months,4261.25,5,2,High,Medium
CUST04135,Male,68,60,Two Year,1329.03,Bank Transfer,Fiber,5,0,167.31,10,5,3,1,75754.71,0,49-72 months,1262.5784999999998,5,1,Low,Low
CUST04136,Male,18,37,Two Year,3260.98,UPI,Unknown,3,1,331.48,21,5,4,2,114623.45,0,25-48 months,3097.931,4,3,High,Medium
CUST04137,Female,29,21,One Year,734.5,Unknown,DSL,6,2,385.33,12,15,8,1,13110.82,0,13-24 months,624.3249999999999,8,3,Medium,High
CUST04138,Female,56,14,One Year,959.52,Bank Transfer,DSL,0,1,319.59,13,5,4,1,12761.62,0,13-24 months,911.544,1,2,Medium,Medium
CUST04139,Male,21,60,One Year,3535.67,UPI,DSL,2,5,356.98,21,0,6,4,212140.2,1,49-72 months,3535.67,7,9,High,Medium
CUST04140,Female,59,23,One Year,819.22,UPI,Fiber,2,0,121.78,22,5,3,0,17899.96,0,13-24 months,778.259,2,0,High,Low
CUST04141,Female,30,29,Monthly,3179.11,Bank Transfer,Fiber,1,3,482.8,5,15,1,1,78365.06,1,25-48 months,2702.2435,4,4,Low,Low
CUST04142,Female,51,47,One Year,1490.06,UPI,Fiber,2,0,117.32,24,15,4,0,59527.9,0,25-48 months,1266.551,2,0,High,Medium
CUST04143,Female,59,30,Two Year,2706.835,Cash,Fiber,4,1,89.2,27,0,6,0,72487.86,0,25-48 months,2706.835,5,1,High,Medium
CUST04144,Male,38,38,Monthly,1083.36,Debit Card,Fiber,3,0,128.66,12,0,9,3,41167.68,0,25-48 months,1083.36,3,3,Medium,High
CUST04145,Female,39,27,Two Year,1619.0,Debit Card,DSL,3,0,486.17,27,5,5,2,41527.35,0,25-48 months,1538.05,3,2,High,Medium
CUST04146,Female,21,15,Monthly,4195.81,UPI,Fiber,1,2,37.15,4,0,7,0,62937.15,0,13-24 months,4195.81,3,2,Low,Medium
CUST04147,Male,35,59,Monthly,3374.95,Bank Transfer,DSL,2,0,387.86,3,10,1,0,179209.84,0,49-72 months,3037.455,2,0,Low,Low
CUST04148,Male,22,3,Monthly,4773.92,Credit Card,Fiber,2,1,57.12,14,5,8,0,13605.67,1,0-12 months,4535.224,3,1,Medium,High
CUST04149,Female,36,10,Monthly,719.35,UPI,Fiber,2,2,387.78,3,0,4,2,7193.5,0,0-12 months,719.35,4,4,Low,Medium
CUST04150,Female,19,17,Two Year,4065.85,Credit Card,Fiber,0,0,142.13,2,0,8,0,69119.45,0,13-24 months,4065.85,0,0,Low,High
CUST04151,Female,29,11,Two Year,3645.85,UPI,DSL,3,2,364.68,8,15,9,1,34088.7,0,0-12 months,3098.9725,5,3,Low,High
CUST04152,Female,34,48,One Year,1674.02,Credit Card,Unknown,3,0,29.26,29,0,3,0,80352.96,0,25-48 months,1674.02,3,0,High,Low
CUST04153,Male,27,5,Two Year,3781.25,UPI,Fiber,1,3,170.62,30,0,4,1,18906.25,1,0-12 months,3781.25,4,4,High,Medium
CUST04154,Male,51,69,Monthly,3724.47,Bank Transfer,DSL,3,1,234.99,7,0,6,1,256988.43,1,49-72 months,3724.47,4,2,Low,Medium
CUST04155,Male,23,64,Monthly,2567.05,Credit Card,Unknown,0,0,15.23,22,0,3,2,164291.2,0,49-72 months,2567.05,0,2,High,Low
CUST04156,Female,25,14,Monthly,3598.88,Cash,Unknown,4,0,94.52,2,10,9,2,45345.89,1,13-24 months,3238.992,4,2,Low,High
CUST04157,Female,68,50,Two Year,2500.61,Bank Transfer,DSL,1,1,88.56,18,0,3,1,125030.5,0,49-72 months,2500.61,2,2,Medium,Low
CUST04158,Female,28,26,Monthly,2009.96,UPI,Fiber,3,0,243.29,26,5,7,2,49646.01,0,25-48 months,1909.462,3,2,High,Medium
CUST04159,Female,29,72,Two Year,2599.21,Credit Card,Fiber,1,1,70.92,17,15,7,3,159071.65,0,49-72 months,2209.3285,2,4,Medium,Medium
CUST04160,Male,26,69,One Year,4528.08,Debit Card,Fiber,1,1,488.7,14,15,5,1,265571.89,0,49-72 months,3848.868,2,2,Medium,Medium
CUST04161,Male,19,7,Two Year,2230.63,Bank Transfer,DSL,3,0,444.03,12,0,6,2,15614.41,0,0-12 months,2230.63,3,2,Medium,Medium
CUST04162,Female,25,16,Monthly,2316.6,Credit Card,Fiber,0,3,116.05,26,0,1,2,37065.6,1,13-24 months,2316.6,3,5,High,Low
CUST04163,Male,28,55,Monthly,3237.81,Bank Transfer,DSL,2,4,120.93,18,10,3,1,160271.6,0,49-72 months,2914.029,6,5,Medium,Low
CUST04164,Female,70,56,One Year,3888.5,Credit Card,Fiber,1,0,473.98,25,0,3,1,217756.0,0,49-72 months,3888.5,1,1,High,Low
CUST04165,Female,53,4,One Year,3805.79,Debit Card,Fiber,4,2,153.27,17,10,2,0,13700.84,1,0-12 months,3425.2110000000002,6,2,Medium,Low
CUST04166,Male,27,48,Monthly,589.09,Cash,Unknown,5,0,214.53,29,5,1,0,26862.5,0,25-48 months,559.6355,5,0,High,Low
CUST04167,Female,38,17,Two Year,3593.37,Debit Card,Unknown,2,1,352.23,16,0,9,0,61087.29,0,13-24 months,3593.37,3,1,Medium,High
CUST04168,Female,37,36,Two Year,2527.49,UPI,DSL,1,1,175.3,10,20,4,2,72791.71,0,25-48 months,2021.992,2,3,Low,Medium
CUST04169,Male,65,70,Monthly,2858.4,Bank Transfer,Fiber,0,1,451.72,4,0,8,1,200088.0,0,49-72 months,2858.4,1,2,Low,High
CUST04170,Female,25,38,Monthly,3027.49,Cash,Unknown,2,1,296.57,2,0,7,1,115044.62,0,25-48 months,3027.49,3,2,Low,Medium
CUST04171,Female,53,62,Monthly,3792.74,Bank Transfer,Fiber,0,1,285.78,5,15,6,3,199877.4,1,49-72 months,3223.8289999999997,1,4,Low,Medium
CUST04172,Male,46,48,Monthly,4241.0,Credit Card,DSL,2,2,279.38,14,5,1,2,193389.6,0,25-48 months,4028.95,4,4,Medium,Low
CUST04173,Female,59,10,One Year,3408.17,UPI,Fiber,1,1,60.46,10,15,3,0,28969.44,0,0-12 months,2896.9445,2,1,Low,Low
CUST04174,Male,29,36,Monthly,3037.58,UPI,DSL,2,2,396.27,8,0,5,0,109352.88,1,25-48 months,3037.58,4,2,Low,Medium
CUST04175,Female,31,29,One Year,2181.96,Bank Transfer,DSL,1,0,288.2,1,0,1,0,63276.84,1,25-48 months,2181.96,1,0,Low,Low
CUST04176,Male,65,4,One Year,1120.45,UPI,Unknown,5,2,31.49,9,0,1,0,4481.8,0,0-12 months,1120.45,7,2,Low,Low
CUST04177,Male,67,44,Monthly,4813.6,Bank Transfer,DSL,6,0,425.93,23,0,10,1,211798.4,0,25-48 months,4813.6,6,1,High,High
CUST04178,Male,38,56,Monthly,2578.29,Credit Card,Unknown,2,1,366.08,21,10,9,0,129945.82,0,49-72 months,2320.4610000000002,3,1,High,High
CUST04179,Female,39,42,Monthly,3047.96,Credit Card,DSL,5,0,148.0,5,10,1,1,115212.89,0,25-48 months,2743.164,5,1,Low,Low
CUST04180,Male,38,13,Monthly,3879.83,Bank Transfer,DSL,4,1,146.59,9,5,4,1,47915.9,1,13-24 months,3685.8385,5,2,Low,Medium
CUST04181,Male,61,46,One Year,807.85,Debit Card,Fiber,2,0,254.83,9,0,8,2,37161.1,0,25-48 months,807.85,2,2,Low,High
CUST04182,Male,67,33,Two Year,4347.55,Debit Card,Fiber,0,2,8.58,18,10,9,1,129122.24,0,25-48 months,3912.795,2,3,Medium,High
CUST04183,Male,47,21,Monthly,4086.62,Credit Card,DSL,4,0,405.76,24,0,6,2,85819.02,0,13-24 months,4086.62,4,2,High,Medium
CUST04184,Male,56,57,Monthly,2706.835,Cash,Unknown,3,1,471.31,5,10,8,2,204426.91,0,49-72 months,2436.1515,4,3,Low,High
CUST04185,Female,37,69,Monthly,598.92,Debit Card,Fiber,1,2,226.07,30,10,6,0,37192.93,0,49-72 months,539.028,3,2,High,Medium
CUST04186,Female,41,70,Monthly,2869.33,Bank Transfer,Fiber,2,2,270.6,16,5,8,0,190810.44,0,49-72 months,2725.8635,4,2,Medium,High
CUST04187,Female,40,67,Monthly,744.21,Credit Card,Fiber,2,0,405.84,2,0,7,1,49862.07,0,49-72 months,744.21,2,1,Low,Medium
CUST04188,Female,24,48,One Year,2978.93,UPI,Unknown,1,0,142.41,25,10,9,2,128689.78,0,25-48 months,2681.037,1,2,High,High
CUST04189,Female,26,33,Monthly,3733.02,UPI,Fiber,2,1,248.41,4,15,9,0,104711.21,0,25-48 months,3173.067,3,1,Low,High
CUST04190,Female,18,36,Two Year,1048.33,Debit Card,Fiber,0,1,59.94,21,5,2,0,35852.89,0,25-48 months,995.9134999999999,1,1,High,Low
CUST04191,Female,43,33,Monthly,3626.97,Cash,Fiber,2,0,352.44,23,5,5,1,113705.51,0,25-48 months,3445.6214999999997,2,1,High,Medium
CUST04192,Male,55,31,Two Year,2522.9,Debit Card,Fiber,1,3,397.46,18,20,2,3,62567.92,0,25-48 months,2018.3200000000002,4,6,Medium,Low
CUST04193,Female,55,21,Two Year,4151.99,Cash,DSL,2,0,38.12,5,5,6,4,82832.2,0,13-24 months,3944.3904999999995,2,4,Low,Medium
CUST04194,Male,61,27,Monthly,2901.15,Debit Card,Unknown,2,1,441.8,8,0,4,1,78331.05,0,25-48 months,2901.15,3,2,Low,Medium
CUST04195,Male,39,72,Monthly,2012.55,UPI,Fiber,3,3,190.39,12,5,8,0,72487.86,1,49-72 months,1911.9225,6,3,Medium,High
CUST04196,Female,61,62,One Year,1993.96,Cash,Fiber,1,0,461.49,14,5,10,0,117444.24,0,49-72 months,1894.262,1,0,Medium,High
CUST04197,Male,27,26,One Year,4538.69,UPI,Unknown,2,2,450.59,27,0,4,2,118005.94,0,25-48 months,4538.69,4,4,High,Medium
CUST04198,Male,23,66,Two Year,2537.92,Bank Transfer,Unknown,0,4,396.5,17,0,6,0,167502.72,0,49-72 months,2537.92,4,4,Medium,Medium
CUST04199,Male,34,12,One Year,2325.89,Bank Transfer,Fiber,3,0,415.92,12,15,1,3,23724.08,0,0-12 months,1977.0064999999997,3,3,Medium,Low
CUST04200,Male,68,22,Monthly,679.43,Credit Card,Fiber,3,1,148.24,27,0,4,0,14947.46,0,13-24 months,679.43,4,1,High,Medium
CUST04201,Female,67,17,Two Year,2139.46,UPI,Unknown,3,0,186.81,24,10,4,1,32733.74,0,13-24 months,1925.5140000000001,3,1,High,Medium
CUST04202,Female,55,7,Two Year,4323.32,UPI,DSL,6,0,123.83,2,15,6,1,25723.75,0,0-12 months,3674.8219999999997,6,1,Low,Medium
CUST04203,Female,41,68,One Year,3924.44,Credit Card,Unknown,2,1,180.48,4,0,8,3,266861.92,0,49-72 months,3924.44,3,4,Low,High
CUST04204,Female,68,37,Two Year,1494.11,Bank Transfer,Fiber,2,2,283.14,11,0,4,1,55282.07,0,25-48 months,1494.11,4,3,Medium,Medium
CUST04205,Female,27,38,One Year,2358.75,Unknown,DSL,4,0,432.7,12,0,4,1,89632.5,0,25-48 months,2358.75,4,1,Medium,Medium
CUST04206,Female,25,11,One Year,1384.61,Cash,DSL,6,1,275.86,19,5,3,0,14469.17,0,0-12 months,1315.3794999999998,7,1,Medium,Low
CUST04207,Female,38,1,One Year,4793.98,Cash,Unknown,2,1,349.86,2,20,8,1,3835.18,0,0-12 months,3835.1839999999997,3,2,Low,High
CUST04208,Female,23,25,One Year,3191.53,Bank Transfer,Unknown,1,0,72.22,10,5,6,0,75798.84,0,25-48 months,3031.9535,1,0,Low,Medium
CUST04209,Female,38,42,Monthly,3894.6,Debit Card,Fiber,1,0,470.09,10,0,4,0,163573.2,0,25-48 months,3894.6,1,0,Low,Medium
CUST04210,Female,56,52,One Year,3712.14,UPI,DSL,0,2,293.67,2,0,5,0,193031.28,0,49-72 months,3712.14,2,2,Low,Medium
CUST04211,Male,41,24,One Year,4431.6,Cash,Fiber,2,1,389.03,26,5,2,0,101040.48,0,13-24 months,4210.02,3,1,High,Low
CUST04212,Female,50,53,Monthly,4771.98,Debit Card,DSL,3,0,499.29,22,0,9,2,252914.94,0,49-72 months,4771.98,3,2,High,High
CUST04213,Male,35,56,Monthly,646.01,Cash,DSL,1,1,430.56,19,0,8,0,36176.56,0,49-72 months,646.01,2,1,Medium,High
CUST04214,Male,45,63,One Year,4888.86,Credit Card,Unknown,4,3,254.66,26,0,2,1,307998.18,0,49-72 months,4888.86,7,4,High,Low
CUST04215,Male,69,8,One Year,4417.44,UPI,Fiber,2,1,434.68,20,0,8,1,72487.86,0,0-12 months,4417.44,3,2,Medium,High
CUST04216,Male,49,59,Monthly,2223.26,Cash,Fiber,3,1,331.17,4,0,6,1,131172.34,0,49-72 months,2223.26,4,2,Low,Medium
CUST04217,Female,29,45,Two Year,4266.81,Bank Transfer,Fiber,0,3,366.36,18,20,1,1,153605.16,1,25-48 months,3413.4480000000003,3,4,Medium,Low
CUST04218,Male,65,27,Two Year,3814.51,Credit Card,Fiber,4,1,320.46,20,5,10,0,97842.18,0,25-48 months,3623.7845,5,1,Medium,High
CUST04219,Female,59,52,Monthly,4069.01,Credit Card,Fiber,2,1,147.38,18,10,4,0,190429.67,1,49-72 months,3662.1090000000004,3,1,Medium,Medium
CUST04220,Female,44,18,Monthly,1493.11,Bank Transfer,Unknown,2,2,170.57,14,0,5,1,26875.98,0,13-24 months,1493.11,4,3,Medium,Medium
CUST04221,Male,27,16,Two Year,3418.54,Credit Card,Fiber,3,1,281.38,20,15,2,2,46492.14,1,13-24 months,2905.759,4,3,Medium,Low
CUST04222,Female,63,66,Two Year,616.67,UPI,DSL,2,1,437.67,13,0,10,1,40700.22,0,49-72 months,616.67,3,2,Medium,High
CUST04223,Male,69,5,Monthly,4317.03,Cash,Unknown,1,2,229.01,24,20,5,3,17268.12,1,0-12 months,3453.624,3,5,High,Medium
CUST04224,Male,59,3,Monthly,4779.69,Credit Card,Unknown,1,1,272.58,15,15,1,0,12188.21,0,0-12 months,4062.7364999999995,2,1,Medium,Low
CUST04225,Female,49,70,Monthly,3479.56,UPI,DSL,3,0,187.7,15,20,2,0,194855.36,0,49-72 months,2783.648,3,0,Medium,Low
CUST04226,Female,59,7,One Year,2807.01,Bank Transfer,Fiber,2,3,13.98,25,10,1,0,17684.16,0,0-12 months,2526.309,5,3,High,Low
CUST04227,Male,43,50,Monthly,3765.79,Cash,Fiber,2,2,323.55,20,10,2,1,169460.55,0,49-72 months,3389.2110000000002,4,3,Medium,Low
CUST04228,Female,42,14,Monthly,1968.63,Bank Transfer,Fiber,1,2,285.14,4,15,2,1,23426.7,1,13-24 months,1673.3355000000001,3,3,Low,Low
CUST04229,Female,28,38,Monthly,3318.75,Cash,DSL,4,1,489.24,15,10,7,3,113501.25,0,25-48 months,2986.875,5,4,Medium,Medium
CUST04230,Female,40,47,Two Year,2706.835,Credit Card,DSL,2,2,256.44,14,10,7,3,158006.57,0,25-48 months,2436.1515,4,5,Medium,Medium
CUST04231,Male,51,33,Monthly,1142.06,Credit Card,DSL,6,0,269.8,7,5,7,1,35803.58,0,25-48 months,1084.9569999999999,6,1,Low,Medium
CUST04232,Male,69,43,Monthly,1130.31,Cash,Unknown,2,1,144.72,17,0,2,0,48603.33,0,25-48 months,1130.31,3,1,Medium,Low
CUST04233,Female,57,29,Two Year,3722.62,UPI,DSL,4,1,54.3,23,10,3,0,97160.38,0,25-48 months,3350.358,5,1,High,Low
CUST04234,Female,40,57,Monthly,2443.02,UPI,Unknown,2,0,355.25,29,5,2,5,132289.53,0,49-72 months,2320.8689999999997,2,5,High,Low
CUST04235,Female,46,5,Monthly,4501.41,UPI,Unknown,1,0,405.17,9,0,5,1,22507.05,1,0-12 months,4501.41,1,1,Low,Medium
CUST04236,Female,48,60,One Year,1903.72,Debit Card,Fiber,4,0,435.5,4,5,3,1,108512.04,1,49-72 months,1808.5339999999999,4,1,Low,Low
CUST04237,Female,24,70,Monthly,690.94,UPI,Fiber,2,1,205.11,18,10,10,2,43529.22,0,49-72 months,621.8460000000001,3,3,Medium,High
CUST04238,Male,57,2,Two Year,3424.44,Credit Card,Fiber,2,2,353.26,13,0,6,1,6848.88,1,0-12 months,3424.44,4,3,Medium,Medium
CUST04239,Female,50,70,Monthly,3579.08,Debit Card,DSL,1,1,135.03,15,10,6,0,225482.04,0,49-72 months,3221.172,2,1,Medium,Medium
CUST04240,Male,38,43,Monthly,2991.16,Unknown,DSL,2,2,130.13,4,0,5,5,128619.88,0,25-48 months,2991.16,4,7,Low,Medium
CUST04241,Female,19,4,Two Year,3575.0,Credit Card,Fiber,5,3,497.88,18,0,2,0,14300.0,0,0-12 months,3575.0,8,3,Medium,Low
CUST04242,Male,35,56,Monthly,2856.89,Debit Card,Unknown,1,1,425.47,10,5,8,1,151986.55,0,49-72 months,2714.0454999999997,2,2,Low,High
CUST04243,Female,64,59,One Year,3616.85,Credit Card,Fiber,1,2,131.83,7,0,6,1,213394.15,0,49-72 months,3616.85,3,3,Low,Medium
CUST04244,Male,50,9,Monthly,697.72,Cash,Unknown,2,0,219.53,6,5,2,1,5965.51,1,0-12 months,662.834,2,1,Low,Low
CUST04245,Female,54,3,Monthly,2157.79,Credit Card,Fiber,2,2,284.66,13,5,1,2,6149.7,0,0-12 months,2049.9004999999997,4,4,Medium,Low
CUST04246,Male,51,48,Two Year,1448.68,Debit Card,Fiber,2,1,11.42,28,15,6,0,72487.86,0,25-48 months,1231.378,3,1,High,Medium
CUST04247,Male,37,43,Monthly,946.97,UPI,Fiber,4,0,479.84,27,0,2,0,40719.71,0,25-48 months,946.97,4,0,High,Low
CUST04248,Male,52,1,Monthly,1553.42,Debit Card,Fiber,2,1,58.84,18,5,4,1,1475.75,1,0-12 months,1475.749,3,2,Medium,Medium
CUST04249,Male,68,57,Monthly,1360.9,UPI,Fiber,3,0,409.53,22,10,4,1,69814.17,0,49-72 months,1224.8100000000002,3,1,High,Medium
CUST04250,Male,67,53,Monthly,4879.09,UPI,DSL,2,2,488.09,9,0,9,0,258591.77,1,49-72 months,4879.09,4,2,Low,High
CUST04251,Male,35,16,One Year,1789.46,Bank Transfer,Fiber,2,0,353.59,11,0,10,3,28631.36,0,13-24 months,1789.46,2,3,Medium,High
CUST04252,Female,63,51,Two Year,1539.32,Cash,DSL,1,1,483.51,16,0,10,2,78505.32,0,49-72 months,1539.32,2,3,Medium,High
CUST04253,Male,41,55,One Year,4256.94,Bank Transfer,Fiber,2,1,14.75,30,0,7,1,234131.7,0,49-72 months,4256.94,3,2,High,Medium
CUST04254,Female,25,1,One Year,2386.02,Debit Card,Fiber,4,0,180.5,8,0,9,0,2386.02,0,0-12 months,2386.02,4,0,Low,High
CUST04255,Female,47,28,Monthly,2396.59,Bank Transfer,DSL,0,0,240.84,25,5,6,1,72487.86,0,25-48 months,2276.7605,0,1,High,Medium
CUST04256,Female,61,53,Monthly,2496.16,UPI,Fiber,0,3,392.56,5,5,1,1,125681.66,1,49-72 months,2371.352,3,4,Low,Low
CUST04257,Female,70,58,One Year,2374.41,Debit Card,DSL,4,1,328.99,30,0,10,1,137715.78,0,49-72 months,2374.41,5,2,High,High
CUST04258,Female,27,60,Monthly,1969.54,Bank Transfer,Fiber,0,0,369.32,15,0,8,1,118172.4,0,49-72 months,1969.54,0,1,Medium,High
CUST04259,Male,40,59,Monthly,1788.53,Credit Card,Fiber,1,0,76.61,26,10,4,0,94970.94,0,49-72 months,1609.677,1,0,High,Medium
CUST04260,Male,69,22,Two Year,4468.82,Cash,Fiber,0,0,423.16,2,15,10,2,83566.93,0,13-24 months,3798.497,0,2,Low,High
CUST04261,Male,66,8,Monthly,1227.68,Credit Card,DSL,2,0,412.0,5,0,8,3,9821.44,0,0-12 months,1227.68,2,3,Low,High
CUST04262,Female,28,49,Monthly,1314.78,Debit Card,Fiber,0,2,385.61,10,5,3,0,61203.01,0,49-72 months,1249.041,2,2,Low,Low
CUST04263,Male,19,42,One Year,3072.74,Unknown,DSL,1,3,409.89,30,0,6,0,129055.08,0,25-48 months,3072.74,4,3,High,Medium
CUST04264,Male,43,27,One Year,2046.46,UPI,Unknown,2,1,110.73,19,5,4,2,52491.7,1,25-48 months,1944.137,3,3,Medium,Medium
CUST04265,Male,53,39,Monthly,2396.88,Bank Transfer,Fiber,1,1,74.43,14,0,10,0,93478.32,0,25-48 months,2396.88,2,1,Medium,High
CUST04266,Male,50,25,Monthly,4129.46,Debit Card,Unknown,1,0,448.06,27,0,4,0,103236.5,0,25-48 months,4129.46,1,0,High,Medium
CUST04267,Male,64,38,Two Year,4566.34,Debit Card,Fiber,1,1,478.72,30,10,2,1,156168.83,1,25-48 months,4109.706,2,2,High,Low
CUST04268,Female,30,24,One Year,4057.49,Debit Card,DSL,4,1,215.01,13,15,4,0,82772.8,0,13-24 months,3448.8664999999996,5,1,Medium,Medium
CUST04269,Male,57,24,Two Year,1557.18,Debit Card,DSL,1,2,226.26,14,10,1,1,33635.09,1,13-24 months,1401.462,3,3,Medium,Low
CUST04270,Female,42,60,Monthly,4909.87,Bank Transfer,Fiber,1,1,371.78,4,15,1,1,250403.37,0,49-72 months,4173.3895,2,2,Low,Low
CUST04271,Female,21,50,Monthly,2134.29,Credit Card,Unknown,3,1,250.02,7,10,5,0,96043.05,0,49-72 months,1920.861,4,1,Low,Medium
CUST04272,Female,59,66,Monthly,1260.8,UPI,Fiber,1,2,160.21,18,10,1,1,74891.52,1,49-72 months,1134.72,3,3,Medium,Low
CUST04273,Female,36,14,Monthly,2747.74,UPI,Fiber,3,1,99.1,30,5,3,0,36544.94,1,13-24 months,2610.3529999999996,4,1,High,Low
CUST04274,Female,35,53,Monthly,3763.79,Cash,DSL,2,0,16.21,6,0,3,1,199480.87,0,49-72 months,3763.79,2,1,Low,Low
CUST04275,Male,54,32,Monthly,874.72,Debit Card,Unknown,1,0,295.91,15,10,10,3,25191.94,1,25-48 months,787.248,1,3,Medium,High
CUST04276,Male,47,48,Monthly,3354.29,Debit Card,Unknown,2,0,75.37,11,15,4,0,136855.03,0,25-48 months,2851.1465,2,0,Medium,Medium
CUST04277,Male,36,39,One Year,4361.35,Debit Card,Fiber,2,0,429.88,17,20,1,0,136074.12,0,25-48 months,3489.0800000000004,2,0,Medium,Low
CUST04278,Female,40,40,One Year,1678.02,Credit Card,DSL,2,1,491.52,10,5,7,3,63764.76,0,25-48 months,1594.119,3,4,Low,Medium
CUST04279,Male,33,42,Monthly,3619.05,Debit Card,Fiber,1,2,231.58,16,5,4,1,144400.1,1,25-48 months,3438.0975,3,3,Medium,Medium
CUST04280,Male,18,8,Monthly,2299.59,Cash,Fiber,2,1,62.21,19,0,7,1,18396.72,0,0-12 months,2299.59,3,2,Medium,Medium
CUST04281,Female,29,26,Monthly,2363.61,Cash,DSL,1,1,293.59,11,10,5,1,55308.47,1,25-48 months,2127.2490000000003,2,2,Medium,Medium
CUST04282,Female,41,12,Monthly,1763.66,Credit Card,Fiber,0,4,289.07,7,10,1,2,19047.53,1,0-12 months,1587.294,4,6,Low,Low
CUST04283,Female,51,43,Monthly,3309.77,Debit Card,Fiber,3,0,71.01,27,0,4,0,142320.11,0,25-48 months,3309.77,3,0,High,Medium
CUST04284,Female,70,51,Monthly,2124.5,Bank Transfer,Unknown,3,0,325.23,28,15,5,0,92097.08,0,49-72 months,1805.825,3,0,High,Medium
CUST04285,Male,25,63,Two Year,4239.06,Bank Transfer,DSL,2,1,161.45,21,5,4,0,253707.74,0,49-72 months,4027.107,3,1,High,Medium
CUST04286,Female,35,49,Two Year,4833.07,UPI,DSL,1,0,423.52,28,5,7,0,224979.41,0,49-72 months,4591.416499999999,1,0,High,Medium
CUST04287,Female,65,27,One Year,4707.89,Credit Card,Fiber,2,1,296.02,24,0,1,1,127113.03,0,25-48 months,4707.89,3,2,High,Low
CUST04288,Male,22,9,Two Year,1234.08,Bank Transfer,Unknown,3,0,219.31,23,0,9,1,11106.72,0,0-12 months,1234.08,3,1,High,High
CUST04289,Male,43,39,One Year,563.86,UPI,Unknown,1,1,481.84,23,20,6,3,17592.43,0,25-48 months,451.088,2,4,High,Medium
CUST04290,Female,47,65,Two Year,2473.11,Cash,DSL,5,0,248.16,14,15,8,0,136639.33,0,49-72 months,2102.1435,5,0,Medium,High
CUST04291,Male,30,71,One Year,3779.98,UPI,DSL,2,0,444.21,1,10,8,2,241540.72,1,49-72 months,3401.982,2,2,Low,High
CUST04292,Female,36,71,Monthly,4898.55,Debit Card,DSL,1,2,135.83,17,5,9,1,330407.2,0,49-72 months,4653.6225,3,3,Medium,High
CUST04293,Female,46,7,One Year,4025.4,Debit Card,Fiber,3,2,223.68,29,0,5,1,28177.8,0,0-12 months,4025.4,5,3,High,Medium
CUST04294,Male,20,72,Monthly,3112.47,Cash,Fiber,3,0,46.52,22,0,8,2,224097.84,0,49-72 months,3112.47,3,2,High,High
CUST04295,Male,43,67,One Year,618.59,Credit Card,DSL,1,0,214.27,13,0,8,1,41445.53,0,49-72 months,618.59,1,1,Medium,High
CUST04296,Female,57,10,Two Year,4214.93,Debit Card,Fiber,6,0,447.77,8,5,6,1,40041.84,0,0-12 months,4004.1835,6,1,Low,Medium
CUST04297,Female,29,71,One Year,1297.15,Debit Card,DSL,2,0,415.58,19,10,10,3,82887.89,0,49-72 months,1167.4350000000002,2,3,Medium,High
CUST04298,Female,19,53,Monthly,750.23,UPI,Fiber,1,0,487.97,24,10,8,2,35785.97,0,49-72 months,675.207,1,2,High,High
CUST04299,Male,28,57,Monthly,4326.61,UPI,Fiber,0,1,376.12,8,10,5,1,72487.86,0,49-72 months,3893.9489999999996,1,2,Low,Medium
CUST04300,Female,61,27,Two Year,3048.13,UPI,Fiber,2,3,139.39,17,0,10,1,82299.51,0,25-48 months,3048.13,5,4,Medium,High
CUST04301,Female,45,54,Two Year,1078.48,Bank Transfer,Fiber,1,3,84.61,27,15,8,0,49502.23,0,49-72 months,916.708,4,3,High,High
CUST04302,Female,35,4,Monthly,2239.44,Cash,DSL,3,1,93.86,5,15,10,0,7614.1,0,0-12 months,1903.524,4,1,Low,High
CUST04303,Female,30,23,Two Year,884.94,Credit Card,Fiber,3,0,332.38,25,0,3,0,20353.62,1,13-24 months,884.94,3,0,High,Low
CUST04304,Female,54,48,Two Year,3371.05,UPI,DSL,4,2,194.21,11,5,4,1,153719.88,0,25-48 months,3202.4975,6,3,Medium,Medium
CUST04305,Male,39,42,Monthly,1770.92,Credit Card,Fiber,1,0,209.95,26,5,3,3,70659.71,0,25-48 months,1682.374,1,3,High,Low
CUST04306,Female,29,3,Two Year,4397.42,UPI,Fiber,0,0,430.98,14,10,5,0,11873.03,0,0-12 months,3957.6780000000003,0,0,Medium,Medium
CUST04307,Female,19,3,Monthly,2110.08,Debit Card,Fiber,3,1,364.7,10,15,5,0,5380.7,1,0-12 months,1793.568,4,1,Low,Medium
CUST04308,Female,54,28,One Year,2725.85,Credit Card,Unknown,1,1,108.59,27,5,5,2,72507.61,0,25-48 months,2589.5575,2,3,High,Medium
CUST04309,Female,24,63,Monthly,785.86,Bank Transfer,DSL,3,0,89.7,12,0,2,0,49509.18,0,49-72 months,785.86,3,0,Medium,Low
CUST04310,Male,43,31,One Year,1740.17,UPI,Unknown,2,1,411.86,3,0,9,2,53945.27,0,25-48 months,1740.17,3,3,Low,High
CUST04311,Male,43,10,One Year,3545.45,Cash,Unknown,1,0,477.04,9,10,7,1,31909.05,0,0-12 months,3190.9049999999997,1,1,Low,Medium
CUST04312,Male,41,49,Monthly,3813.18,Debit Card,DSL,3,1,96.65,29,5,8,2,177503.53,0,49-72 months,3622.5209999999997,4,3,High,High
CUST04313,Female,29,21,Two Year,1592.7,UPI,DSL,1,0,476.12,11,15,2,3,28429.7,0,13-24 months,1353.795,1,3,Medium,Low
CUST04314,Female,33,53,Two Year,2767.19,Credit Card,Unknown,3,0,217.72,9,20,10,0,117328.86,0,49-72 months,2213.752,3,0,Low,High
CUST04315,Male,40,54,One Year,4178.89,UPI,DSL,0,2,453.3,1,15,10,0,191811.05,0,49-72 months,3552.0565,2,2,Low,High
CUST04316,Male,57,57,Monthly,2209.6,Debit Card,DSL,1,0,376.67,18,0,7,1,125947.2,0,49-72 months,2209.6,1,1,Medium,Medium
CUST04317,Male,26,20,Monthly,1101.97,Cash,DSL,2,1,453.03,3,0,3,1,22039.4,1,13-24 months,1101.97,3,2,Low,Low
CUST04318,Female,49,49,Monthly,2443.42,Cash,DSL,2,1,324.35,14,0,5,0,119727.58,1,49-72 months,2443.42,3,1,Medium,Medium
CUST04319,Female,32,7,Two Year,3202.83,Cash,DSL,2,0,82.72,4,0,7,0,22419.81,0,0-12 months,3202.83,2,0,Low,Medium
CUST04320,Male,54,29,Monthly,533.29,Debit Card,DSL,0,1,34.88,28,15,9,1,13145.6,0,25-48 months,453.2965,1,2,High,High
CUST04321,Male,30,48,Two Year,2068.55,UPI,DSL,2,0,315.42,5,15,10,1,84396.84,0,25-48 months,1758.2675000000002,2,1,Low,High
CUST04322,Male,22,13,Two Year,3233.46,Debit Card,DSL,1,0,33.89,21,5,1,1,39933.23,0,13-24 months,3071.787,1,1,High,Low
CUST04323,Female,28,3,One Year,4783.6,Debit Card,Fiber,8,4,121.81,10,20,6,0,11480.64,0,0-12 months,3826.8800000000006,12,4,Low,Medium
CUST04324,Female,27,2,One Year,2338.47,UPI,DSL,0,2,107.08,27,5,6,1,4443.09,0,0-12 months,2221.5465,2,3,High,Medium
CUST04325,Female,69,16,One Year,1233.38,Bank Transfer,Fiber,2,0,216.42,5,5,2,2,18747.38,0,13-24 months,1171.711,2,2,Low,Low
CUST04326,Male,30,6,One Year,2903.99,Cash,Unknown,0,0,300.7,3,5,10,2,16552.74,0,0-12 months,2758.7904999999996,0,2,Low,High
CUST04327,Male,58,45,Monthly,1785.89,Credit Card,Fiber,2,0,456.03,22,5,9,2,76346.8,0,25-48 months,1696.5955000000001,2,2,High,High
CUST04328,Female,70,71,Two Year,1466.51,Credit Card,Fiber,4,0,468.42,20,0,5,2,104122.21,0,49-72 months,1466.51,4,2,Medium,Medium
CUST04329,Male,63,5,One Year,3156.81,UPI,DSL,1,0,491.28,9,0,9,0,15784.05,0,0-12 months,3156.81,1,0,Low,High
CUST04330,Female,67,56,One Year,4621.48,Credit Card,DSL,4,1,383.09,12,5,4,1,245862.74,0,49-72 months,4390.405999999999,5,2,Medium,Medium
CUST04331,Male,32,71,One Year,4258.51,Bank Transfer,Fiber,1,1,461.04,2,5,5,1,287236.5,0,49-72 months,4045.5845,2,2,Low,Medium
CUST04332,Male,59,32,Monthly,1320.32,Debit Card,Fiber,5,1,396.36,11,15,5,2,35912.7,0,25-48 months,1122.272,6,3,Medium,Medium
CUST04333,Male,24,49,Monthly,3946.46,Cash,Unknown,2,0,455.75,1,5,5,1,183707.71,0,49-72 months,3749.1369999999997,2,1,Low,Medium
CUST04334,Male,57,13,Two Year,1534.41,Credit Card,Fiber,3,0,56.57,23,15,9,2,16955.23,0,13-24 months,1304.2485000000001,3,2,High,High
CUST04335,Female,45,30,Monthly,1808.16,Credit Card,Fiber,5,0,480.98,16,20,1,1,43395.84,1,25-48 months,1446.5280000000002,5,1,Medium,Low
CUST04336,Male,49,25,One Year,4640.23,UPI,DSL,2,0,121.11,25,10,8,0,104405.17,0,25-48 months,4176.206999999999,2,0,High,High
CUST04337,Female,52,60,Monthly,4599.73,UPI,DSL,1,1,286.39,26,0,7,1,275983.8,0,49-72 months,4599.73,2,2,High,Medium
CUST04338,Female,32,59,Monthly,1258.84,Debit Card,DSL,0,1,260.83,25,5,1,0,70557.98,1,49-72 months,1195.898,1,1,High,Low
CUST04339,Female,65,28,Monthly,788.86,Cash,DSL,2,0,284.41,3,15,2,0,18774.87,1,25-48 months,670.531,2,0,Low,Low
CUST04340,Male,53,58,Two Year,2706.835,Credit Card,Unknown,2,4,352.5,28,5,1,1,100228.55,0,49-72 months,2571.49325,6,5,High,Low
CUST04341,Female,38,20,One Year,3117.99,Debit Card,Unknown,3,0,272.1,27,15,4,1,53005.83,0,13-24 months,2650.2915,3,1,High,Medium
CUST04342,Female,23,34,Monthly,4446.01,Cash,DSL,4,3,345.93,13,10,10,2,136047.91,1,25-48 months,4001.409,7,5,Medium,High
CUST04343,Female,18,5,Two Year,1034.77,Debit Card,Fiber,5,0,269.52,15,0,9,2,5173.85,1,0-12 months,1034.77,5,2,Medium,High
CUST04344,Male,21,60,Monthly,2367.31,Credit Card,Fiber,2,0,10.96,1,0,1,0,142038.6,0,49-72 months,2367.31,2,0,Low,Low
CUST04345,Male,28,43,Monthly,1722.87,UPI,DSL,2,3,315.55,25,10,3,3,66675.07,0,25-48 months,1550.5829999999999,5,6,High,Low
CUST04346,Female,61,57,One Year,567.18,UPI,DSL,2,0,279.82,23,0,7,1,32329.26,0,49-72 months,567.18,2,1,High,Medium
CUST04347,Male,43,57,One Year,4048.01,UPI,Fiber,3,1,294.99,24,5,4,2,219199.74,0,49-72 months,3845.6095,4,3,High,Medium
CUST04348,Female,54,54,Monthly,4159.78,Bank Transfer,DSL,1,1,5.77,27,0,6,1,224628.12,1,49-72 months,4159.78,2,2,High,Medium
CUST04349,Female,40,45,Two Year,1495.53,Debit Card,Unknown,0,1,237.03,16,0,7,0,67298.85,0,25-48 months,1495.53,1,1,Medium,Medium
CUST04350,Male,46,37,Two Year,2706.835,Credit Card,Fiber,3,2,438.11,15,0,6,1,43681.46,0,25-48 months,2706.835,5,3,Medium,Medium
CUST04351,Female,38,48,Monthly,1150.52,Debit Card,DSL,1,0,169.61,6,5,8,2,52463.71,0,25-48 months,1092.994,1,2,Low,High
CUST04352,Male,65,54,Monthly,2587.76,UPI,DSL,0,0,225.22,26,15,2,2,118778.18,1,49-72 months,2199.596,0,2,High,Low
CUST04353,Male,62,48,Two Year,1609.23,Debit Card,Fiber,2,1,65.61,22,5,1,0,73380.89,0,25-48 months,1528.7685,3,1,High,Low
CUST04354,Female,62,6,Monthly,2801.1,Cash,DSL,1,2,227.87,27,15,7,2,14285.61,0,0-12 months,2380.935,3,4,High,Medium
CUST04355,Male,66,34,Monthly,2231.83,Unknown,Fiber,2,1,200.91,15,10,3,0,68294.0,0,25-48 months,2008.647,3,1,Medium,Low
CUST04356,Male,44,63,One Year,1449.01,Bank Transfer,DSL,3,2,442.11,20,10,4,0,82158.87,0,49-72 months,1304.109,5,2,Medium,Medium
CUST04357,Female,56,48,Monthly,3880.36,Bank Transfer,DSL,2,1,22.54,18,10,7,1,167631.55,0,25-48 months,3492.324,3,2,Medium,Medium
CUST04358,Female,57,23,Monthly,2706.835,UPI,DSL,1,1,475.85,17,0,2,1,27062.72,0,13-24 months,2706.835,2,2,Medium,Low
CUST04359,Male,30,13,Monthly,4095.06,Credit Card,Fiber,2,2,290.32,14,0,7,0,53235.78,1,13-24 months,4095.06,4,2,Medium,Medium
CUST04360,Male,40,47,One Year,3026.51,Cash,Fiber,0,3,267.17,22,20,4,0,113796.78,0,25-48 months,2421.208,3,3,High,Medium
CUST04361,Female,33,44,One Year,4244.17,Credit Card,DSL,2,1,443.67,25,10,9,0,168069.13,0,25-48 months,3819.753,3,1,High,High
CUST04362,Male,47,32,Monthly,521.42,Credit Card,Fiber,3,2,99.55,26,5,1,1,15851.17,0,25-48 months,495.34899999999993,5,3,High,Low
CUST04363,Male,21,26,Monthly,3871.35,Cash,Fiber,1,0,108.46,26,5,3,1,95622.34,1,25-48 months,3677.7825,1,1,High,Low
CUST04364,Male,57,53,One Year,731.82,Bank Transfer,Fiber,1,3,437.84,18,10,8,1,34907.81,0,49-72 months,658.638,4,4,Medium,High
CUST04365,Male,33,14,Two Year,4775.44,UPI,DSL,0,1,465.07,17,0,7,2,66856.16,1,13-24 months,4775.44,1,3,Medium,Medium
CUST04366,Male,48,52,Two Year,3662.33,Debit Card,DSL,0,0,419.72,1,0,2,1,190441.16,0,49-72 months,3662.33,0,1,Low,Low
CUST04367,Male,70,36,Monthly,1940.78,Bank Transfer,Unknown,2,1,25.43,14,0,5,0,69868.08,0,25-48 months,1940.78,3,1,Medium,Medium
CUST04368,Male,59,8,One Year,1939.33,UPI,Fiber,2,1,327.77,7,0,7,0,15514.64,1,0-12 months,1939.33,3,1,Low,Medium
CUST04369,Female,42,40,One Year,4376.72,Bank Transfer,Fiber,0,1,228.31,30,0,5,2,175068.8,0,25-48 months,4376.72,1,3,High,Medium
CUST04370,Female,61,22,Two Year,4562.78,Cash,DSL,3,1,404.87,1,5,10,1,95362.1,0,13-24 months,4334.641,4,2,Low,High
CUST04371,Female,29,16,One Year,4512.08,Credit Card,DSL,0,1,83.28,25,0,1,2,72193.28,1,13-24 months,4512.08,1,3,High,Low
CUST04372,Female,43,60,Monthly,4139.33,Cash,Fiber,2,0,460.56,25,0,5,0,248359.8,1,49-72 months,4139.33,2,0,High,Medium
CUST04373,Female,54,60,One Year,4185.64,Debit Card,Fiber,3,1,171.02,27,5,10,0,238581.48,0,49-72 months,3976.358,4,1,High,High
CUST04374,Male,65,10,Monthly,3077.46,Cash,Fiber,4,1,165.0,3,5,3,0,29235.87,0,0-12 months,2923.587,5,1,Low,Low
CUST04375,Male,50,25,Monthly,627.04,Credit Card,DSL,2,0,93.32,11,5,1,0,14892.2,0,25-48 months,595.688,2,0,Medium,Low
CUST04376,Male,45,31,One Year,890.48,Bank Transfer,Fiber,1,1,8.44,18,0,10,0,27604.88,0,25-48 months,890.48,2,1,Medium,High
CUST04377,Male,26,21,Two Year,3422.99,UPI,Unknown,1,2,159.81,25,5,4,1,68288.65,0,13-24 months,3251.8405,3,3,High,Medium
CUST04378,Female,29,33,Monthly,2305.24,Debit Card,DSL,4,1,78.42,30,5,7,1,72269.27,0,25-48 months,2189.9779999999996,5,2,High,Medium
CUST04379,Male,22,31,One Year,3052.89,Bank Transfer,Fiber,1,0,370.38,14,5,7,0,89907.61,0,25-48 months,2900.2454999999995,1,0,Medium,Medium
CUST04380,Male,69,21,Monthly,2706.835,UPI,Fiber,2,2,379.54,3,0,2,2,32336.85,0,13-24 months,2706.835,4,4,Low,Low
CUST04381,Female,45,36,Two Year,3422.38,Credit Card,Fiber,1,1,414.83,2,5,2,0,117045.4,0,25-48 months,3251.261,2,1,Low,Low
CUST04382,Male,52,65,One Year,1592.73,Cash,DSL,2,3,7.69,20,10,1,0,93174.7,0,49-72 months,1433.457,5,3,Medium,Low
CUST04383,Male,22,4,Monthly,2573.66,Bank Transfer,DSL,0,0,178.98,15,15,2,0,8750.44,0,0-12 months,2187.611,0,0,Medium,Low
CUST04384,Female,51,68,Monthly,2654.24,UPI,Fiber,1,0,7.87,7,5,9,0,171463.9,0,49-72 months,2521.528,1,0,Low,High
CUST04385,Male,63,4,Monthly,1299.51,UPI,DSL,2,0,256.32,13,20,9,0,4158.43,0,0-12 months,1039.608,2,0,Medium,High
CUST04386,Male,51,9,Monthly,4442.93,Cash,DSL,2,0,454.96,4,15,7,1,33988.41,0,0-12 months,3776.4905000000003,2,1,Low,Medium
CUST04387,Male,30,30,Monthly,2866.19,Bank Transfer,Fiber,2,1,206.91,8,0,3,1,85985.7,0,25-48 months,2866.19,3,2,Low,Low
CUST04388,Male,56,45,One Year,4400.53,Bank Transfer,Fiber,1,1,437.46,28,5,8,3,188122.66,0,25-48 months,4180.5035,2,4,High,High
CUST04389,Male,59,4,Monthly,1681.41,Credit Card,Fiber,1,0,474.05,21,0,4,2,6725.64,0,0-12 months,1681.41,1,2,High,Medium
CUST04390,Female,62,69,One Year,1275.51,Bank Transfer,Fiber,2,1,122.74,30,5,5,2,83609.68,0,49-72 months,1211.7345,3,3,High,Medium
CUST04391,Female,65,23,Monthly,581.07,Cash,Fiber,0,1,10.03,2,0,10,0,13364.61,0,13-24 months,581.07,1,1,Low,High
CUST04392,Female,31,16,One Year,922.39,Bank Transfer,Fiber,2,1,371.09,13,0,5,0,14758.24,0,13-24 months,922.39,3,1,Medium,Medium
CUST04393,Female,28,22,Monthly,1163.62,Credit Card,Fiber,2,2,291.61,26,15,2,1,21759.69,1,13-24 months,989.0769999999999,4,3,High,Low
CUST04394,Female,59,72,Monthly,854.85,UPI,Unknown,1,0,176.84,4,5,9,1,58471.74,0,49-72 months,812.1075,1,1,Low,High
CUST04395,Female,55,48,Monthly,4535.96,Bank Transfer,Fiber,3,0,186.96,13,15,6,2,185067.17,0,25-48 months,3855.566,3,2,Medium,Medium
CUST04396,Male,21,62,Monthly,4601.47,Cash,Fiber,4,0,45.08,16,0,6,1,285291.14,0,49-72 months,4601.47,4,1,Medium,Medium
CUST04397,Female,70,60,Two Year,4718.13,Bank Transfer,DSL,1,1,436.18,12,0,1,0,283087.8,0,49-72 months,4718.13,2,1,Medium,Low
CUST04398,Female,50,5,One Year,4819.37,Unknown,Fiber,3,0,124.82,13,0,2,0,24096.85,0,0-12 months,4819.37,3,0,Medium,Low
CUST04399,Male,24,7,One Year,2713.26,Credit Card,Fiber,0,2,53.07,23,5,4,1,18043.18,1,0-12 months,2577.597,2,3,High,Medium
CUST04400,Male,58,51,Monthly,2885.11,UPI,Fiber,0,0,390.87,29,15,8,2,125069.52,1,49-72 months,2452.3435,0,2,High,High
CUST04401,Female,25,65,Monthly,1088.74,Debit Card,Unknown,0,0,245.11,1,10,8,2,63691.29,0,49-72 months,979.866,0,2,Low,High
CUST04402,Male,54,9,Monthly,1116.73,Cash,Fiber,5,1,382.63,23,0,9,1,10050.57,1,0-12 months,1116.73,6,2,High,High
CUST04403,Female,68,45,One Year,3977.4,Bank Transfer,Unknown,0,4,451.43,3,5,1,0,170033.85,0,25-48 months,3778.5299999999997,4,4,Low,Low
CUST04404,Male,27,47,Monthly,4350.78,Credit Card,DSL,1,0,194.15,23,10,8,0,184037.99,0,25-48 months,3915.7019999999998,1,0,High,High
CUST04405,Female,60,67,Monthly,4031.21,Bank Transfer,DSL,4,2,31.96,3,0,4,1,270091.07,0,49-72 months,4031.21,6,3,Low,Medium
CUST04406,Male,32,24,Monthly,4255.59,Bank Transfer,DSL,4,1,130.35,12,5,5,1,97027.45,1,13-24 months,4042.8105,5,2,Medium,Medium
CUST04407,Male,55,10,Monthly,1744.57,Bank Transfer,Fiber,2,0,30.28,28,10,10,1,15701.13,0,0-12 months,1570.113,2,1,High,High
CUST04408,Female,32,48,Monthly,2597.3,Bank Transfer,Fiber,2,0,78.83,24,20,5,1,99736.32,0,25-48 months,2077.84,2,1,High,Medium
CUST04409,Female,22,35,Monthly,2566.4,Credit Card,Fiber,5,1,425.23,4,0,7,0,89824.0,0,25-48 months,2566.4,6,1,Low,Medium
CUST04410,Female,46,54,Monthly,4978.78,Debit Card,Fiber,0,1,471.0,1,10,3,2,241968.71,0,49-72 months,4480.902,1,3,Low,Low
CUST04411,Female,36,71,Monthly,4771.3,Cash,Unknown,2,0,340.07,17,10,5,3,304886.07,0,49-72 months,4294.17,2,3,Medium,Medium
CUST04412,Female,68,16,Monthly,3193.19,Debit Card,DSL,5,0,367.25,20,5,7,0,48536.49,0,13-24 months,3033.5305,5,0,Medium,Medium
CUST04413,Male,27,53,One Year,1120.88,Credit Card,Fiber,0,1,367.09,9,15,6,0,50495.64,0,49-72 months,952.748,1,1,Low,Medium
CUST04414,Female,29,40,Monthly,1663.68,Cash,DSL,1,1,66.06,5,5,2,1,63219.84,0,25-48 months,1580.496,2,2,Low,Low
CUST04415,Female,21,20,Monthly,2136.93,UPI,Unknown,1,1,28.32,29,10,8,0,38464.74,1,13-24 months,1923.2369999999999,2,1,High,High
CUST04416,Male,48,69,Monthly,4429.45,Debit Card,Unknown,1,0,350.71,21,15,9,1,259787.24,0,49-72 months,3765.0325,1,1,High,High
CUST04417,Male,35,45,Monthly,1267.85,Credit Card,DSL,3,0,23.52,3,5,9,0,54200.59,0,25-48 months,1204.4574999999998,3,0,Low,High
CUST04418,Female,33,6,Monthly,1488.86,Credit Card,Fiber,0,2,406.82,21,5,9,3,8486.5,0,0-12 months,1414.417,2,5,High,High
CUST04419,Male,57,69,Two Year,2072.23,Credit Card,Fiber,2,2,297.61,7,5,2,0,135834.68,0,49-72 months,1968.6184999999998,4,2,Low,Low
CUST04420,Male,53,49,Two Year,4671.1,Cash,Fiber,3,1,61.19,3,15,10,1,194551.32,0,49-72 months,3970.4350000000004,4,2,Low,High
CUST04421,Female,42,39,Monthly,2767.15,Bank Transfer,Fiber,4,4,331.35,5,0,3,0,107918.85,1,25-48 months,2767.15,8,4,Low,Low
CUST04422,Male,40,2,Two Year,3410.76,UPI,Fiber,4,1,305.12,12,10,4,2,6139.37,1,0-12 months,3069.684,5,3,Medium,Medium
CUST04423,Male,29,39,Monthly,2242.5,Cash,Unknown,1,0,191.27,3,0,2,1,87457.5,0,25-48 months,2242.5,1,1,Low,Low
CUST04424,Female,51,21,Monthly,1348.35,Cash,Unknown,1,1,409.77,1,0,6,2,28315.35,1,13-24 months,1348.35,2,3,Low,Medium
CUST04425,Female,53,40,Two Year,1502.6,Debit Card,DSL,2,1,155.78,22,10,7,1,54093.6,0,25-48 months,1352.34,3,2,High,Medium
CUST04426,Male,54,54,Two Year,4112.02,UPI,DSL,2,2,192.07,3,0,9,0,222049.08,0,49-72 months,4112.02,4,2,Low,High
CUST04427,Male,20,12,Two Year,4520.67,Credit Card,DSL,2,2,349.83,16,0,1,0,54248.04,1,0-12 months,4520.67,4,2,Medium,Low
CUST04428,Female,26,37,Monthly,2718.84,Cash,Fiber,4,2,377.26,18,10,7,1,90537.37,0,25-48 months,2446.956,6,3,Medium,Medium
CUST04429,Male,70,38,Monthly,2106.48,UPI,Unknown,4,0,140.41,3,5,5,0,76043.93,0,25-48 months,2001.156,4,0,Low,Medium
CUST04430,Male,35,15,Monthly,4135.26,Debit Card,Fiber,2,1,13.31,29,15,3,1,52724.56,0,13-24 months,3514.971,3,2,High,Low
CUST04431,Male,60,7,One Year,3528.93,Bank Transfer,DSL,2,0,92.27,5,20,5,4,19762.01,1,0-12 months,2823.1440000000002,2,4,Low,Medium
CUST04432,Female,52,50,Monthly,683.93,UPI,Fiber,1,0,135.28,5,0,6,0,34196.5,0,49-72 months,683.93,1,0,Low,Medium
CUST04433,Male,51,65,Two Year,2706.835,Credit Card,Unknown,4,0,452.98,9,0,4,0,135091.45,0,49-72 months,2706.835,4,0,Low,Medium
CUST04434,Male,58,67,Monthly,3569.78,Cash,DSL,4,3,447.34,12,0,10,0,239175.26,0,49-72 months,3569.78,7,3,Medium,High
CUST04435,Female,31,44,Monthly,3081.56,Bank Transfer,DSL,5,1,332.05,16,5,9,2,128809.21,0,25-48 months,2927.482,6,3,Medium,High
CUST04436,Male,21,31,One Year,4901.3,Debit Card,Fiber,2,3,356.11,27,5,1,0,144343.28,1,25-48 months,4656.235,5,3,High,Low
CUST04437,Male,46,43,One Year,4397.52,Credit Card,Fiber,4,1,312.52,9,0,10,5,189093.36,0,25-48 months,4397.52,5,6,Low,High
CUST04438,Female,58,48,Monthly,768.82,Bank Transfer,DSL,4,1,390.7,18,5,6,1,35058.19,0,25-48 months,730.379,5,2,Medium,Medium
CUST04439,Female,62,61,Two Year,3765.96,Debit Card,Fiber,1,1,178.84,27,0,10,4,229723.56,0,49-72 months,3765.96,2,5,High,High
CUST04440,Female,67,10,Monthly,2013.47,Credit Card,Unknown,3,1,275.62,22,10,2,2,18121.23,1,0-12 months,1812.123,4,3,High,Low
CUST04441,Female,32,29,Monthly,3569.37,Cash,DSL,2,1,336.98,29,15,7,2,87984.97,0,25-48 months,3033.9645,3,3,High,Medium
CUST04442,Male,45,48,Two Year,3277.51,Debit Card,Fiber,3,0,236.87,25,0,9,0,157320.48,0,25-48 months,3277.51,3,0,High,High
CUST04443,Male,59,62,Two Year,2763.73,Bank Transfer,Fiber,1,1,387.47,25,10,6,2,154216.13,1,49-72 months,2487.357,2,3,High,Medium
CUST04444,Female,33,13,Two Year,4338.27,Credit Card,DSL,6,1,466.63,11,0,10,1,56397.51,0,13-24 months,4338.27,7,2,Medium,High
CUST04445,Female,29,44,Two Year,3689.1,UPI,Fiber,2,0,333.58,22,5,9,2,154204.38,0,25-48 months,3504.6449999999995,2,2,High,High
CUST04446,Male,69,47,One Year,4503.0,Credit Card,Fiber,3,0,41.96,17,5,8,2,201058.95,0,25-48 months,4277.849999999999,3,2,Medium,High
CUST04447,Female,22,64,Two Year,1767.22,Bank Transfer,Fiber,1,0,307.07,1,0,5,1,113102.08,0,49-72 months,1767.22,1,1,Low,Medium
CUST04448,Male,51,53,Monthly,2066.57,Bank Transfer,Fiber,2,3,349.68,25,5,8,0,104051.8,0,49-72 months,1963.2415,5,3,High,High
CUST04449,Female,59,44,One Year,3298.78,UPI,Fiber,1,0,145.21,3,20,5,2,116117.06,0,25-48 months,2639.0240000000003,1,2,Low,Medium
CUST04450,Male,18,28,One Year,4849.09,Bank Transfer,Fiber,4,0,164.28,5,0,8,0,135774.52,0,25-48 months,4849.09,4,0,Low,High
CUST04451,Female,56,2,Monthly,2172.12,Credit Card,DSL,2,0,299.72,22,10,7,0,3909.82,0,0-12 months,1954.908,2,0,High,Medium
CUST04452,Female,49,57,Monthly,645.32,Debit Card,DSL,2,2,355.02,1,15,5,0,31265.75,0,49-72 months,548.522,4,2,Low,Medium
CUST04453,Male,43,57,Monthly,2506.5,Credit Card,DSL,1,1,436.36,15,10,8,1,128583.45,1,49-72 months,2255.85,2,2,Medium,High
CUST04454,Female,34,34,One Year,2947.68,Bank Transfer,Fiber,1,0,382.45,17,10,6,0,90199.01,0,25-48 months,2652.912,1,0,Medium,Medium
CUST04455,Male,65,58,Monthly,4104.44,UPI,Unknown,1,2,71.32,4,0,7,1,238057.52,0,49-72 months,4104.44,3,3,Low,Medium
CUST04456,Male,44,52,Two Year,3778.7,UPI,DSL,1,0,177.31,22,20,5,2,157193.92,0,49-72 months,3022.96,1,2,High,Medium
CUST04457,Male,41,29,Monthly,4840.98,Cash,Fiber,3,1,78.64,24,10,8,2,126349.58,1,25-48 months,4356.882,4,3,High,High
CUST04458,Male,52,35,Monthly,4022.07,UPI,DSL,3,1,379.69,23,20,8,1,112617.96,0,25-48 months,3217.6560000000004,4,2,High,High
CUST04459,Male,63,48,Two Year,1843.83,UPI,Fiber,4,2,136.89,14,20,1,0,70803.07,1,25-48 months,1475.064,6,2,Medium,Low
CUST04460,Female,59,33,One Year,3386.21,Bank Transfer,Fiber,3,1,66.14,2,5,8,0,106157.68,1,25-48 months,3216.8995,4,1,Low,High
CUST04461,Female,56,9,Monthly,3525.09,Debit Card,Unknown,3,2,52.63,4,5,10,1,30139.52,1,0-12 months,3348.8355,5,3,Low,High
CUST04462,Male,43,48,Monthly,4991.09,Debit Card,Fiber,2,1,61.68,5,10,8,1,215615.09,0,25-48 months,4491.981000000001,3,2,Low,High
CUST04463,Female,66,67,One Year,1124.32,Bank Transfer,DSL,1,1,127.32,24,15,7,0,64030.02,0,49-72 months,955.6719999999999,2,1,High,Medium
CUST04464,Male,55,36,Two Year,1360.96,UPI,Fiber,2,4,392.27,7,20,6,2,39195.65,1,25-48 months,1088.768,6,6,Low,Medium
CUST04465,Female,40,71,Two Year,1199.81,Credit Card,Unknown,5,1,122.68,4,20,10,3,68149.21,0,49-72 months,959.848,6,4,Low,High
CUST04466,Female,39,44,One Year,3150.77,Debit Card,Fiber,1,0,144.28,8,0,3,1,138633.88,0,25-48 months,3150.77,1,1,Low,Low
CUST04467,Female,21,60,Monthly,1108.85,Bank Transfer,Fiber,4,1,440.94,11,10,7,3,72487.86,0,49-72 months,997.9649999999999,5,4,Medium,Medium
CUST04468,Female,66,63,Monthly,3452.03,Credit Card,DSL,3,0,223.95,8,0,4,1,217477.89,0,49-72 months,3452.03,3,1,Low,Medium
CUST04469,Male,26,5,Monthly,4116.98,UPI,DSL,3,1,256.87,4,15,8,0,17497.16,1,0-12 months,3499.4329999999995,4,1,Low,High
CUST04470,Male,21,40,Monthly,2447.57,Bank Transfer,DSL,2,1,6.35,11,0,5,0,97902.8,0,25-48 months,2447.57,3,1,Medium,Medium
CUST04471,Female,24,19,Monthly,3023.08,Debit Card,DSL,2,0,45.64,12,15,3,0,48822.74,1,13-24 months,2569.618,2,0,Medium,Low
CUST04472,Female,40,47,Monthly,4607.25,Credit Card,Fiber,3,1,371.6,28,20,6,0,173232.6,0,25-48 months,3685.8,4,1,High,Medium
CUST04473,Male,19,65,One Year,3063.05,Credit Card,Fiber,1,1,170.06,2,0,6,0,199098.25,0,49-72 months,3063.05,2,1,Low,Medium
CUST04474,Female,66,67,Monthly,1438.72,Debit Card,DSL,2,1,79.02,15,5,6,0,91574.53,0,49-72 months,1366.7839999999999,3,1,Medium,Medium
CUST04475,Male,41,18,One Year,2044.37,Credit Card,DSL,3,0,217.26,14,0,8,1,36798.66,0,13-24 months,2044.37,3,1,Medium,High
CUST04476,Male,57,50,Two Year,2884.31,Debit Card,Fiber,1,2,27.32,19,5,1,0,137004.72,0,49-72 months,2740.0944999999997,3,2,Medium,Low
CUST04477,Male,48,30,One Year,1197.04,Bank Transfer,DSL,2,2,356.14,21,0,10,1,35911.2,0,25-48 months,1197.04,4,3,High,High
CUST04478,Female,64,66,One Year,3256.34,Cash,Unknown,3,2,44.7,30,0,1,2,214918.44,0,49-72 months,3256.34,5,4,High,Low
CUST04479,Male,48,5,One Year,4996.61,UPI,DSL,2,0,32.16,17,5,10,1,23733.9,0,0-12 months,4746.7795,2,1,Medium,High
CUST04480,Female,64,42,Monthly,3436.41,Bank Transfer,Fiber,3,0,212.75,16,0,7,1,144329.22,0,25-48 months,3436.41,3,1,Medium,Medium
CUST04481,Male,57,5,Monthly,2175.85,UPI,Fiber,2,0,295.6,5,5,3,0,10335.29,0,0-12 months,2067.0575,2,0,Low,Low
CUST04482,Female,65,50,Monthly,1992.86,UPI,Fiber,0,1,383.13,20,10,8,0,89678.7,0,49-72 months,1793.5739999999998,1,1,Medium,High
CUST04483,Female,68,58,Monthly,4692.21,Debit Card,Fiber,2,1,40.13,21,5,3,1,258540.77,0,49-72 months,4457.5995,3,2,High,Low
CUST04484,Female,60,8,One Year,4421.81,Cash,Fiber,0,1,170.74,28,0,6,0,35374.48,0,0-12 months,4421.81,1,1,High,Medium
CUST04485,Male,51,31,Two Year,2625.61,UPI,Fiber,6,1,137.94,28,0,1,2,81393.91,0,25-48 months,2625.61,7,3,High,Low
CUST04486,Male,41,12,Two Year,2090.37,UPI,Fiber,2,3,373.16,1,0,2,2,25084.44,0,0-12 months,2090.37,5,5,Low,Low
CUST04487,Female,66,21,Monthly,3697.09,Bank Transfer,Fiber,4,0,187.87,10,10,7,2,69875.0,1,13-24 months,3327.3810000000003,4,2,Low,Medium
CUST04488,Female,43,62,Two Year,1915.26,Cash,Fiber,4,3,315.79,7,0,6,1,72487.86,1,49-72 months,1915.26,7,4,Low,Medium
CUST04489,Female,33,33,Monthly,1037.31,Cash,Fiber,1,0,247.24,10,20,1,0,27384.98,1,25-48 months,829.848,1,0,Low,Low
CUST04490,Male,64,26,Two Year,1895.68,UPI,Fiber,2,0,286.98,25,10,10,0,44358.91,0,25-48 months,1706.112,2,0,High,High
CUST04491,Male,30,40,Monthly,2454.33,Cash,Fiber,0,3,185.99,16,0,7,0,98173.2,0,25-48 months,2454.33,3,3,Medium,Medium
CUST04492,Male,32,65,Monthly,1649.35,Bank Transfer,Fiber,2,1,123.43,5,0,4,1,107207.75,1,49-72 months,1649.35,3,2,Low,Medium
CUST04493,Male,44,59,Monthly,1475.66,Debit Card,Unknown,5,1,34.57,19,10,1,1,78357.55,0,49-72 months,1328.094,6,2,Medium,Low
CUST04494,Female,21,15,Two Year,527.63,UPI,DSL,0,1,90.87,25,15,9,2,6727.28,0,13-24 months,448.4855,1,3,High,High
CUST04495,Female,33,1,Monthly,3338.79,Credit Card,Fiber,5,1,90.44,6,5,3,1,3171.85,1,0-12 months,3171.8505,6,2,Low,Low
CUST04496,Male,47,11,Monthly,3265.02,UPI,Unknown,1,4,467.75,12,0,9,2,35915.22,1,0-12 months,3265.02,5,6,Medium,High
CUST04497,Male,61,55,Two Year,1346.11,UPI,Fiber,1,1,469.0,6,10,7,0,66632.44,0,49-72 months,1211.499,2,1,Low,Medium
CUST04498,Female,47,2,Two Year,4746.43,Debit Card,DSL,1,2,131.62,10,20,8,0,7594.29,0,0-12 months,3797.1440000000002,3,2,Low,High
CUST04499,Male,53,65,Monthly,2343.07,Credit Card,Fiber,1,0,57.29,10,0,7,2,152299.55,0,49-72 months,2343.07,1,2,Low,Medium
CUST04500,Male,20,44,One Year,614.66,Credit Card,DSL,4,1,144.45,13,15,10,0,22988.28,0,25-48 months,522.461,5,1,Medium,High
CUST04501,Male,39,16,Monthly,1488.97,Credit Card,Unknown,1,0,399.24,19,10,9,1,21441.17,0,13-24 months,1340.073,1,1,Medium,High
CUST04502,Male,66,22,Monthly,3614.3,Debit Card,Fiber,2,1,436.03,30,5,3,1,75538.87,0,13-24 months,3433.585,3,2,High,Low
CUST04503,Male,39,18,Monthly,1407.29,Cash,Fiber,0,0,253.05,17,10,8,2,72487.86,0,13-24 months,1266.561,0,2,Medium,High
CUST04504,Male,67,47,Monthly,2706.835,Credit Card,Unknown,0,0,272.36,16,0,2,1,34902.67,0,25-48 months,2706.835,0,1,Medium,Low
CUST04505,Female,67,30,Monthly,3279.68,Cash,Fiber,2,1,232.06,4,10,4,1,88551.36,0,25-48 months,2951.712,3,2,Low,Medium
CUST04506,Male,66,10,One Year,2832.6,Bank Transfer,Fiber,1,1,95.49,30,5,10,2,26909.7,0,0-12 months,2690.97,2,3,High,High
CUST04507,Male,29,58,Monthly,3925.7,Debit Card,Fiber,2,1,29.64,20,0,4,0,227690.6,0,49-72 months,3925.7,3,1,Medium,Medium
CUST04508,Female,38,62,One Year,3976.84,Cash,DSL,5,0,312.59,3,15,6,2,209579.47,0,49-72 months,3380.314,5,2,Low,Medium
CUST04509,Female,21,6,One Year,4819.71,Credit Card,Fiber,2,2,400.37,29,0,3,2,28918.26,1,0-12 months,4819.71,4,4,High,Low
CUST04510,Female,48,67,Monthly,756.58,Credit Card,DSL,3,1,375.93,30,5,1,1,48156.32,0,49-72 months,718.751,4,2,High,Low
CUST04511,Male,61,41,Monthly,675.45,Cash,Fiber,0,1,450.65,27,0,10,2,27693.45,0,25-48 months,675.45,1,3,High,High
CUST04512,Female,48,43,One Year,4942.39,Cash,DSL,2,0,407.76,5,10,8,1,191270.49,0,25-48 months,4448.151000000001,2,1,Low,High
CUST04513,Male,40,18,One Year,3401.82,Bank Transfer,Fiber,0,1,147.35,13,10,9,0,55109.48,0,13-24 months,3061.6380000000004,1,1,Medium,High
CUST04514,Male,70,58,One Year,3719.17,Debit Card,Fiber,1,1,62.82,14,15,7,3,183355.08,0,49-72 months,3161.2945,2,4,Medium,Medium
CUST04515,Male,37,60,One Year,934.17,UPI,Unknown,2,2,218.21,9,0,9,0,56050.2,0,49-72 months,934.17,4,2,Low,High
CUST04516,Female,32,27,Monthly,814.16,Bank Transfer,DSL,1,1,177.41,9,5,6,1,20883.2,0,25-48 months,773.4519999999999,2,2,Low,Medium
CUST04517,Female,40,68,One Year,1221.14,Bank Transfer,Unknown,2,0,365.65,8,5,3,2,78885.64,0,49-72 months,1160.083,2,2,Low,Low
CUST04518,Female,45,22,Monthly,2422.38,Bank Transfer,DSL,2,0,38.65,28,0,9,3,53292.36,0,13-24 months,2422.38,2,3,High,High
CUST04519,Female,33,24,Two Year,995.79,Credit Card,Fiber,1,1,471.79,10,15,1,0,20314.12,0,13-24 months,846.4214999999999,2,1,Low,Low
CUST04520,Female,54,40,One Year,2508.5,Cash,DSL,6,1,478.8,22,0,1,1,100340.0,0,25-48 months,2508.5,7,2,High,Low
CUST04521,Male,38,66,Monthly,3026.91,Debit Card,DSL,2,1,48.73,29,0,2,1,199776.06,1,49-72 months,3026.91,3,2,High,Low
CUST04522,Male,32,40,Monthly,501.5,Credit Card,Fiber,1,1,219.81,20,0,4,0,20060.0,0,25-48 months,501.5,2,1,Medium,Medium
CUST04523,Male,34,6,Two Year,1014.11,Bank Transfer,Fiber,2,2,450.08,30,10,3,0,5476.19,0,0-12 months,912.6990000000001,4,2,High,Low
CUST04524,Male,67,18,Monthly,2188.38,Debit Card,Fiber,2,2,97.7,18,15,1,5,33482.21,1,13-24 months,1860.123,4,7,Medium,Low
CUST04525,Female,54,30,Monthly,739.98,Credit Card,Fiber,5,0,347.65,12,10,7,0,19979.46,0,25-48 months,665.9820000000001,5,0,Medium,Medium
CUST04526,Female,30,21,One Year,1100.88,UPI,Fiber,1,2,357.05,13,10,4,0,20806.63,0,13-24 months,990.7920000000001,3,2,Medium,Medium
CUST04527,Male,36,62,One Year,1543.08,Bank Transfer,Unknown,3,1,120.63,16,0,1,4,72487.86,0,49-72 months,1543.08,4,5,Medium,Low
CUST04528,Female,47,10,Monthly,2433.21,Credit Card,DSL,2,1,8.05,26,10,6,0,21898.89,1,0-12 months,2189.889,3,1,High,Medium
CUST04529,Female,62,13,One Year,2706.835,Credit Card,DSL,2,2,333.91,3,0,6,0,48318.01,0,13-24 months,2706.835,4,2,Low,Medium
CUST04530,Male,35,9,Two Year,1097.1,Bank Transfer,Fiber,3,2,310.54,9,5,1,1,9380.2,1,0-12 months,1042.245,5,3,Low,Low
CUST04531,Male,31,68,Two Year,3820.81,UPI,Fiber,3,0,326.61,16,10,7,0,233833.57,0,49-72 months,3438.729,3,0,Medium,Medium
CUST04532,Female,53,39,One Year,4347.77,Cash,DSL,2,1,82.44,17,0,8,1,169563.03,0,25-48 months,4347.77,3,2,Medium,High
CUST04533,Female,53,24,Two Year,3431.65,UPI,DSL,1,1,303.85,16,10,5,2,74123.64,0,13-24 months,3088.485,2,3,Medium,Medium
CUST04534,Male,37,34,One Year,696.77,Bank Transfer,DSL,1,1,273.13,23,15,10,2,20136.65,0,25-48 months,592.2545,2,3,High,High
CUST04535,Male,69,61,Monthly,2482.94,Cash,Unknown,3,1,229.01,10,15,7,0,128740.44,0,49-72 months,2110.499,4,1,Low,Medium
CUST04536,Male,36,41,One Year,3470.3,Credit Card,Fiber,1,0,389.58,22,0,8,0,142282.3,0,25-48 months,3470.3,1,0,High,High
CUST04537,Female,62,5,Monthly,4903.31,UPI,Fiber,0,0,197.21,18,0,7,1,24516.55,1,0-12 months,4903.31,0,1,Medium,Medium
CUST04538,Male,61,50,Monthly,4783.14,UPI,Fiber,0,2,179.87,21,10,3,1,215241.3,1,49-72 months,4304.826,2,3,High,Low
CUST04539,Male,24,4,Monthly,2280.66,Cash,Fiber,0,1,272.8,2,15,10,0,7754.24,1,0-12 months,1938.561,1,1,Low,High
CUST04540,Female,61,51,Two Year,3271.69,Credit Card,Fiber,2,2,472.38,14,5,10,1,158513.38,0,49-72 months,3108.1055,4,3,Medium,High
CUST04541,Female,70,52,One Year,4508.67,UPI,Unknown,1,1,175.41,25,15,2,1,199283.21,0,49-72 months,3832.3695,2,2,High,Low
CUST04542,Female,21,39,One Year,4239.71,Cash,Unknown,3,2,225.44,5,5,9,0,157081.26,0,25-48 months,4027.7245,5,2,Low,High
CUST04543,Female,51,8,Monthly,2657.4,UPI,Unknown,3,3,136.83,6,0,5,1,21259.2,1,0-12 months,2657.4,6,4,Low,Medium
CUST04544,Female,19,45,Monthly,1675.59,Credit Card,Unknown,2,3,341.41,20,0,9,1,75401.55,0,25-48 months,1675.59,5,4,Medium,High
CUST04545,Male,22,28,Monthly,1116.95,Credit Card,Unknown,2,1,185.22,1,15,4,1,26583.41,0,25-48 months,949.4075,3,2,Low,Medium
CUST04546,Male,27,27,One Year,2695.91,Debit Card,Unknown,4,1,347.88,15,0,1,2,72789.57,1,25-48 months,2695.91,5,3,Medium,Low
CUST04547,Female,49,65,Monthly,3752.81,Cash,DSL,1,0,77.13,3,0,8,0,243932.65,0,49-72 months,3752.81,1,0,Low,High
CUST04548,Female,59,34,Monthly,4863.96,Bank Transfer,Fiber,3,0,135.56,21,10,5,2,148837.18,0,25-48 months,4377.564,3,2,High,Medium
CUST04549,Female,58,62,Monthly,4378.17,UPI,Fiber,1,2,107.12,19,0,4,1,271446.54,0,49-72 months,4378.17,3,3,Medium,Medium
CUST04550,Female,30,62,One Year,1419.08,Credit Card,Fiber,3,3,389.81,24,15,9,1,74785.52,0,49-72 months,1206.2179999999998,6,4,High,High
CUST04551,Female,56,38,Two Year,3739.0,UPI,Fiber,1,0,49.34,18,5,9,0,134977.9,0,25-48 months,3552.0499999999997,1,0,Medium,High
CUST04552,Male,22,26,One Year,1800.96,UPI,DSL,2,2,129.71,28,10,2,0,42142.46,0,25-48 months,1620.864,4,2,High,Low
CUST04553,Male,27,24,Monthly,3575.63,Bank Transfer,Fiber,2,1,256.16,15,15,1,0,72942.85,1,13-24 months,3039.2855,3,1,Medium,Low
CUST04554,Male,27,39,Monthly,3496.12,Credit Card,Fiber,4,1,48.47,18,15,8,4,115896.38,1,25-48 months,2971.7019999999998,5,5,Medium,High
CUST04555,Male,55,21,Monthly,1725.94,Debit Card,Fiber,2,1,10.47,1,0,9,3,36244.74,0,13-24 months,1725.94,3,4,Low,High
CUST04556,Female,44,47,Monthly,1554.75,Cash,Fiber,5,0,347.12,28,15,4,3,62112.26,0,25-48 months,1321.5375,5,3,High,Medium
CUST04557,Male,68,48,Monthly,967.72,UPI,Fiber,1,0,308.72,14,10,1,0,41805.5,0,25-48 months,870.9480000000001,1,0,Medium,Low
CUST04558,Female,38,13,Monthly,727.43,Bank Transfer,Fiber,2,0,9.17,17,0,7,0,9456.59,1,13-24 months,727.43,2,0,Medium,Medium
CUST04559,Female,25,3,Monthly,4363.03,Bank Transfer,Fiber,3,1,29.03,20,15,5,1,11125.73,0,0-12 months,3708.5754999999995,4,2,Medium,Medium
CUST04560,Female,18,32,Monthly,724.32,Cash,Fiber,2,1,113.59,8,0,5,1,23178.24,0,25-48 months,724.32,3,2,Low,Medium
CUST04561,Male,45,35,Monthly,899.34,Cash,DSL,1,0,453.56,24,15,5,1,26755.36,0,25-48 months,764.439,1,1,High,Medium
CUST04562,Female,66,19,One Year,1574.83,Credit Card,Fiber,4,1,328.1,8,10,10,0,26929.59,0,13-24 months,1417.347,5,1,Low,High
CUST04563,Male,56,14,Two Year,4494.46,UPI,DSL,3,1,403.48,27,0,9,0,62922.44,0,13-24 months,4494.46,4,1,High,High
CUST04564,Male,31,48,Two Year,1998.23,UPI,Fiber,2,0,380.94,17,0,7,2,95915.04,0,25-48 months,1998.23,2,2,Medium,Medium
CUST04565,Female,38,68,Monthly,1363.1,Cash,Fiber,0,2,491.6,30,5,2,1,88056.26,1,49-72 months,1294.945,2,3,High,Low
CUST04566,Female,47,45,Monthly,2706.835,Debit Card,DSL,1,2,475.33,1,5,10,3,159030.0,0,25-48 months,2571.49325,3,5,Low,High
CUST04567,Female,38,19,Two Year,1935.81,UPI,Fiber,3,2,38.32,7,15,9,0,31263.33,0,13-24 months,1645.4385,5,2,Low,High
CUST04568,Male,66,64,Monthly,2000.15,Bank Transfer,Fiber,1,0,16.23,23,10,4,0,115208.64,0,49-72 months,1800.1350000000002,1,0,High,Medium
CUST04569,Female,26,66,Two Year,3825.39,Cash,Unknown,2,0,251.05,26,5,5,0,239851.95,0,49-72 months,3634.1204999999995,2,0,High,Medium
CUST04570,Male,34,66,One Year,1632.44,UPI,Unknown,1,1,139.5,14,0,2,0,107741.04,0,49-72 months,1632.44,2,1,Medium,Low
CUST04571,Female,22,45,Two Year,4535.42,Credit Card,Fiber,1,1,254.76,21,10,3,2,183684.51,0,25-48 months,4081.878,2,3,High,Low
CUST04572,Female,48,67,Two Year,3026.4,Cash,Unknown,3,1,49.88,24,5,5,2,192630.36,0,49-72 months,2875.08,4,3,High,Medium
CUST04573,Male,69,69,One Year,2920.24,Bank Transfer,Unknown,4,2,454.89,6,0,1,1,201496.56,0,49-72 months,2920.24,6,3,Low,Low
CUST04574,Male,57,3,One Year,1691.39,Credit Card,Fiber,2,1,388.18,17,10,1,0,4566.75,0,0-12 months,1522.2510000000002,3,1,Medium,Low
CUST04575,Male,55,38,Monthly,4257.92,Cash,DSL,1,0,278.3,14,15,1,0,137530.82,0,25-48 months,3619.232,1,0,Medium,Low
CUST04576,Male,60,42,Monthly,3077.37,Unknown,DSL,0,1,235.21,7,10,7,2,116324.59,1,25-48 months,2769.633,1,3,Low,Medium
CUST04577,Male,36,40,Monthly,1199.82,UPI,Fiber,2,1,236.9,15,0,10,1,47992.8,0,25-48 months,1199.82,3,2,Medium,High
CUST04578,Male,53,50,Monthly,1428.34,Credit Card,DSL,1,1,310.15,8,5,4,1,67846.15,0,49-72 months,1356.9229999999998,2,2,Low,Medium
CUST04579,Female,67,35,Monthly,2607.15,Cash,Fiber,1,0,274.94,28,5,4,0,86687.74,0,25-48 months,2476.7925,1,0,High,Medium
CUST04580,Female,50,24,Monthly,4008.39,Bank Transfer,DSL,3,0,243.71,24,15,3,0,81771.16,1,13-24 months,3407.1315,3,0,High,Low
CUST04581,Male,30,17,Two Year,4726.83,Credit Card,DSL,3,0,341.23,16,15,2,1,68302.69,1,13-24 months,4017.8055,3,1,Medium,Low
CUST04582,Female,31,40,Monthly,3485.74,UPI,Fiber,1,0,383.67,10,0,4,2,139429.6,1,25-48 months,3485.74,1,2,Low,Medium
CUST04583,Male,50,66,Monthly,2777.64,Unknown,Unknown,3,1,323.26,29,20,2,3,146659.39,0,49-72 months,2222.112,4,4,High,Low
CUST04584,Female,46,44,Monthly,1628.29,Cash,DSL,0,1,198.74,9,10,7,3,64480.28,0,25-48 months,1465.461,1,4,Low,Medium
CUST04585,Female,60,23,Monthly,3527.91,Debit Card,Unknown,3,3,210.09,19,5,10,1,77084.83,1,13-24 months,3351.5144999999998,6,4,Medium,High
CUST04586,Male,66,6,Monthly,4920.08,Cash,Fiber,1,1,53.77,30,10,6,2,26568.43,1,0-12 months,4428.072,2,3,High,Medium
CUST04587,Male,53,66,Two Year,2706.835,UPI,Fiber,5,0,210.2,2,5,6,3,165716.1,1,49-72 months,2571.49325,5,3,Low,Medium
CUST04588,Male,61,21,One Year,1229.64,UPI,DSL,2,0,393.97,8,15,2,0,21949.07,0,13-24 months,1045.194,2,0,Low,Low
CUST04589,Female,27,35,Monthly,965.03,UPI,Fiber,3,1,37.9,30,5,5,1,32087.25,0,25-48 months,916.7784999999999,4,2,High,Medium
CUST04590,Male,48,29,Monthly,1711.65,UPI,Unknown,1,3,91.88,11,10,10,0,44674.07,0,25-48 months,1540.4850000000001,4,3,Medium,High
CUST04591,Female,23,7,Monthly,3062.49,Credit Card,DSL,0,0,422.1,4,0,8,1,21437.43,0,0-12 months,3062.49,0,1,Low,High
CUST04592,Male,18,53,Two Year,4760.62,Credit Card,Fiber,3,2,286.13,18,15,2,1,214465.93,0,49-72 months,4046.5269999999996,5,3,Medium,Low
CUST04593,Female,24,37,Monthly,1846.24,Cash,Fiber,3,0,337.24,18,10,8,1,61479.79,0,25-48 months,1661.616,3,1,Medium,High
CUST04594,Female,44,23,Monthly,1874.26,Credit Card,Fiber,1,0,164.17,2,15,9,0,36641.78,0,13-24 months,1593.1209999999999,1,0,Low,High
CUST04595,Male,38,8,Monthly,2665.31,Cash,Unknown,4,0,246.96,5,5,3,0,72487.86,1,0-12 months,2532.0445,4,0,Low,Low
CUST04596,Female,45,48,Two Year,4633.44,Credit Card,Fiber,1,1,381.98,14,0,4,0,222405.12,1,25-48 months,4633.44,2,1,Medium,Medium
CUST04597,Female,33,10,Monthly,2385.75,Credit Card,Fiber,3,0,438.64,13,5,8,0,22664.62,0,0-12 months,2266.4625,3,0,Medium,High
CUST04598,Male,63,24,Two Year,1504.53,Credit Card,Fiber,3,1,487.23,8,5,2,0,34303.28,0,13-24 months,1429.3035,4,1,Low,Low
CUST04599,Female,40,47,Monthly,1234.09,Unknown,DSL,1,1,426.26,25,5,2,1,55102.12,0,25-48 months,1172.3854999999999,2,2,High,Low
CUST04600,Male,69,53,One Year,2556.57,UPI,Fiber,4,1,38.4,11,5,1,2,72487.86,1,49-72 months,2428.7415,5,3,Medium,Low
CUST04601,Male,37,39,One Year,4103.05,Bank Transfer,DSL,3,2,174.96,22,0,2,0,160018.95,0,25-48 months,4103.05,5,2,High,Low
CUST04602,Male,55,67,Monthly,1811.09,Credit Card,Fiber,1,2,375.7,8,20,9,0,97074.42,0,49-72 months,1448.872,3,2,Low,High
CUST04603,Male,42,66,Monthly,2806.35,Credit Card,DSL,0,2,211.89,15,0,5,2,185219.1,1,49-72 months,2806.35,2,4,Medium,Medium
CUST04604,Female,45,6,Monthly,3213.54,Bank Transfer,Unknown,0,1,221.0,6,15,4,1,16389.05,1,0-12 months,2731.509,1,2,Low,Medium
CUST04605,Female,22,21,Monthly,2527.12,Cash,DSL,3,2,398.19,17,15,2,0,45109.09,1,13-24 months,2148.0519999999997,5,2,Medium,Low
CUST04606,Female,38,36,Two Year,1362.61,UPI,DSL,0,2,417.54,11,5,2,0,46601.26,0,25-48 months,1294.4795,2,2,Medium,Low
CUST04607,Male,35,3,Monthly,4647.86,Cash,Fiber,4,1,396.75,25,0,6,0,13943.58,0,0-12 months,4647.86,5,1,High,Medium
CUST04608,Female,64,42,One Year,3044.52,UPI,Fiber,4,0,180.54,26,0,7,0,127869.84,1,25-48 months,3044.52,4,0,High,Medium
CUST04609,Female,23,45,Monthly,3781.1,Debit Card,Unknown,6,1,117.87,7,0,4,1,170149.5,0,25-48 months,3781.1,7,2,Low,Medium
CUST04610,Male,46,44,Monthly,3362.19,UPI,DSL,1,0,182.58,2,5,7,2,140539.54,1,25-48 months,3194.0805,1,2,Low,Medium
CUST04611,Male,36,33,One Year,4991.22,Cash,DSL,0,2,352.18,3,0,1,1,164710.26,0,25-48 months,4991.22,2,3,Low,Low
CUST04612,Female,50,60,One Year,2553.4,UPI,Unknown,1,0,185.53,18,5,8,0,145543.8,0,49-72 months,2425.73,1,0,Medium,High
CUST04613,Male,18,70,Monthly,2412.38,Debit Card,Fiber,0,1,32.41,25,15,3,3,143536.61,1,49-72 months,2050.523,1,4,High,Low
CUST04614,Male,62,26,Monthly,2120.63,Debit Card,DSL,1,2,401.37,24,10,7,1,49622.74,0,25-48 months,1908.5670000000002,3,3,High,Medium
CUST04615,Male,20,21,Monthly,2127.33,Credit Card,Fiber,1,2,36.4,21,0,7,0,44673.93,0,13-24 months,2127.33,3,2,High,Medium
CUST04616,Male,59,2,Two Year,1740.97,Debit Card,DSL,4,0,498.09,20,20,3,0,2785.55,1,0-12 months,1392.776,4,0,Medium,Low
CUST04617,Female,38,47,Monthly,4912.84,Bank Transfer,Fiber,3,1,431.48,23,0,5,0,230903.48,1,25-48 months,4912.84,4,1,High,Medium
CUST04618,Male,52,30,Monthly,4418.52,Cash,Unknown,1,1,478.39,30,10,2,0,119300.04,0,25-48 months,3976.6680000000006,2,1,High,Low
CUST04619,Male,58,27,One Year,1925.03,Bank Transfer,DSL,1,1,417.46,14,0,9,1,51975.81,0,25-48 months,1925.03,2,2,Medium,High
CUST04620,Male,57,71,Monthly,1873.53,Bank Transfer,Fiber,2,1,55.03,9,10,5,0,119718.57,1,49-72 months,1686.177,3,1,Low,Medium
CUST04621,Male,20,20,Monthly,965.9,Cash,DSL,2,1,212.28,8,5,4,1,18352.1,0,13-24 months,917.6049999999999,3,2,Low,Medium
CUST04622,Male,42,50,Monthly,4446.64,Bank Transfer,DSL,3,2,454.43,24,0,10,1,222332.0,0,49-72 months,4446.64,5,3,High,High
CUST04623,Male,62,23,Two Year,2172.95,Bank Transfer,Fiber,0,0,49.99,27,10,3,1,44980.06,1,13-24 months,1955.655,0,1,High,Low
CUST04624,Male,55,13,Two Year,3076.77,Bank Transfer,Fiber,1,1,156.1,18,0,1,1,39998.01,0,13-24 months,3076.77,2,2,Medium,Low
CUST04625,Male,62,4,One Year,4551.7,Debit Card,Fiber,1,0,236.21,12,10,7,3,16386.12,1,0-12 months,4096.53,1,3,Medium,Medium
CUST04626,Female,37,14,Monthly,2336.45,Cash,Fiber,0,1,227.71,12,5,3,0,31074.78,1,13-24 months,2219.6274999999996,1,1,Medium,Low
CUST04627,Male,69,20,One Year,4130.91,Cash,DSL,1,1,472.23,10,15,10,1,70225.47,0,13-24 months,3511.2735,2,2,Low,High
CUST04628,Female,61,13,Monthly,2436.29,Cash,Fiber,1,1,200.58,9,0,1,1,31671.77,1,13-24 months,2436.29,2,2,Low,Low
CUST04629,Male,62,3,Monthly,3654.23,Bank Transfer,Fiber,4,0,123.29,2,0,10,0,10962.69,0,0-12 months,3654.23,4,0,Low,High
CUST04630,Male,51,47,Two Year,2440.33,Debit Card,DSL,1,1,225.24,24,15,10,1,97491.18,0,25-48 months,2074.2805,2,2,High,High
CUST04631,Male,38,3,Monthly,2267.42,Cash,Unknown,0,2,201.02,21,5,8,0,6462.15,1,0-12 months,2154.049,2,2,High,High
CUST04632,Male,65,1,Monthly,4958.19,UPI,DSL,1,2,313.53,11,10,8,2,4462.37,0,0-12 months,4462.371,3,4,Medium,High
CUST04633,Female,40,24,Two Year,3255.57,Cash,DSL,4,0,497.1,22,20,3,1,62506.94,0,13-24 months,2604.456,4,1,High,Low
CUST04634,Male,23,35,One Year,2153.26,Credit Card,Fiber,0,5,277.95,10,5,10,0,71595.9,0,25-48 months,2045.5970000000002,5,5,Low,High
CUST04635,Male,68,14,Monthly,1660.19,UPI,Fiber,0,1,233.8,25,0,3,2,23242.66,0,13-24 months,1660.19,1,3,High,Low
CUST04636,Female,70,67,Monthly,678.95,Cash,Fiber,5,2,298.96,8,10,2,2,40940.69,0,49-72 months,611.0550000000001,7,4,Low,Low
CUST04637,Female,30,13,Monthly,3679.55,Bank Transfer,DSL,2,2,490.0,5,15,8,2,40659.03,0,13-24 months,3127.6175000000003,4,4,Low,High
CUST04638,Male,66,47,Monthly,2174.71,Cash,Fiber,4,0,314.28,22,0,9,2,102211.37,1,25-48 months,2174.71,4,2,High,High
CUST04639,Female,40,50,Monthly,4195.64,Debit Card,Fiber,1,1,65.85,5,10,4,2,188803.8,1,49-72 months,3776.0760000000005,2,3,Low,Medium
CUST04640,Female,26,26,Monthly,2706.835,Debit Card,Unknown,1,1,456.78,9,10,4,2,50015.39,0,25-48 months,2436.1515,2,3,Low,Medium
CUST04641,Female,34,3,Two Year,2179.98,Cash,Fiber,3,1,297.46,11,0,5,1,6539.94,1,0-12 months,2179.98,4,2,Medium,Medium
CUST04642,Male,19,51,Monthly,4006.31,Bank Transfer,Unknown,1,0,83.26,12,5,3,1,194105.72,0,49-72 months,3805.9945,1,1,Medium,Low
CUST04643,Male,36,40,Monthly,2702.6,Bank Transfer,Unknown,2,0,119.09,5,10,5,0,97293.6,0,25-48 months,2432.34,2,0,Low,Medium
CUST04644,Male,36,68,Monthly,2706.835,Bank Transfer,Fiber,1,1,64.67,6,10,4,2,274300.24,0,49-72 months,2436.1515,2,3,Low,Medium
CUST04645,Female,24,36,Monthly,3155.61,Cash,Unknown,2,0,480.58,1,0,8,3,113601.96,0,25-48 months,3155.61,2,3,Low,High
CUST04646,Male,59,51,Monthly,1582.9,Cash,Fiber,0,0,40.07,16,0,5,0,80727.9,1,49-72 months,1582.9,0,0,Medium,Medium
CUST04647,Female,59,1,Two Year,3057.22,Credit Card,Unknown,1,0,383.39,24,0,7,2,3057.22,0,0-12 months,3057.22,1,2,High,Medium
CUST04648,Male,37,33,Two Year,518.01,Debit Card,Unknown,0,1,172.14,14,5,4,1,16239.61,0,25-48 months,492.10949999999997,1,2,Medium,Medium
CUST04649,Male,26,7,Monthly,1905.79,UPI,DSL,0,1,45.15,24,0,2,2,13340.53,0,0-12 months,1905.79,1,3,High,Low
CUST04650,Female,34,52,Two Year,1435.79,UPI,DSL,2,2,219.75,14,5,8,0,70928.03,0,49-72 months,1364.0004999999999,4,2,Medium,High
CUST04651,Male,44,11,Monthly,3443.85,Debit Card,DSL,3,0,5.13,24,0,4,1,37882.35,0,0-12 months,3443.85,3,1,High,Medium
CUST04652,Female,64,27,One Year,1112.17,Credit Card,DSL,1,0,409.55,13,0,9,0,30028.59,0,25-48 months,1112.17,1,0,Medium,High
CUST04653,Female,19,14,Monthly,1805.44,Debit Card,Unknown,4,1,273.25,30,0,6,2,25276.16,1,13-24 months,1805.44,5,3,High,Medium
CUST04654,Male,53,46,Two Year,1990.89,Credit Card,Unknown,0,0,228.61,12,10,8,0,82422.85,0,25-48 months,1791.8010000000002,0,0,Medium,High
CUST04655,Female,36,10,Monthly,514.82,Credit Card,Unknown,4,1,415.47,23,15,9,0,4375.97,0,0-12 months,437.59700000000004,5,1,High,High
CUST04656,Male,34,24,One Year,710.45,Bank Transfer,DSL,1,1,262.06,7,0,9,4,17050.8,0,13-24 months,710.45,2,5,Low,High
CUST04657,Male,22,61,One Year,1900.07,Debit Card,Fiber,1,2,299.67,6,5,9,0,110109.06,0,49-72 months,1805.0665,3,2,Low,High
CUST04658,Female,56,18,Monthly,1500.6,UPI,DSL,3,2,408.33,23,15,7,1,22959.18,0,13-24 months,1275.51,5,3,High,Medium
CUST04659,Male,35,9,Monthly,1026.08,Cash,DSL,2,0,361.68,9,10,3,0,8311.25,0,0-12 months,923.472,2,0,Low,Low
CUST04660,Female,70,17,Monthly,1193.73,Cash,DSL,3,1,331.22,21,10,8,1,18264.07,0,13-24 months,1074.357,4,2,High,High
CUST04661,Male,24,58,One Year,4259.92,Debit Card,DSL,2,0,353.55,16,10,7,1,222367.82,0,49-72 months,3833.9280000000003,2,1,Medium,Medium
CUST04662,Male,34,13,Monthly,3574.94,Cash,Fiber,1,1,135.17,9,0,9,2,46474.22,0,13-24 months,3574.94,2,3,Low,High
CUST04663,Male,56,50,One Year,2678.53,Credit Card,Fiber,1,2,63.04,14,15,5,1,113837.52,0,49-72 months,2276.7505,3,3,Medium,Medium
CUST04664,Male,53,6,Two Year,4589.94,Cash,Fiber,2,1,313.22,9,15,4,1,23408.69,0,0-12 months,3901.4489999999996,3,2,Low,Medium
CUST04665,Male,57,51,Monthly,632.99,Credit Card,DSL,2,1,115.89,4,0,2,0,32282.49,0,49-72 months,632.99,3,1,Low,Low
CUST04666,Female,62,36,Monthly,2052.21,Credit Card,Fiber,1,1,28.57,9,10,7,2,66491.6,0,25-48 months,1846.989,2,3,Low,Medium
CUST04667,Female,21,71,One Year,4205.23,UPI,DSL,7,0,130.89,8,0,6,1,298571.33,0,49-72 months,4205.23,7,1,Low,Medium
CUST04668,Female,55,25,One Year,3327.3,Cash,Fiber,2,1,361.53,14,5,6,1,79023.38,0,25-48 months,3160.935,3,2,Medium,Medium
CUST04669,Female,42,11,Two Year,4917.59,UPI,Fiber,5,2,355.67,27,0,10,2,54093.49,0,0-12 months,4917.59,7,4,High,High
CUST04670,Female,22,44,Monthly,4750.32,Cash,Fiber,5,1,452.11,5,0,8,1,209014.08,0,25-48 months,4750.32,6,2,Low,High
CUST04671,Female,47,14,Monthly,1264.74,Credit Card,Fiber,1,2,339.24,16,10,1,1,15935.72,0,13-24 months,1138.266,3,3,Medium,Low
CUST04672,Male,29,29,Two Year,4873.94,Cash,Fiber,4,0,222.66,10,15,1,3,120142.62,1,25-48 months,4142.848999999999,4,3,Low,Low
CUST04673,Male,21,50,Two Year,4754.91,UPI,DSL,0,2,133.95,27,0,4,0,237745.5,0,49-72 months,4754.91,2,2,High,Medium
CUST04674,Female,41,5,One Year,2181.25,Bank Transfer,Fiber,3,2,380.41,3,15,8,0,9270.31,0,0-12 months,1854.0625,5,2,Low,High
CUST04675,Female,46,72,Monthly,4922.96,UPI,Fiber,2,1,208.93,9,0,5,2,354453.12,0,49-72 months,4922.96,3,3,Low,Medium
CUST04676,Male,26,69,Monthly,661.3,Bank Transfer,Unknown,4,0,408.67,3,10,9,0,41066.73,0,49-72 months,595.17,4,0,Low,High
CUST04677,Male,21,57,Monthly,3473.38,Debit Card,Fiber,1,1,426.55,19,20,3,0,158386.13,0,49-72 months,2778.704,2,1,Medium,Low
CUST04678,Male,68,26,Two Year,1697.67,UPI,DSL,3,1,179.03,19,0,6,2,44139.42,0,25-48 months,1697.67,4,3,Medium,Medium
CUST04679,Female,41,6,Monthly,1082.58,Cash,Unknown,5,0,175.19,1,0,6,2,6495.48,1,0-12 months,1082.58,5,2,Low,Medium
CUST04680,Female,31,16,One Year,3098.91,Bank Transfer,DSL,0,3,457.25,22,5,4,1,47103.43,0,13-24 months,2943.9644999999996,3,4,High,Medium
CUST04681,Female,22,60,One Year,1878.58,Cash,DSL,3,0,201.64,19,10,2,0,101443.32,0,49-72 months,1690.722,3,0,Medium,Low
CUST04682,Male,35,12,Monthly,3500.71,Bank Transfer,Fiber,4,1,354.87,26,15,6,1,35707.24,1,0-12 months,2975.6035,5,2,High,Medium
CUST04683,Male,59,3,Monthly,2929.91,UPI,Fiber,0,0,192.02,15,10,10,1,7910.76,0,0-12 months,2636.919,0,1,Medium,High
CUST04684,Female,36,63,One Year,2266.65,UPI,Fiber,1,0,366.98,19,10,3,1,128519.06,0,49-72 months,2039.9850000000001,1,1,Medium,Low
CUST04685,Female,29,64,Monthly,1318.2,Cash,Fiber,5,0,90.93,25,5,8,2,80146.56,0,49-72 months,1252.29,5,2,High,High
CUST04686,Male,35,62,Monthly,3205.63,UPI,Fiber,1,1,418.76,7,5,2,0,188811.61,0,49-72 months,3045.3485,2,1,Low,Low
CUST04687,Male,34,6,Monthly,4231.54,Cash,DSL,0,1,491.66,30,5,3,1,24119.78,1,0-12 months,4019.9629999999997,1,2,High,Low
CUST04688,Male,47,19,Two Year,3200.02,Credit Card,Fiber,1,0,384.06,24,10,9,2,54720.34,0,13-24 months,2880.018,1,2,High,High
CUST04689,Male,41,18,Two Year,3247.35,Bank Transfer,DSL,4,0,182.77,1,5,2,1,55529.68,0,13-24 months,3084.9824999999996,4,1,Low,Low
CUST04690,Female,28,43,One Year,2803.27,Cash,DSL,0,1,279.83,24,10,10,1,108486.55,1,25-48 months,2522.943,1,2,High,High
CUST04691,Male,52,3,One Year,2247.08,Bank Transfer,Fiber,2,1,336.45,16,0,1,1,6741.24,1,0-12 months,2247.08,3,2,Medium,Low
CUST04692,Male,40,72,Monthly,2558.56,Credit Card,Fiber,5,0,100.47,8,5,3,1,175005.5,0,49-72 months,2430.632,5,1,Low,Low
CUST04693,Male,34,38,One Year,4952.94,Bank Transfer,Fiber,1,1,145.04,12,0,10,0,188211.72,0,25-48 months,4952.94,2,1,Medium,High
CUST04694,Female,18,68,Two Year,3873.51,Cash,DSL,0,0,401.88,28,10,6,0,237058.81,0,49-72 months,3486.159,0,0,High,Medium
CUST04695,Female,32,44,Monthly,2437.52,UPI,Fiber,4,1,472.92,30,10,8,0,96525.79,0,25-48 months,2193.768,5,1,High,High
CUST04696,Male,49,63,Monthly,2557.83,Bank Transfer,DSL,2,1,139.78,24,10,10,1,145028.96,0,49-72 months,2302.047,3,2,High,High
CUST04697,Male,26,42,Two Year,2748.34,Bank Transfer,DSL,3,0,78.05,6,20,5,0,92344.22,0,25-48 months,2198.672,3,0,Low,Medium
CUST04698,Male,32,64,One Year,3466.91,Credit Card,DSL,2,1,490.9,10,15,2,2,188599.9,0,49-72 months,2946.8734999999997,3,3,Low,Low
CUST04699,Female,45,54,Monthly,2596.81,Unknown,Fiber,1,0,163.38,14,0,8,1,140227.74,0,49-72 months,2596.81,1,1,Medium,High
CUST04700,Female,41,71,Two Year,3587.81,UPI,DSL,1,0,390.35,5,0,2,2,254734.51,0,49-72 months,3587.81,1,2,Low,Low
CUST04701,Female,52,37,Monthly,1981.35,Cash,Fiber,1,2,192.61,4,0,4,1,73309.95,0,25-48 months,1981.35,3,3,Low,Medium
CUST04702,Male,39,4,Monthly,2347.88,Credit Card,Fiber,3,2,474.79,27,5,9,1,8921.94,1,0-12 months,2230.486,5,3,High,High
CUST04703,Female,44,2,One Year,4388.24,Cash,Fiber,3,1,301.77,25,15,7,1,7460.01,0,0-12 months,3730.004,4,2,High,Medium
CUST04704,Male,36,44,Monthly,1980.08,Cash,DSL,5,1,210.48,23,0,3,0,87123.52,1,25-48 months,1980.08,6,1,High,Low
CUST04705,Male,62,67,One Year,4839.97,Bank Transfer,Unknown,2,2,93.27,28,5,1,3,308064.09,0,49-72 months,4597.9715,4,5,High,Low
CUST04706,Male,29,68,Monthly,1276.27,Credit Card,Fiber,2,0,131.51,14,10,6,2,78107.72,0,49-72 months,1148.643,2,2,Medium,Medium
CUST04707,Female,37,62,Monthly,1587.56,Credit Card,Unknown,4,0,429.2,17,5,9,0,93507.28,0,49-72 months,1508.1819999999998,4,0,Medium,High
CUST04708,Male,18,1,Monthly,2586.56,UPI,Fiber,1,1,33.19,27,10,4,3,2327.9,0,0-12 months,2327.904,2,4,High,Medium
CUST04709,Female,38,17,One Year,4088.34,Unknown,DSL,1,1,82.64,1,15,7,0,59076.51,0,13-24 months,3475.089,2,1,Low,Medium
CUST04710,Female,66,16,Monthly,3792.09,Cash,Fiber,2,0,100.35,17,0,3,0,60673.44,1,13-24 months,3792.09,2,0,Medium,Low
CUST04711,Male,62,9,Two Year,1285.1,UPI,Fiber,2,0,39.99,20,10,1,0,10409.31,0,0-12 months,1156.59,2,0,Medium,Low
CUST04712,Male,18,53,One Year,1565.08,UPI,DSL,1,1,344.39,9,5,5,1,78801.78,0,49-72 months,1486.8259999999998,2,2,Low,Medium
CUST04713,Female,27,59,Monthly,3088.68,Cash,DSL,2,1,490.73,16,15,1,1,154897.3,1,49-72 months,2625.3779999999997,3,2,Medium,Low
CUST04714,Male,64,9,Monthly,1828.24,Bank Transfer,Fiber,2,2,73.9,3,0,2,1,16454.16,1,0-12 months,1828.24,4,3,Low,Low
CUST04715,Female,49,12,Two Year,2400.46,Bank Transfer,DSL,3,1,400.47,10,15,7,0,24484.69,0,0-12 months,2040.391,4,1,Low,Medium
CUST04716,Male,56,41,Monthly,2689.67,Cash,Fiber,1,0,92.37,17,0,1,2,110276.47,1,25-48 months,2689.67,1,2,Medium,Low
CUST04717,Female,39,15,Monthly,3174.11,Credit Card,Fiber,3,0,487.02,16,5,6,0,45231.07,0,13-24 months,3015.4045,3,0,Medium,Medium
CUST04718,Female,35,66,Monthly,1629.73,Debit Card,Fiber,2,0,255.99,30,0,7,1,107562.18,0,49-72 months,1629.73,2,1,High,Medium
CUST04719,Female,65,11,Monthly,1234.13,Bank Transfer,Unknown,2,1,424.52,1,0,4,0,13575.43,0,0-12 months,1234.13,3,1,Low,Medium
CUST04720,Female,63,8,Monthly,2293.54,Debit Card,Unknown,1,2,89.43,19,5,4,1,17430.9,0,0-12 months,2178.863,3,3,Medium,Medium
CUST04721,Male,49,55,One Year,869.12,UPI,Fiber,4,0,443.2,29,10,2,0,43021.44,0,49-72 months,782.208,4,0,High,Low
CUST04722,Male,44,6,Two Year,2870.44,UPI,DSL,1,0,45.41,15,10,5,1,15500.38,0,0-12 months,2583.396,1,1,Medium,Medium
CUST04723,Female,45,53,Monthly,4278.22,Cash,DSL,3,1,16.33,27,20,7,1,181396.53,1,49-72 months,3422.5760000000005,4,2,High,Medium
CUST04724,Female,35,20,Two Year,1035.39,Cash,Unknown,4,0,355.94,7,0,4,2,20707.8,0,13-24 months,1035.39,4,2,Low,Medium
CUST04725,Male,56,39,Two Year,1007.29,Cash,Unknown,1,2,57.73,8,10,8,1,35355.88,0,25-48 months,906.561,3,3,Low,High
CUST04726,Male,66,72,Two Year,860.98,Bank Transfer,DSL,4,1,433.57,4,0,8,0,61990.56,0,49-72 months,860.98,5,1,Low,High
CUST04727,Male,46,34,Two Year,4315.38,Debit Card,Fiber,3,1,312.53,12,5,7,1,139386.77,1,25-48 months,4099.611,4,2,Medium,Medium
CUST04728,Male,35,57,Two Year,863.17,UPI,Fiber,2,4,168.84,2,0,3,3,49200.69,0,49-72 months,863.17,6,7,Low,Low
CUST04729,Male,61,19,One Year,4925.58,Debit Card,DSL,3,1,142.25,7,0,10,0,93586.02,0,13-24 months,4925.58,4,1,Low,High
CUST04730,Male,25,71,Monthly,2112.49,Bank Transfer,Unknown,2,1,45.55,25,5,9,1,142487.45,0,49-72 months,2006.8654999999997,3,2,High,High
CUST04731,Female,48,31,Monthly,1979.43,Debit Card,Fiber,3,2,344.92,26,0,8,0,61362.33,0,25-48 months,1979.43,5,2,High,High
CUST04732,Male,51,40,Two Year,912.34,Debit Card,DSL,2,2,458.93,6,5,10,2,34668.92,0,25-48 months,866.723,4,4,Low,High
CUST04733,Male,24,14,Monthly,3135.39,Cash,DSL,1,0,379.6,30,15,1,1,37311.14,1,13-24 months,2665.0815,1,1,High,Low
CUST04734,Female,53,37,Monthly,3136.47,Debit Card,Fiber,1,1,311.6,2,0,9,0,116049.39,0,25-48 months,3136.47,2,1,Low,High
CUST04735,Male,35,44,Monthly,2722.13,Debit Card,DSL,5,1,63.76,25,20,7,1,95818.98,0,25-48 months,2177.704,6,2,High,Medium
CUST04736,Male,55,9,Two Year,1899.59,Debit Card,Fiber,2,2,414.68,7,0,10,1,17096.31,0,0-12 months,1899.59,4,3,Low,High
CUST04737,Male,26,58,One Year,2158.61,Credit Card,DSL,3,2,482.87,25,15,10,0,106419.47,0,49-72 months,1834.8185,5,2,High,High
CUST04738,Male,26,20,Monthly,1942.27,UPI,DSL,2,2,135.09,27,5,4,3,36903.13,1,13-24 months,1845.1564999999998,4,5,High,Medium
CUST04739,Male,63,50,Monthly,2417.66,UPI,Unknown,2,0,213.08,2,15,5,1,102750.55,0,49-72 months,2055.011,2,1,Low,Medium
CUST04740,Female,25,20,One Year,2038.05,Debit Card,Unknown,0,1,11.96,26,5,7,0,38722.95,0,13-24 months,1936.1474999999998,1,1,High,Medium
CUST04741,Male,68,36,Monthly,3539.83,Cash,Fiber,1,2,416.79,4,10,8,1,114690.49,0,25-48 months,3185.847,3,3,Low,High
CUST04742,Female,52,27,One Year,1831.04,Cash,Fiber,1,3,15.27,16,5,4,0,46966.18,1,25-48 months,1739.4879999999998,4,3,Medium,Medium
CUST04743,Female,35,72,Monthly,2078.77,Cash,DSL,2,1,245.82,6,10,7,1,134704.3,0,49-72 months,1870.893,3,2,Low,Medium
CUST04744,Male,22,32,Two Year,2459.57,UPI,DSL,2,3,290.35,10,0,6,0,78706.24,0,25-48 months,2459.57,5,3,Low,Medium
CUST04745,Female,31,1,Monthly,517.83,Bank Transfer,DSL,3,1,32.49,23,5,9,1,491.94,0,0-12 months,491.93850000000003,4,2,High,High
CUST04746,Male,45,17,One Year,2714.37,Debit Card,Fiber,3,1,91.96,14,0,4,0,46144.29,0,13-24 months,2714.37,4,1,Medium,Medium
CUST04747,Female,47,9,One Year,1651.19,UPI,DSL,2,1,396.46,3,20,4,1,11888.57,0,0-12 months,1320.9520000000002,3,2,Low,Medium
CUST04748,Female,21,45,Monthly,752.68,Cash,Fiber,2,0,130.0,14,15,3,1,28790.01,0,25-48 months,639.7779999999999,2,1,Medium,Low
CUST04749,Male,56,66,Monthly,4599.6,UPI,Fiber,3,0,363.74,29,0,8,2,303573.6,0,49-72 months,4599.6,3,2,High,High
CUST04750,Male,37,32,Monthly,1950.88,UPI,Fiber,1,0,375.85,26,0,8,1,72487.86,0,25-48 months,1950.88,1,1,High,High
CUST04751,Male,42,45,Two Year,2417.38,UPI,Unknown,6,0,206.62,11,10,4,4,97903.89,0,25-48 months,2175.6420000000003,6,4,Medium,Medium
CUST04752,Male,45,9,Monthly,4223.04,Cash,DSL,2,1,36.56,11,0,3,0,38007.36,0,0-12 months,4223.04,3,1,Medium,Low
CUST04753,Male,29,30,One Year,1250.55,Bank Transfer,Unknown,2,1,10.35,21,0,6,2,37516.5,0,25-48 months,1250.55,3,3,High,Medium
CUST04754,Female,19,38,Two Year,4326.39,Credit Card,DSL,1,2,248.79,11,5,9,0,156182.68,0,25-48 months,4110.0705,3,2,Medium,High
CUST04755,Female,60,60,Two Year,1587.37,Debit Card,Unknown,2,1,40.37,4,0,8,0,95242.2,0,49-72 months,1587.37,3,1,Low,High
CUST04756,Female,31,1,One Year,3150.67,Debit Card,DSL,2,3,364.6,5,5,7,0,2993.14,1,0-12 months,2993.1365,5,3,Low,Medium
CUST04757,Female,39,5,One Year,3585.55,UPI,Fiber,4,1,193.51,6,0,7,2,17927.75,0,0-12 months,3585.55,5,3,Low,Medium
CUST04758,Female,48,63,Two Year,4572.56,Bank Transfer,DSL,2,2,343.23,22,15,5,0,244860.59,0,49-72 months,3886.6760000000004,4,2,High,Medium
CUST04759,Female,40,36,Two Year,3234.37,Cash,Fiber,2,3,207.04,14,0,2,1,116437.32,0,25-48 months,3234.37,5,4,Medium,Low
CUST04760,Female,65,65,Two Year,2539.54,Credit Card,DSL,6,0,316.03,7,5,9,1,156816.6,0,49-72 months,2412.5629999999996,6,1,Low,High
CUST04761,Male,37,24,One Year,3075.21,Credit Card,DSL,3,0,417.34,6,5,3,0,70114.79,0,13-24 months,2921.4494999999997,3,0,Low,Low
CUST04762,Male,55,4,Monthly,1409.37,UPI,Fiber,3,0,442.8,14,0,9,1,5637.48,1,0-12 months,1409.37,3,1,Medium,High
CUST04763,Female,21,68,Monthly,3600.83,UPI,Fiber,2,0,13.36,22,0,10,0,244856.44,0,49-72 months,3600.83,2,0,High,High
CUST04764,Female,32,25,Monthly,1340.96,Cash,Fiber,2,2,324.53,16,0,2,0,33524.0,0,25-48 months,1340.96,4,2,Medium,Low
CUST04765,Male,41,7,Two Year,3007.61,Cash,Unknown,2,2,284.25,4,0,1,0,21053.27,1,0-12 months,3007.61,4,2,Low,Low
CUST04766,Male,42,13,Two Year,3414.22,Cash,Fiber,1,0,320.33,18,0,10,1,44384.86,0,13-24 months,3414.22,1,1,Medium,High
CUST04767,Male,18,68,Monthly,4543.62,UPI,DSL,1,0,33.76,26,10,7,2,278069.54,0,49-72 months,4089.258,1,2,High,Medium
CUST04768,Male,24,43,Monthly,2525.85,Bank Transfer,Fiber,2,0,39.6,7,5,1,1,103180.97,0,25-48 months,2399.5575,2,1,Low,Low
CUST04769,Female,48,57,Monthly,3989.0,UPI,Fiber,1,3,251.01,23,0,8,1,227373.0,0,49-72 months,3989.0,4,4,High,High
CUST04770,Male,29,36,Monthly,1253.89,UPI,DSL,2,2,33.27,27,0,3,1,45140.04,0,25-48 months,1253.89,4,3,High,Low
CUST04771,Female,59,14,One Year,1202.88,Credit Card,DSL,3,1,389.32,19,5,3,1,15998.3,0,13-24 months,1142.736,4,2,Medium,Low
CUST04772,Female,22,72,Monthly,2861.59,Cash,DSL,4,3,387.38,14,5,9,1,195732.76,0,49-72 months,2718.5105,7,4,Medium,High
CUST04773,Female,61,27,Monthly,3183.53,Debit Card,DSL,3,3,63.08,15,0,1,0,85955.31,1,25-48 months,3183.53,6,3,Medium,Low
CUST04774,Male,67,37,Monthly,3345.53,Cash,DSL,2,1,230.25,21,0,7,2,123784.61,0,25-48 months,3345.53,3,3,High,Medium
CUST04775,Male,59,71,Monthly,3855.53,Bank Transfer,Fiber,0,3,299.52,6,0,2,1,273742.63,0,49-72 months,3855.53,3,4,Low,Low
CUST04776,Female,55,25,Two Year,1827.19,Bank Transfer,Fiber,0,0,430.43,10,15,3,2,38827.79,0,25-48 months,1553.1115,0,2,Low,Low
CUST04777,Female,29,67,Monthly,3301.73,Cash,Fiber,4,1,494.27,25,0,10,1,221215.91,0,49-72 months,3301.73,5,2,High,High
CUST04778,Female,56,4,Two Year,1346.63,Cash,Fiber,3,0,13.52,3,0,8,0,72487.86,0,0-12 months,1346.63,3,0,Low,High
CUST04779,Male,35,16,Monthly,1485.49,UPI,Unknown,1,1,240.79,13,5,3,1,22579.45,1,13-24 months,1411.2155,2,2,Medium,Low
CUST04780,Female,19,19,Monthly,802.89,Debit Card,DSL,0,2,402.63,19,15,2,3,12966.67,0,13-24 months,682.4565,2,5,Medium,Low
CUST04781,Male,27,29,One Year,3861.5,UPI,Fiber,1,1,398.95,21,5,7,2,106384.32,1,25-48 months,3668.4249999999997,2,3,High,Medium
CUST04782,Female,32,51,One Year,2781.47,Credit Card,Unknown,4,1,273.21,18,0,3,1,141854.97,0,49-72 months,2781.47,5,2,Medium,Low
CUST04783,Female,47,18,One Year,1571.84,Credit Card,Unknown,2,2,95.22,3,0,8,1,28293.12,0,13-24 months,1571.84,4,3,Low,High
CUST04784,Female,61,58,Monthly,3003.07,Bank Transfer,Fiber,2,2,281.75,22,15,4,0,148051.35,1,49-72 months,2552.6095,4,2,High,Medium
CUST04785,Male,34,44,Monthly,2094.08,Bank Transfer,Unknown,1,0,198.82,3,15,6,0,78318.59,0,25-48 months,1779.9679999999998,1,0,Low,Medium
CUST04786,Male,21,16,One Year,4267.44,Debit Card,Fiber,2,1,207.51,17,10,8,1,61451.14,0,13-24 months,3840.696,3,2,Medium,High
CUST04787,Female,24,65,Monthly,2876.67,Bank Transfer,Unknown,0,0,167.69,23,5,4,2,177634.37,0,49-72 months,2732.8365,0,2,High,Medium
CUST04788,Male,58,2,Monthly,634.15,Credit Card,Fiber,0,3,76.52,7,5,5,0,1204.88,0,0-12 months,602.4425,3,3,Low,Medium
CUST04789,Female,48,56,One Year,4932.93,Debit Card,DSL,2,1,370.43,2,0,3,0,276244.08,0,49-72 months,4932.93,3,1,Low,Low
CUST04790,Male,68,28,Monthly,834.34,Credit Card,Fiber,0,0,355.7,5,5,4,1,22193.44,0,25-48 months,792.623,0,1,Low,Medium
CUST04791,Male,56,65,Monthly,3631.81,Cash,Unknown,2,1,273.7,9,10,10,2,212460.88,0,49-72 months,3268.629,3,3,Low,High
CUST04792,Male,51,5,Monthly,2467.65,Cash,Fiber,6,2,180.62,29,5,8,1,11721.34,0,0-12 months,2344.2675,8,3,High,High
CUST04793,Female,23,22,Two Year,1621.93,Debit Card,Fiber,1,1,412.23,3,0,7,0,35682.46,0,13-24 months,1621.93,2,1,Low,Medium
CUST04794,Male,67,13,Monthly,3544.06,UPI,DSL,2,1,84.15,8,15,6,0,39161.86,1,13-24 months,3012.451,3,1,Low,Medium
CUST04795,Male,55,65,Two Year,1066.54,Bank Transfer,DSL,1,2,220.11,4,5,5,2,65858.84,0,49-72 months,1013.213,3,4,Low,Medium
CUST04796,Female,62,16,Monthly,4362.11,Debit Card,DSL,1,2,328.49,3,15,9,2,59324.7,1,13-24 months,3707.7934999999998,3,4,Low,High
CUST04797,Female,68,64,One Year,1627.75,Bank Transfer,DSL,4,1,411.64,18,5,4,1,98967.2,0,49-72 months,1546.3625,5,2,Medium,Medium
CUST04798,Female,51,32,Monthly,2126.54,Credit Card,DSL,2,0,326.56,30,0,3,4,68049.28,1,25-48 months,2126.54,2,4,High,Low
CUST04799,Female,61,51,Monthly,3346.9,UPI,Fiber,2,2,63.26,15,10,6,0,153622.71,0,49-72 months,3012.21,4,2,Medium,Medium
CUST04800,Male,32,58,Two Year,504.63,Unknown,Fiber,3,1,55.14,29,15,2,0,24878.26,0,49-72 months,428.9355,4,1,High,Low
CUST04801,Male,31,46,Two Year,2627.37,Cash,Fiber,2,2,29.96,25,0,9,0,120859.02,0,25-48 months,2627.37,4,2,High,High
CUST04802,Male,23,52,One Year,4524.12,Cash,Unknown,1,0,282.19,11,5,6,3,223491.53,0,49-72 months,4297.914,1,3,Medium,Medium
CUST04803,Male,67,63,Two Year,3561.87,Credit Card,Fiber,6,2,125.26,5,15,3,1,190738.14,0,49-72 months,3027.5895,8,3,Low,Low
CUST04804,Male,54,60,Monthly,2245.55,Debit Card,Fiber,3,3,83.97,25,0,2,0,134733.0,0,49-72 months,2245.55,6,3,High,Low
CUST04805,Female,67,65,Monthly,3471.91,Bank Transfer,DSL,1,2,47.06,16,0,9,1,225674.15,0,49-72 months,3471.91,3,3,Medium,High
CUST04806,Male,49,55,Monthly,4714.56,Credit Card,Fiber,2,0,322.68,24,5,10,2,246335.76,0,49-72 months,4478.832,2,2,High,High
CUST04807,Male,20,57,Two Year,1345.12,Cash,Fiber,2,1,377.94,19,5,3,1,72838.25,1,49-72 months,1277.8639999999998,3,2,Medium,Low
CUST04808,Male,20,71,Monthly,2893.14,Cash,DSL,0,0,429.59,4,5,6,2,195142.29,0,49-72 months,2748.4829999999997,0,2,Low,Medium
CUST04809,Female,39,26,Two Year,1556.32,Cash,Fiber,2,4,299.73,28,5,9,0,72487.86,0,25-48 months,1478.504,6,4,High,High
CUST04810,Female,39,12,Monthly,4344.01,UPI,DSL,5,2,180.35,22,15,3,3,44308.9,1,0-12 months,3692.4085,7,5,High,Low
CUST04811,Male,27,71,One Year,3744.73,UPI,Fiber,2,1,237.85,11,0,9,0,265875.83,0,49-72 months,3744.73,3,1,Medium,High
CUST04812,Female,68,46,Monthly,4104.84,Cash,Fiber,1,2,319.89,26,0,2,4,188822.64,0,25-48 months,4104.84,3,6,High,Low
CUST04813,Female,20,47,Monthly,4743.55,Debit Card,Unknown,0,1,357.94,12,0,4,1,222946.85,0,25-48 months,4743.55,1,2,Medium,Medium
CUST04814,Female,29,38,One Year,1545.39,UPI,Fiber,3,2,324.2,5,10,10,1,52852.34,0,25-48 months,1390.851,5,3,Low,High
CUST04815,Female,46,21,Monthly,719.24,Bank Transfer,Fiber,2,0,481.14,10,0,3,0,15104.04,0,13-24 months,719.24,2,0,Low,Low
CUST04816,Female,65,14,Two Year,1809.07,UPI,Unknown,2,0,376.35,10,0,7,0,25326.98,0,13-24 months,1809.07,2,0,Low,Medium
CUST04817,Female,34,2,One Year,2296.13,Bank Transfer,Fiber,1,0,376.56,19,15,4,0,3903.42,0,0-12 months,1951.7105000000001,1,0,Medium,Medium
CUST04818,Female,24,72,One Year,3313.22,UPI,Fiber,2,0,410.8,5,0,4,0,238551.84,0,49-72 months,3313.22,2,0,Low,Medium
CUST04819,Male,30,70,Two Year,4089.67,Cash,Fiber,3,1,232.89,5,5,1,2,271963.06,0,49-72 months,3885.1865,4,3,Low,Low
CUST04820,Male,19,33,One Year,2074.11,Bank Transfer,DSL,1,0,135.65,25,5,10,1,65023.35,0,25-48 months,1970.4045,1,1,High,High
CUST04821,Female,21,6,One Year,2630.74,Debit Card,Fiber,2,0,409.04,4,0,3,1,15784.44,1,0-12 months,2630.74,2,1,Low,Low
CUST04822,Male,27,37,Monthly,4034.6,UPI,DSL,1,1,234.77,24,0,5,1,149280.2,0,25-48 months,4034.6,2,2,High,Medium
CUST04823,Male,56,14,Monthly,1513.98,UPI,Fiber,2,1,305.55,4,20,5,1,16956.58,1,13-24 months,1211.184,3,2,Low,Medium
CUST04824,Female,41,37,One Year,1477.09,Cash,Fiber,2,3,217.65,26,20,4,1,43721.86,1,25-48 months,1181.672,5,4,High,Medium
CUST04825,Male,34,8,Two Year,3151.55,Bank Transfer,DSL,1,0,201.05,2,15,7,1,21430.54,0,0-12 months,2678.8175,1,1,Low,Medium
CUST04826,Female,69,13,Monthly,2462.26,Cash,Fiber,2,0,337.27,3,5,10,2,30408.91,0,13-24 months,2339.147,2,2,Low,High
CUST04827,Female,23,40,Monthly,4770.04,Bank Transfer,Fiber,1,1,334.35,29,5,10,1,181261.52,0,25-48 months,4531.538,2,2,High,High
CUST04828,Female,36,58,One Year,2106.64,UPI,DSL,1,1,157.97,4,15,4,1,103857.35,0,49-72 months,1790.6439999999998,2,2,Low,Medium
CUST04829,Male,22,18,Monthly,3918.0,UPI,Unknown,0,2,98.55,8,10,7,1,63471.6,1,13-24 months,3526.2000000000003,2,3,Low,Medium
CUST04830,Male,49,57,One Year,3123.92,UPI,Fiber,1,0,70.01,9,15,6,1,151353.92,0,49-72 months,2655.332,1,1,Low,Medium
CUST04831,Male,27,38,One Year,745.59,UPI,Fiber,0,0,61.32,28,0,6,0,28332.42,0,25-48 months,745.59,0,0,High,Medium
CUST04832,Male,26,32,Monthly,879.73,Credit Card,Fiber,1,0,409.76,28,10,5,2,25336.22,1,25-48 months,791.7570000000001,1,2,High,Medium
CUST04833,Female,44,66,Two Year,1414.2,UPI,DSL,2,0,146.64,22,5,8,3,88670.34,0,49-72 months,1343.49,2,3,High,High
CUST04834,Female,30,25,Monthly,1144.19,UPI,Unknown,2,0,340.88,30,20,9,2,22883.8,0,25-48 months,915.3520000000001,2,2,High,High
CUST04835,Male,36,58,One Year,1982.17,Bank Transfer,Unknown,2,5,147.28,8,15,9,1,97720.98,0,49-72 months,1684.8445,7,6,Low,High
CUST04836,Female,38,33,Monthly,3105.45,UPI,Fiber,0,0,335.04,12,0,6,0,102479.85,0,25-48 months,3105.45,0,0,Medium,Medium
CUST04837,Female,41,66,Monthly,3210.63,UPI,Fiber,1,0,492.15,10,0,5,3,211901.58,0,49-72 months,3210.63,1,3,Low,Medium
CUST04838,Male,55,30,Two Year,3144.96,Bank Transfer,Fiber,1,2,37.65,5,5,1,2,89631.36,0,25-48 months,2987.712,3,4,Low,Low
CUST04839,Female,21,34,Monthly,1029.24,UPI,Fiber,4,1,328.61,5,5,3,0,33244.45,0,25-48 months,977.7779999999999,5,1,Low,Low
CUST04840,Male,41,69,Monthly,3201.01,UPI,DSL,3,2,144.88,24,10,8,1,198782.72,0,49-72 months,2880.909,5,3,High,High
CUST04841,Female,52,48,Monthly,2343.86,Cash,Fiber,4,2,46.03,15,0,1,1,112505.28,0,25-48 months,2343.86,6,3,Medium,Low
CUST04842,Male,20,40,Monthly,4563.74,Credit Card,DSL,2,1,44.09,20,15,1,1,155167.16,1,25-48 months,3879.1789999999996,3,2,Medium,Low
CUST04843,Female,21,51,Monthly,4603.93,Bank Transfer,Unknown,4,1,188.97,29,5,8,1,223060.41,0,49-72 months,4373.7335,5,2,High,High
CUST04844,Female,54,13,Monthly,3956.78,Cash,Fiber,2,2,272.6,3,15,7,4,43722.42,0,13-24 months,3363.263,4,6,Low,Medium
CUST04845,Male,57,31,Two Year,3663.98,Debit Card,DSL,1,1,325.41,26,15,2,0,96545.87,0,25-48 months,3114.383,2,1,High,Low
CUST04846,Male,65,39,One Year,1017.29,Debit Card,Fiber,3,1,285.93,2,20,6,0,31739.45,0,25-48 months,813.832,4,1,Low,Medium
CUST04847,Male,52,63,Monthly,881.12,Credit Card,Fiber,1,1,449.49,15,10,9,1,49959.5,0,49-72 months,793.008,2,2,Medium,High
CUST04848,Male,48,48,One Year,4283.75,Debit Card,Fiber,2,2,81.0,13,10,8,1,185058.0,0,25-48 months,3855.375,4,3,Medium,High
CUST04849,Female,61,48,Monthly,2421.57,Credit Card,Fiber,1,1,415.36,28,15,6,0,98800.06,0,25-48 months,2058.3345,2,1,High,Medium
CUST04850,Female,42,61,Monthly,2531.13,Debit Card,Fiber,2,1,266.47,24,5,2,0,146678.98,0,49-72 months,2404.5735,3,1,High,Low
CUST04851,Male,57,12,Monthly,4315.07,Debit Card,DSL,2,0,430.98,12,5,3,1,49191.8,0,0-12 months,4099.3165,2,1,Medium,Low
CUST04852,Female,30,56,Monthly,3296.44,Cash,DSL,1,2,216.2,14,15,3,2,156910.54,1,49-72 months,2801.974,3,4,Medium,Low
CUST04853,Male,21,18,Two Year,1307.33,Debit Card,Fiber,0,1,243.49,12,0,9,0,23531.94,0,13-24 months,1307.33,1,1,Medium,High
CUST04854,Male,63,27,Monthly,1449.56,Credit Card,Unknown,2,1,214.05,15,20,9,1,31310.5,0,25-48 months,1159.648,3,2,Medium,High
CUST04855,Female,31,28,Two Year,528.7,UPI,DSL,3,1,52.75,21,5,5,1,14063.42,0,25-48 months,502.26500000000004,4,2,High,Medium
CUST04856,Female,30,52,Monthly,3698.02,UPI,DSL,1,2,76.78,28,0,5,2,192297.04,0,49-72 months,3698.02,3,4,High,Medium
CUST04857,Male,44,16,Monthly,2685.25,UPI,Fiber,4,4,261.18,22,5,8,0,40815.8,0,13-24 months,2550.9874999999997,8,4,High,High
CUST04858,Male,23,58,One Year,4774.84,Credit Card,Fiber,2,1,268.94,30,10,3,2,249246.65,0,49-72 months,4297.356000000001,3,3,High,Low
CUST04859,Male,34,9,One Year,3713.06,Credit Card,DSL,2,2,236.56,29,0,9,1,33417.54,0,0-12 months,3713.06,4,3,High,High
CUST04860,Female,53,26,Monthly,964.19,UPI,Unknown,2,2,11.36,25,10,5,2,22562.05,0,25-48 months,867.7710000000001,4,4,High,Medium
CUST04861,Female,57,28,Monthly,1226.94,Debit Card,Fiber,2,1,255.26,30,15,9,3,29201.17,0,25-48 months,1042.8990000000001,3,4,High,High
CUST04862,Female,66,36,Monthly,2757.76,UPI,DSL,3,2,71.19,13,20,10,0,79423.49,0,25-48 months,2206.208,5,2,Medium,High
CUST04863,Female,52,9,Two Year,4661.93,Bank Transfer,Fiber,0,1,285.35,3,5,9,1,39859.5,1,0-12 months,4428.8335,1,2,Low,High
CUST04864,Male,34,47,Monthly,1612.63,Credit Card,DSL,4,1,147.7,15,0,4,1,75793.61,0,25-48 months,1612.63,5,2,Medium,Medium
CUST04865,Male,58,51,Monthly,4215.11,Bank Transfer,Unknown,3,2,495.79,20,5,2,0,204222.08,0,49-72 months,4004.3544999999995,5,2,Medium,Low
CUST04866,Male,19,57,Two Year,1905.23,Bank Transfer,DSL,2,1,182.83,28,0,7,2,108598.11,0,49-72 months,1905.23,3,3,High,Medium
CUST04867,Male,30,32,Monthly,1714.54,Credit Card,DSL,4,1,411.3,18,15,1,1,46635.49,1,25-48 months,1457.359,5,2,Medium,Low
CUST04868,Male,69,67,Monthly,4556.27,UPI,Fiber,2,1,126.57,6,10,7,0,274743.08,0,49-72 months,4100.643000000001,3,1,Low,Medium
CUST04869,Male,19,57,Monthly,712.59,Cash,Fiber,0,0,98.8,15,0,1,0,40617.63,0,49-72 months,712.59,0,0,Medium,Low
CUST04870,Female,69,54,One Year,3473.33,Bank Transfer,Unknown,2,1,114.44,29,10,5,3,168803.84,0,49-72 months,3125.997,3,4,High,Medium
CUST04871,Female,45,16,Monthly,694.25,UPI,DSL,2,1,169.89,25,0,1,1,11108.0,1,13-24 months,694.25,3,2,High,Low
CUST04872,Male,60,62,Monthly,4103.44,Cash,DSL,0,0,425.19,12,0,8,2,254413.28,0,49-72 months,4103.44,0,2,Medium,High
CUST04873,Male,43,56,Two Year,4232.32,Bank Transfer,DSL,3,0,383.16,2,0,1,0,237009.92,0,49-72 months,4232.32,3,0,Low,Low
CUST04874,Female,39,23,Monthly,4520.1,UPI,Unknown,5,3,220.54,5,0,6,0,103962.3,1,13-24 months,4520.1,8,3,Low,Medium
CUST04875,Female,64,17,Monthly,1337.41,Bank Transfer,Fiber,0,2,98.1,26,5,1,1,21599.17,1,13-24 months,1270.5395,2,3,High,Low
CUST04876,Female,60,38,Monthly,1060.24,UPI,Unknown,2,0,29.11,17,20,2,1,32231.3,0,25-48 months,848.192,2,1,Medium,Low
CUST04877,Female,20,72,One Year,2765.91,Debit Card,Fiber,1,0,311.18,13,0,4,2,199145.52,0,49-72 months,2765.91,1,2,Medium,Medium
CUST04878,Male,52,30,Two Year,1722.35,Debit Card,Fiber,2,2,354.84,28,15,8,2,43919.92,0,25-48 months,1463.9975,4,4,High,High
CUST04879,Male,29,58,Monthly,3228.34,Credit Card,DSL,6,0,305.04,13,0,3,3,187243.72,0,49-72 months,3228.34,6,3,Medium,Low
CUST04880,Male,41,22,Monthly,2811.86,Cash,Unknown,3,1,253.12,4,0,8,1,61860.92,0,13-24 months,2811.86,4,2,Low,High
CUST04881,Male,22,17,Monthly,1151.83,Bank Transfer,Fiber,0,0,486.57,16,10,7,0,17623.0,0,13-24 months,1036.647,0,0,Medium,Medium
CUST04882,Male,37,15,Monthly,3826.72,Bank Transfer,Fiber,3,0,17.21,8,5,6,0,54530.76,0,13-24 months,3635.3839999999996,3,0,Low,Medium
CUST04883,Female,56,48,One Year,4117.03,UPI,DSL,1,0,494.26,3,0,10,0,197617.44,0,25-48 months,4117.03,1,0,Low,High
CUST04884,Male,56,32,Monthly,4833.69,Cash,Fiber,1,0,141.78,20,5,1,0,146944.18,0,25-48 months,4592.005499999999,1,0,Medium,Low
CUST04885,Female,30,40,Monthly,2279.92,Bank Transfer,Unknown,0,1,194.66,2,10,6,0,82077.12,0,25-48 months,2051.9280000000003,1,1,Low,Medium
CUST04886,Male,58,57,Monthly,2019.81,Cash,DSL,1,0,377.5,25,10,6,1,103616.25,0,49-72 months,1817.829,1,1,High,Medium
CUST04887,Male,70,58,Monthly,1365.18,Cash,DSL,1,1,117.42,21,0,10,0,79180.44,0,49-72 months,1365.18,2,1,High,High
CUST04888,Male,62,16,One Year,1313.89,Debit Card,Fiber,0,2,356.38,3,0,8,2,21022.24,0,13-24 months,1313.89,2,4,Low,High
CUST04889,Male,29,28,Monthly,1944.74,Bank Transfer,Fiber,0,3,169.61,11,0,6,2,54452.72,0,25-48 months,1944.74,3,5,Medium,Medium
CUST04890,Male,30,1,Two Year,4918.18,Bank Transfer,DSL,1,0,470.58,11,0,2,0,4918.18,1,0-12 months,4918.18,1,0,Medium,Low
CUST04891,Female,27,41,Monthly,915.16,Credit Card,Fiber,1,0,90.0,10,15,10,0,31893.33,0,25-48 months,777.886,1,0,Low,High
CUST04892,Female,50,48,Two Year,1667.15,Cash,DSL,1,1,466.23,28,0,3,2,80023.2,1,25-48 months,1667.15,2,3,High,Low
CUST04893,Female,57,31,Monthly,886.9,UPI,Fiber,5,2,396.58,23,10,2,3,24744.51,1,25-48 months,798.21,7,5,High,Low
CUST04894,Male,33,36,One Year,1731.34,Debit Card,Fiber,2,0,89.27,11,20,3,4,49862.59,0,25-48 months,1385.0720000000001,2,4,Medium,Low
CUST04895,Male,62,33,Monthly,915.81,Credit Card,Unknown,4,0,196.88,17,15,1,1,25688.47,0,25-48 months,778.4385,4,1,Medium,Low
CUST04896,Female,52,33,One Year,2787.39,Unknown,DSL,1,1,56.63,25,0,7,0,91983.87,0,25-48 months,2787.39,2,1,High,Medium
CUST04897,Male,20,23,Monthly,2472.6,UPI,Fiber,2,0,301.86,7,15,5,0,48339.33,0,13-24 months,2101.71,2,0,Low,Medium
CUST04898,Male,22,60,Monthly,1283.23,Credit Card,Unknown,1,0,480.46,29,20,9,1,61595.04,0,49-72 months,1026.584,1,1,High,High
CUST04899,Female,43,30,One Year,1286.64,Debit Card,DSL,2,1,44.22,1,10,7,0,34739.28,0,25-48 months,1157.976,3,1,Low,Medium
CUST04900,Male,28,45,One Year,3317.49,UPI,DSL,2,1,132.77,20,10,1,0,134358.34,1,25-48 months,2985.741,3,1,Medium,Low
CUST04901,Female,24,39,One Year,2242.05,Credit Card,Fiber,2,2,378.9,15,10,1,0,78695.96,1,25-48 months,2017.8450000000003,4,2,Medium,Low
CUST04902,Male,70,45,Monthly,752.88,UPI,Fiber,2,1,231.87,7,15,2,4,28797.66,1,25-48 months,639.948,3,5,Low,Low
CUST04903,Female,27,12,Monthly,4640.87,Credit Card,DSL,3,0,172.78,4,5,7,2,52905.92,0,0-12 months,4408.8265,3,2,Low,Medium
CUST04904,Male,59,32,One Year,2322.29,Bank Transfer,Fiber,3,1,302.59,23,0,7,1,74313.28,0,25-48 months,2322.29,4,2,High,Medium
CUST04905,Male,69,56,Monthly,3159.71,Bank Transfer,Fiber,1,1,150.52,3,20,9,2,141555.01,1,49-72 months,2527.768,2,3,Low,High
CUST04906,Female,51,24,Monthly,4484.35,Debit Card,Fiber,2,0,167.78,20,0,3,0,107624.4,0,13-24 months,4484.35,2,0,Medium,Low
CUST04907,Male,20,13,Monthly,2309.72,Cash,Fiber,3,0,404.03,28,10,3,1,27023.72,0,13-24 months,2078.748,3,1,High,Low
CUST04908,Male,25,20,Monthly,4192.97,Cash,DSL,1,0,198.83,3,5,8,1,79666.43,0,13-24 months,3983.3215,1,1,Low,High
CUST04909,Female,48,56,Monthly,4616.39,UPI,Fiber,4,0,351.78,29,10,6,1,232666.06,0,49-72 months,4154.751,4,1,High,Medium
CUST04910,Male,28,53,One Year,1283.3,Credit Card,Fiber,4,2,79.63,20,10,3,0,61213.41,1,49-72 months,1154.97,6,2,Medium,Low
CUST04911,Female,62,68,Two Year,4516.22,Bank Transfer,Unknown,2,1,202.42,28,0,8,1,307102.96,0,49-72 months,4516.22,3,2,High,High
CUST04912,Male,24,54,Monthly,1039.25,Cash,DSL,1,0,278.2,10,0,3,2,56119.5,1,49-72 months,1039.25,1,2,Low,Low
CUST04913,Male,62,34,Two Year,1738.07,Bank Transfer,Fiber,0,0,137.31,29,0,6,3,59094.38,0,25-48 months,1738.07,0,3,High,Medium
CUST04914,Male,19,28,One Year,2706.835,Unknown,DSL,1,0,213.69,3,15,1,2,98459.41,0,25-48 months,2300.80975,1,2,Low,Low
CUST04915,Male,23,50,Two Year,4553.08,UPI,Fiber,5,2,381.11,26,10,4,0,204888.6,1,49-72 months,4097.772,7,2,High,Medium
CUST04916,Female,58,2,Two Year,3578.62,Credit Card,Fiber,1,1,84.94,30,0,6,1,7157.24,0,0-12 months,3578.62,2,2,High,Medium
CUST04917,Male,49,26,One Year,971.72,Cash,DSL,3,0,252.87,26,5,5,0,24001.48,0,25-48 months,923.134,3,0,High,Medium
CUST04918,Female,37,51,Monthly,2853.47,UPI,DSL,2,2,134.58,5,5,4,2,138250.62,0,49-72 months,2710.7964999999995,4,4,Low,Medium
CUST04919,Male,51,47,Monthly,3076.85,UPI,Unknown,1,0,208.07,20,0,10,1,144611.95,0,25-48 months,3076.85,1,1,Medium,High
CUST04920,Male,67,26,Monthly,1768.37,Bank Transfer,DSL,4,1,190.82,19,15,1,0,39080.98,0,25-48 months,1503.1145,5,1,Medium,Low
CUST04921,Male,33,61,Two Year,4960.83,Debit Card,Unknown,2,1,329.39,21,10,4,2,272349.57,0,49-72 months,4464.747,3,3,High,Medium
CUST04922,Male,42,23,Two Year,2010.33,Cash,Unknown,2,1,384.75,10,5,1,2,43925.71,1,13-24 months,1909.8134999999997,3,3,Low,Low
CUST04923,Female,29,37,One Year,1446.15,Unknown,DSL,1,2,252.37,9,5,10,4,50832.17,0,25-48 months,1373.8425,3,6,Low,High
CUST04924,Female,24,41,Two Year,995.61,Credit Card,Unknown,4,0,87.46,11,5,4,0,38779.01,0,25-48 months,945.8294999999999,4,0,Medium,Medium
CUST04925,Female,56,52,Two Year,2203.26,Bank Transfer,DSL,5,1,434.97,1,5,3,0,108841.04,0,49-72 months,2093.097,6,1,Low,Low
CUST04926,Female,34,49,Monthly,3616.78,Credit Card,Fiber,2,1,97.17,30,10,7,1,159500.0,0,49-72 months,3255.1020000000003,3,2,High,Medium
CUST04927,Male,62,27,One Year,1541.38,UPI,Fiber,3,1,291.33,30,15,6,3,35374.67,0,25-48 months,1310.173,4,4,High,Medium
CUST04928,Female,28,6,Monthly,3962.95,Cash,Fiber,1,1,266.01,20,5,6,2,22588.81,0,0-12 months,3764.8025,2,3,Medium,Medium
CUST04929,Female,23,66,Monthly,2706.835,Credit Card,Unknown,0,3,146.9,13,0,10,1,73214.46,0,49-72 months,2706.835,3,4,Medium,High
CUST04930,Male,40,24,Monthly,2482.11,Cash,DSL,1,2,476.71,23,10,3,1,53613.58,1,13-24 months,2233.8990000000003,3,3,High,Low
CUST04931,Male,44,38,Monthly,3660.68,Credit Card,DSL,2,3,339.95,4,5,6,0,132150.55,0,25-48 months,3477.6459999999997,5,3,Low,Medium
CUST04932,Male,63,28,One Year,1108.89,Debit Card,Fiber,0,0,237.64,24,10,3,0,27944.03,0,25-48 months,998.0010000000001,0,0,High,Low
CUST04933,Male,23,28,Monthly,3190.29,Debit Card,Fiber,1,2,224.53,23,0,7,0,89328.12,0,25-48 months,3190.29,3,2,High,Medium
CUST04934,Female,55,66,Two Year,4095.29,Cash,Fiber,2,0,50.77,21,0,2,4,270289.14,0,49-72 months,4095.29,2,4,High,Low
CUST04935,Female,19,61,Monthly,3179.97,Debit Card,Unknown,3,1,391.44,10,0,9,2,193978.17,0,49-72 months,3179.97,4,3,Low,High
CUST04936,Male,39,46,Monthly,2801.59,Debit Card,Unknown,3,3,46.4,4,0,10,1,128873.14,1,25-48 months,2801.59,6,4,Low,High
CUST04937,Male,37,69,Two Year,4272.35,UPI,DSL,2,1,104.36,8,5,2,0,280052.54,0,49-72 months,4058.7325,3,1,Low,Low
CUST04938,Male,42,43,One Year,4934.39,Unknown,Fiber,1,2,86.42,17,0,1,0,212178.77,0,25-48 months,4934.39,3,2,Medium,Low
CUST04939,Female,32,59,Monthly,1315.91,Debit Card,Fiber,1,1,38.74,2,0,4,2,77638.69,0,49-72 months,1315.91,2,3,Low,Medium
CUST04940,Female,66,2,Monthly,3611.06,Cash,Fiber,3,0,415.64,21,20,8,0,5777.7,1,0-12 months,2888.848,3,0,High,High
CUST04941,Male,46,15,Monthly,862.96,UPI,Fiber,0,1,453.62,26,20,7,1,10355.52,0,13-24 months,690.368,1,2,High,Medium
CUST04942,Male,25,37,Two Year,692.78,Debit Card,DSL,1,0,314.63,7,10,6,2,23069.57,0,25-48 months,623.502,1,2,Low,Medium
CUST04943,Female,54,71,One Year,1763.69,Cash,Fiber,0,1,439.49,25,0,10,1,125221.99,0,49-72 months,1763.69,1,2,High,High
CUST04944,Male,66,20,Monthly,4869.14,Credit Card,DSL,3,2,339.16,3,15,7,1,82775.38,0,13-24 months,4138.769,5,3,Low,Medium
CUST04945,Male,69,35,Monthly,2706.835,Debit Card,DSL,2,2,344.08,21,10,4,1,94023.72,1,25-48 months,2436.1515,4,3,High,Medium
CUST04946,Female,50,34,Two Year,1707.22,Cash,Fiber,3,2,445.29,11,10,8,4,52240.93,0,25-48 months,1536.498,5,6,Medium,High
CUST04947,Male,39,31,One Year,1096.64,Cash,Fiber,2,1,50.5,18,15,4,1,28896.46,0,25-48 months,932.144,3,2,Medium,Medium
CUST04948,Female,67,19,Two Year,4640.83,Bank Transfer,Unknown,1,1,32.09,6,5,10,1,83766.98,0,13-24 months,4408.7885,2,2,Low,High
CUST04949,Male,64,68,Monthly,2130.65,Cash,Fiber,2,0,31.53,22,0,8,4,144884.2,0,49-72 months,2130.65,2,4,High,High
CUST04950,Male,22,24,Two Year,1880.14,Bank Transfer,DSL,4,0,211.86,20,20,5,0,36098.69,0,13-24 months,1504.112,4,0,Medium,Medium
CUST04951,Female,56,39,One Year,4360.84,Credit Card,Fiber,6,0,473.47,14,15,9,2,144561.85,0,25-48 months,3706.714,6,2,Medium,High
CUST04952,Female,35,54,One Year,3219.81,Credit Card,DSL,1,0,435.62,13,15,7,0,147789.28,0,49-72 months,2736.8385,1,0,Medium,Medium
CUST04953,Male,55,39,Monthly,1258.86,Unknown,Fiber,1,2,392.07,2,15,10,0,41731.21,0,25-48 months,1070.031,3,2,Low,High
CUST04954,Female,70,17,Two Year,2396.8,Bank Transfer,DSL,2,1,204.94,16,5,10,2,38708.32,0,13-24 months,2276.96,3,3,Medium,High
CUST04955,Male,54,19,One Year,4677.04,Cash,DSL,5,1,412.97,24,15,6,6,75534.2,1,13-24 months,3975.484,6,7,High,Medium
CUST04956,Male,47,48,Two Year,4555.42,UPI,Fiber,1,2,113.15,8,15,2,0,185861.14,0,25-48 months,3872.107,3,2,Low,Low
CUST04957,Female,68,35,Monthly,815.49,UPI,Fiber,0,2,294.75,15,5,6,0,27115.04,0,25-48 months,774.7155,2,2,Medium,Medium
CUST04958,Male,48,32,Monthly,1708.76,Credit Card,Unknown,2,1,374.23,13,10,1,1,49212.29,1,25-48 months,1537.884,3,2,Medium,Low
CUST04959,Male,27,47,Monthly,1195.43,Unknown,Fiber,3,1,50.76,1,5,2,0,53375.95,0,25-48 months,1135.6585,4,1,Low,Low
CUST04960,Female,32,47,Monthly,2902.15,Bank Transfer,DSL,3,1,437.7,2,0,5,1,136401.05,1,25-48 months,2902.15,4,2,Low,Medium
CUST04961,Female,59,64,Monthly,3874.92,Credit Card,DSL,3,1,365.02,4,5,7,1,72487.86,1,49-72 months,3681.174,4,2,Low,Medium
CUST04962,Male,65,46,Monthly,1829.94,UPI,Fiber,5,0,268.97,13,0,1,1,84177.24,1,25-48 months,1829.94,5,1,Medium,Low
CUST04963,Female,61,35,Monthly,3910.98,Debit Card,Fiber,0,1,35.89,30,5,2,2,130040.08,1,25-48 months,3715.431,1,3,High,Low
CUST04964,Female,35,17,Two Year,3509.22,UPI,Fiber,1,0,348.79,12,0,4,0,59656.74,0,13-24 months,3509.22,1,0,Medium,Medium
CUST04965,Female,40,42,Monthly,3777.0,Debit Card,DSL,3,1,226.39,12,5,9,1,150702.3,0,25-48 months,3588.1499999999996,4,2,Medium,High
CUST04966,Female,50,29,Monthly,4767.1,Credit Card,DSL,2,0,369.66,1,0,8,1,138245.9,0,25-48 months,4767.1,2,1,Low,High
CUST04967,Male,33,70,Two Year,2410.75,Bank Transfer,Unknown,4,0,23.0,6,10,10,0,151877.25,0,49-72 months,2169.675,4,0,Low,High
CUST04968,Male,55,17,One Year,2041.56,Cash,DSL,2,1,289.51,11,5,9,1,32971.19,0,13-24 months,1939.482,3,2,Medium,High
CUST04969,Male,52,14,One Year,3577.31,Debit Card,DSL,3,1,226.28,16,5,4,0,47578.22,0,13-24 months,3398.4444999999996,4,1,Medium,Medium
CUST04970,Female,51,24,Monthly,4134.01,Cash,Fiber,2,0,217.76,2,15,7,1,84333.8,0,13-24 months,3513.9085,2,1,Low,Medium
CUST04971,Female,45,57,Monthly,1361.5,Credit Card,DSL,5,0,261.2,3,5,3,1,73725.22,0,49-72 months,1293.425,5,1,Low,Low
CUST04972,Female,19,50,Monthly,4310.6,Credit Card,Fiber,3,1,66.22,11,0,8,1,215530.0,0,49-72 months,4310.6,4,2,Medium,High
CUST04973,Female,47,57,Monthly,760.34,Credit Card,Fiber,0,1,468.05,9,0,7,0,43339.38,0,49-72 months,760.34,1,1,Low,Medium
CUST04974,Female,30,61,Two Year,528.77,Bank Transfer,DSL,0,0,353.83,7,0,8,3,32254.97,0,49-72 months,528.77,0,3,Low,High
CUST04975,Female,58,39,One Year,1212.92,Debit Card,DSL,2,0,47.0,4,0,9,2,47303.88,0,25-48 months,1212.92,2,2,Low,High
CUST04976,Female,33,55,Monthly,4904.0,Cash,Fiber,6,1,44.33,28,15,6,0,229262.0,0,49-72 months,4168.4,7,1,High,Medium
CUST04977,Male,22,36,One Year,2856.04,UPI,DSL,4,3,109.28,10,10,4,1,92535.7,0,25-48 months,2570.436,7,4,Low,Medium
CUST04978,Male,45,37,Monthly,709.55,Credit Card,Fiber,5,0,123.66,1,0,3,0,26253.35,0,25-48 months,709.55,5,0,Low,Low
CUST04979,Female,70,14,Monthly,4987.29,Cash,Unknown,3,0,248.61,13,0,3,0,69822.06,0,13-24 months,4987.29,3,0,Medium,Low
CUST04980,Female,56,27,Two Year,3852.1,Cash,Fiber,3,2,270.55,4,5,6,2,98806.36,0,25-48 months,3659.495,5,4,Low,Medium
CUST04981,Female,62,31,Monthly,4271.02,Bank Transfer,Fiber,2,1,77.17,26,0,8,1,132401.62,0,25-48 months,4271.02,3,2,High,High
CUST04982,Male,37,44,Two Year,1458.23,Debit Card,DSL,2,0,486.9,13,0,8,1,64162.12,0,25-48 months,1458.23,2,1,Medium,High
CUST04983,Male,41,68,Monthly,974.52,Bank Transfer,DSL,0,0,413.26,22,15,8,1,56327.26,0,49-72 months,828.342,0,1,High,High
CUST04984,Female,44,48,One Year,2817.88,Bank Transfer,DSL,4,0,318.58,24,5,9,0,128495.33,0,25-48 months,2676.986,4,0,High,High
CUST04985,Female,47,57,Monthly,3974.79,Cash,DSL,1,0,142.56,11,10,1,2,203906.73,1,49-72 months,3577.311,1,2,Medium,Low
CUST04986,Male,62,22,Monthly,3370.01,Debit Card,Unknown,2,0,455.62,25,0,7,0,74140.22,0,13-24 months,3370.01,2,0,High,Medium
CUST04987,Male,44,4,One Year,3339.77,Debit Card,DSL,3,1,161.05,15,5,10,1,12691.13,0,0-12 months,3172.7815,4,2,Medium,High
CUST04988,Male,43,72,Two Year,3906.93,Debit Card,DSL,1,1,163.02,13,15,9,2,239104.12,0,49-72 months,3320.8905,2,3,Medium,High
CUST04989,Male,24,46,One Year,1521.59,Credit Card,DSL,4,0,179.7,4,10,2,1,62993.83,0,25-48 months,1369.431,4,1,Low,Low
CUST04990,Female,59,59,One Year,3476.84,Debit Card,Unknown,1,1,28.73,6,10,4,0,184620.2,0,49-72 months,3129.1560000000004,2,1,Low,Medium
CUST04991,Male,64,34,Two Year,2264.5,Cash,Fiber,1,5,35.62,2,10,6,1,69293.7,0,25-48 months,2038.05,6,6,Low,Medium
CUST04992,Male,70,11,Monthly,813.89,Credit Card,DSL,3,2,240.52,2,5,4,2,8505.15,1,0-12 months,773.1954999999999,5,4,Low,Medium
CUST04993,Female,55,31,Monthly,1409.64,UPI,DSL,2,0,441.47,6,20,9,2,34959.07,0,25-48 months,1127.7120000000002,2,2,Low,High
CUST04994,Male,22,11,Monthly,4073.02,Bank Transfer,Fiber,2,0,471.48,25,15,10,1,38082.74,0,0-12 months,3462.067,2,1,High,High
CUST04995,Male,40,56,One Year,4531.69,Debit Card,DSL,4,2,388.98,3,10,1,3,228397.18,0,49-72 months,4078.5209999999997,6,5,Low,Low
CUST04996,Male,45,38,Two Year,1772.7,UPI,Fiber,2,0,205.19,20,10,9,0,60626.34,0,25-48 months,1595.43,2,0,Medium,High
CUST04997,Female,51,21,One Year,1356.62,Debit Card,Fiber,2,0,158.69,27,0,10,4,28489.02,0,13-24 months,1356.62,2,4,High,High
CUST04998,Male,70,10,Two Year,2706.835,Bank Transfer,Unknown,4,0,111.77,25,5,1,2,5892.47,0,0-12 months,2571.49325,4,2,High,Low
CUST04999,Female,32,26,One Year,4764.64,Cash,Fiber,2,0,271.53,25,5,1,0,117686.61,0,25-48 months,4526.408,2,0,High,Low
CUST05000,Female,49,8,Monthly,3577.35,Cash,DSL,4,0,243.82,11,0,5,2,28618.8,1,0-12 months,3577.35,4,2,Medium,Medium
